datetime,open,high,low,close,volume
2026-03-10T18:45:00+00:00,6799.95,6810.56,6796.69,6797.58,16285
2026-03-10T19:00:00+00:00,6797.58,6803.21,6793.19,6802.21,14564
2026-03-10T19:15:00+00:00,6802.21,6807.96,6786.69,6786.69,13974
2026-03-10T19:30:00+00:00,6786.69,6795.69,6778.69,6787.44,19318
2026-03-10T19:45:00+00:00,6787.44,6790.21,6775.19,6782.69,15760
2026-03-10T20:00:00+00:00,6782.69,6796.16,6782.51,6794.91,5504
2026-03-10T20:15:00+00:00,6794.91,6795.16,6789.14,6792.65,2493
2026-03-10T20:30:00+00:00,6792.65,6794.16,6790.14,6791.91,1538
2026-03-10T20:45:00+00:00,6791.91,6793.66,6790.15,6792.24,1785
2026-03-10T22:00:00+00:00,6792.24,6792.49,6784.11,6791.12,1773
2026-03-10T22:15:00+00:00,6791.12,6792.12,6782.1,6782.35,1099
2026-03-10T22:30:00+00:00,6782.35,6784.11,6778.35,6778.87,980
2026-03-10T22:45:00+00:00,6778.87,6782.62,6778.87,6782.62,422
2026-03-10T23:00:00+00:00,6782.62,6786.48,6781.47,6786.12,730
2026-03-10T23:15:00+00:00,6786.12,6787.99,6785.22,6786.6,690
2026-03-10T23:30:00+00:00,6786.6,6787.11,6784.85,6785.37,670
2026-03-10T23:45:00+00:00,6785.37,6794.73,6784.87,6792.49,1644
2026-03-11T00:00:00+00:00,6792.49,6804.87,6791.47,6802.12,4403
2026-03-11T00:15:00+00:00,6802.12,6808.99,6799.85,6804.35,3920
2026-03-11T00:30:00+00:00,6804.35,6805.61,6801.47,6803.48,2418
2026-03-11T00:45:00+00:00,6803.48,6806.98,6801.97,6804.12,1771
2026-03-11T01:00:00+00:00,6804.12,6808.35,6802.1,6808.35,2430
2026-03-11T01:15:00+00:00,6808.35,6809.87,6806.86,6808.87,1808
2026-03-11T01:30:00+00:00,6808.87,6814.62,6808.12,6813.86,1905
2026-03-11T01:45:00+00:00,6813.86,6814.11,6810.6,6811.99,1309
2026-03-11T02:00:00+00:00,6811.99,6812.37,6808.87,6809.73,1089
2026-03-11T02:15:00+00:00,6809.73,6814.87,6809.73,6811.61,1343
2026-03-11T02:30:00+00:00,6811.61,6811.62,6808.35,6810.97,1231
2026-03-11T02:45:00+00:00,6810.97,6812.62,6809.85,6811.86,602
2026-03-11T03:00:00+00:00,6811.86,6812.87,6809.6,6811.11,800
2026-03-11T03:15:00+00:00,6811.11,6812.37,6810.85,6811.87,445
2026-03-11T03:30:00+00:00,6811.87,6817.35,6811.87,6816.6,939
2026-03-11T03:45:00+00:00,6816.6,6818.1,6814.6,6817.12,637
2026-03-11T04:00:00+00:00,6817.12,6817.37,6814.23,6815.86,527
2026-03-11T04:15:00+00:00,6815.86,6816.62,6815.35,6816.35,364
2026-03-11T04:30:00+00:00,6816.35,6816.62,6811.85,6811.87,611
2026-03-11T04:45:00+00:00,6811.87,6813.61,6809.86,6810.86,579
2026-03-11T05:00:00+00:00,6810.86,6811.74,6803.36,6804.87,1881
2026-03-11T05:15:00+00:00,6804.87,6808.61,6804.1,6806.35,1558
2026-03-11T05:30:00+00:00,6806.35,6806.6,6801.85,6801.98,1326
2026-03-11T05:45:00+00:00,6801.98,6802.12,6797.62,6798.49,2443
2026-03-11T06:00:00+00:00,6798.49,6800.62,6794.85,6800.62,3193
2026-03-11T06:15:00+00:00,6800.62,6801.37,6794.1,6796.86,2206
2026-03-11T06:30:00+00:00,6796.86,6803.74,6796.85,6802.86,1771
2026-03-11T06:45:00+00:00,6802.86,6802.86,6798.11,6801.62,812
2026-03-11T07:00:00+00:00,6801.62,6802.99,6794.6,6800.73,2153
2026-03-11T07:15:00+00:00,6800.73,6801.12,6791.6,6792.62,2570
2026-03-11T07:30:00+00:00,6792.62,6794.1,6779.24,6782.62,3584
2026-03-11T07:45:00+00:00,6782.62,6791.36,6780.22,6790.49,3058
2026-03-11T08:00:00+00:00,6790.49,6794.72,6787.35,6794.48,6319
2026-03-11T08:15:00+00:00,6794.48,6795.12,6786.749999999999,6788.869999999999,4562
2026-03-11T08:30:00+00:00,6788.869999999999,6794.61,6780.619999999999,6783.129999999999,5142
2026-03-11T08:45:00+00:00,6783.129999999999,6784.98,6770.11,6776.739999999999,6143
2026-03-11T09:00:00+00:00,6776.739999999999,6777.86,6766.879999999999,6768.369999999999,5625
2026-03-11T09:15:00+00:00,6768.369999999999,6777.629999999999,6766.48,6766.61,3941
2026-03-11T09:30:00+00:00,6766.61,6773.499999999999,6765.879999999999,6769.11,3864
2026-03-11T09:45:00+00:00,6769.11,6773.119999999999,6763.249999999999,6764.499999999999,3156
2026-03-11T10:00:00+00:00,6764.499999999999,6782.379999999999,6763.879999999999,6782.119999999999,4019
2026-03-11T10:15:00+00:00,6782.119999999999,6784.23,6778.249999999999,6783.11,3337
2026-03-11T10:30:00+00:00,6783.11,6794.119999999999,6781.619999999999,6793.36,3991
2026-03-11T10:45:00+00:00,6793.36,6795.129999999999,6791.11,6794.629999999999,3198
2026-03-11T11:00:00+00:00,6794.629999999999,6800.61,6792.61,6797.619999999999,3693
2026-03-11T11:15:00+00:00,6797.619999999999,6799.129999999999,6782.379999999999,6783.86,3605
2026-03-11T11:30:00+00:00,6783.86,6786.369999999999,6776.119999999999,6780.119999999999,4156
2026-03-11T11:45:00+00:00,6780.119999999999,6783.73,6768.739999999999,6774.239999999999,7119
2026-03-11T12:00:00+00:00,6774.239999999999,6779.879999999999,6771.869999999999,6775.629999999999,4135
2026-03-11T12:15:00+00:00,6775.629999999999,6783.879999999999,6773.86,6783.879999999999,4038
2026-03-11T12:30:00+00:00,6783.879999999999,6793.629999999999,6763.369999999999,6765.98,6433
2026-03-11T12:45:00+00:00,6765.98,6769.36,6759.11,6766.36,7728
2026-03-11T13:00:00+00:00,6766.36,6780.129999999999,6766.36,6769.629999999999,8260
2026-03-11T13:15:00+00:00,6769.629999999999,6786.869999999999,6768.98,6786.869999999999,5950
2026-03-11T13:30:00+00:00,6786.869999999999,6796.659999999999,6783.429999999999,6785.159999999999,26247
2026-03-11T13:45:00+00:00,6785.159999999999,6793.039999999999,6773.03,6790.669999999999,22592
2026-03-11T14:00:00+00:00,6790.669999999999,6812.429999999999,6781.929999999999,6791.909999999999,33069
2026-03-11T14:15:00+00:00,6791.909999999999,6793.909999999999,6763.409999999999,6773.179999999999,22241
2026-03-11T14:30:00+00:00,6773.179999999999,6788.03,6763.409999999999,6784.909999999999,19321
2026-03-11T14:45:00+00:00,6784.909999999999,6795.299999999999,6781.549999999999,6792.169999999999,13799
2026-03-11T15:00:00+00:00,6792.169999999999,6797.929999999999,6764.169999999999,6769.429999999999,15385
2026-03-11T15:15:00+00:00,6769.429999999999,6776.679999999999,6757.679999999999,6758.179999999999,15418
2026-03-11T15:30:00+00:00,6758.179999999999,6764.179999999999,6752.429999999999,6753.679999999999,14642
2026-03-11T15:45:00+00:00,6753.679999999999,6761.669999999999,6747.909999999999,6753.429999999999,12341
2026-03-11T16:00:00+00:00,6753.429999999999,6755.179999999999,6746.659999999999,6754.669999999999,10892
2026-03-11T16:15:00+00:00,6754.669999999999,6758.429999999999,6748.659999999999,6758.409999999999,10686
2026-03-11T16:30:00+00:00,6758.409999999999,6771.669999999999,6758.159999999999,6766.049999999999,9833
2026-03-11T16:45:00+00:00,6766.049999999999,6774.429999999999,6762.919999999999,6774.159999999999,7199
2026-03-11T17:00:00+00:00,6774.159999999999,6776.929999999999,6766.909999999999,6768.679999999999,6405
2026-03-11T17:15:00+00:00,6768.679999999999,6779.179999999999,6764.919999999999,6775.669999999999,6791
2026-03-11T17:30:00+00:00,6775.669999999999,6777.679999999999,6744.909999999999,6756.659999999999,16943
2026-03-11T17:45:00+00:00,6756.659999999999,6768.799999999999,6753.659999999999,6761.039999999999,14428
2026-03-11T18:00:00+00:00,6761.039999999999,6763.179999999999,6748.179999999999,6754.659999999999,9181
2026-03-11T18:15:00+00:00,6754.659999999999,6766.179999999999,6753.659999999999,6764.159999999999,8767
2026-03-11T18:30:00+00:00,6764.159999999999,6767.179999999999,6759.409999999999,6761.919999999999,7244
2026-03-11T18:45:00+00:00,6761.919999999999,6768.929999999999,6758.909999999999,6764.179999999999,6797
2026-03-11T19:00:00+00:00,6764.179999999999,6766.179999999999,6754.909999999999,6756.169999999999,6576
2026-03-11T19:15:00+00:00,6756.169999999999,6763.659999999999,6754.679999999999,6761.179999999999,5630
2026-03-11T19:30:00+00:00,6761.179999999999,6773.679999999999,6758.909999999999,6772.169999999999,4754
2026-03-11T19:45:00+00:00,6772.169999999999,6777.169999999999,6765.659999999999,6774.919999999999,5024
2026-03-11T20:00:00+00:00,6774.919999999999,6776.619999999999,6766.369999999999,6771.619999999999,2168
2026-03-11T20:15:00+00:00,6771.619999999999,6772.879999999999,6770.369999999999,6772.119999999999,709
2026-03-11T20:30:00+00:00,6772.119999999999,6772.619999999999,6770.86,6772.11,300
2026-03-11T20:45:00+00:00,6772.11,6772.129999999999,6762.869999999999,6764.73,536
2026-03-11T22:00:00+00:00,6764.73,6764.799999999999,6750.5599999999995,6754.0599999999995,3392
2026-03-11T22:15:00+00:00,6754.0599999999995,6754.659999999999,6738.929999999999,6742.789999999999,2917
2026-03-11T22:30:00+00:00,6742.789999999999,6744.909999999999,6730.549999999999,6734.419999999999,2892
2026-03-11T22:45:00+00:00,6734.419999999999,6738.0599999999995,6731.3099999999995,6737.039999999999,2364
2026-03-11T23:00:00+00:00,6737.039999999999,6738.0599999999995,6725.929999999999,6732.5599999999995,3447
2026-03-11T23:15:00+00:00,6732.5599999999995,6736.5599999999995,6724.789999999999,6725.0599999999995,2495
2026-03-11T23:30:00+00:00,6725.0599999999995,6725.3099999999995,6711.289999999999,6711.5599999999995,4528
2026-03-11T23:45:00+00:00,6711.5599999999995,6724.3099999999995,6710.409999999999,6724.299999999999,3829
2026-03-12T00:00:00+00:00,6724.299999999999,6724.909999999999,6711.669999999999,6714.0599999999995,4777
2026-03-12T00:15:00+00:00,6714.0599999999995,6720.429999999999,6710.669999999999,6718.049999999999,4079
2026-03-12T00:30:00+00:00,6718.049999999999,6726.5599999999995,6717.539999999999,6723.789999999999,2407
2026-03-12T00:45:00+00:00,6723.789999999999,6726.429999999999,6721.039999999999,6723.0599999999995,2891
2026-03-12T01:00:00+00:00,6723.0599999999995,6724.8099999999995,6717.039999999999,6719.659999999999,4807
2026-03-12T01:15:00+00:00,6719.659999999999,6727.799999999999,6719.539999999999,6727.549999999999,3298
2026-03-12T01:30:00+00:00,6727.549999999999,6733.5599999999995,6727.409999999999,6732.049999999999,2326
2026-03-12T01:45:00+00:00,6732.049999999999,6732.3099999999995,6716.919999999999,6721.929999999999,3172
2026-03-12T02:00:00+00:00,6721.929999999999,6724.0599999999995,6719.789999999999,6719.789999999999,2687
2026-03-12T02:15:00+00:00,6719.789999999999,6722.299999999999,6713.549999999999,6714.039999999999,2732
2026-03-12T02:30:00+00:00,6714.039999999999,6714.8099999999995,6701.039999999999,6707.299999999999,4130
2026-03-12T02:45:00+00:00,6707.299999999999,6709.0599999999995,6702.539999999999,6707.3099999999995,3082
2026-03-12T03:00:00+00:00,6707.3099999999995,6713.429999999999,6706.789999999999,6708.049999999999,2201
2026-03-12T03:15:00+00:00,6708.049999999999,6710.419999999999,6705.5599999999995,6706.039999999999,1594
2026-03-12T03:30:00+00:00,6706.039999999999,6706.909999999999,6701.549999999999,6703.539999999999,2619
2026-03-12T03:45:00+00:00,6703.539999999999,6708.419999999999,6702.289999999999,6708.159999999999,1918
2026-03-12T04:00:00+00:00,6708.159999999999,6713.0599999999995,6707.039999999999,6711.8099999999995,1679
2026-03-12T04:15:00+00:00,6711.8099999999995,6714.799999999999,6710.669999999999,6713.289999999999,1372
2026-03-12T04:30:00+00:00,6713.289999999999,6713.799999999999,6705.039999999999,6705.299999999999,1410
2026-03-12T04:45:00+00:00,6705.299999999999,6707.8099999999995,6704.539999999999,6705.549999999999,1171
2026-03-12T05:00:00+00:00,6705.549999999999,6718.299999999999,6705.289999999999,6715.299999999999,4220
2026-03-12T05:15:00+00:00,6715.299999999999,6716.549999999999,6711.789999999999,6713.679999999999,2577
2026-03-12T05:30:00+00:00,6713.679999999999,6717.0599999999995,6711.789999999999,6716.3099999999995,2351
2026-03-12T05:45:00+00:00,6716.3099999999995,6717.299999999999,6708.539999999999,6716.049999999999,3077
2026-03-12T06:00:00+00:00,6716.049999999999,6716.049999999999,6711.0599999999995,6712.539999999999,2555
2026-03-12T06:15:00+00:00,6712.539999999999,6720.159999999999,6712.539999999999,6719.549999999999,2644
2026-03-12T06:30:00+00:00,6719.549999999999,6723.0599999999995,6718.789999999999,6722.8099999999995,1752
2026-03-12T06:45:00+00:00,6722.8099999999995,6726.8099999999995,6722.039999999999,6725.679999999999,1157
2026-03-12T07:00:00+00:00,6725.679999999999,6729.5599999999995,6725.539999999999,6729.299999999999,2014
2026-03-12T07:15:00+00:00,6729.299999999999,6733.289999999999,6728.049999999999,6732.159999999999,1985
2026-03-12T07:30:00+00:00,6732.159999999999,6732.429999999999,6726.3099999999995,6731.8099999999995,2232
2026-03-12T07:45:00+00:00,6731.8099999999995,6741.549999999999,6727.929999999999,6741.289999999999,2557
2026-03-12T08:00:00+00:00,6741.289999999999,6751.799999999999,6740.789999999999,6745.5599999999995,5500
2026-03-12T08:15:00+00:00,6745.5599999999995,6749.289999999999,6740.8099999999995,6740.919999999999,3857
2026-03-12T08:30:00+00:00,6740.919999999999,6745.3099999999995,6735.299999999999,6744.789999999999,3630
2026-03-12T08:45:00+00:00,6744.789999999999,6748.909999999999,6740.799999999999,6745.159999999999,3051
2026-03-12T09:00:00+00:00,6745.159999999999,6746.549999999999,6734.179999999999,6735.299999999999,3300
2026-03-12T09:15:00+00:00,6735.299999999999,6739.0599999999995,6729.039999999999,6738.679999999999,3163
2026-03-12T09:30:00+00:00,6738.679999999999,6752.039999999999,6738.3099999999995,6750.429999999999,4176
2026-03-12T09:45:00+00:00,6750.429999999999,6753.5599999999995,6747.289999999999,6752.549999999999,3146
2026-03-12T10:00:00+00:00,6752.549999999999,6755.179999999999,6746.789999999999,6750.5599999999995,2810
2026-03-12T10:15:00+00:00,6750.5599999999995,6750.5599999999995,6745.159999999999,6746.3099999999995,2556
2026-03-12T10:30:00+00:00,6746.3099999999995,6755.409999999999,6744.039999999999,6745.8099999999995,3779
2026-03-12T10:45:00+00:00,6745.8099999999995,6749.539999999999,6741.799999999999,6743.8099999999995,2796
2026-03-12T11:00:00+00:00,6743.8099999999995,6744.8099999999995,6737.289999999999,6738.179999999999,2941
2026-03-12T11:15:00+00:00,6738.179999999999,6745.289999999999,6737.419999999999,6742.909999999999,3134
2026-03-12T11:30:00+00:00,6742.909999999999,6755.5599999999995,6742.909999999999,6752.8099999999995,3450
2026-03-12T11:45:00+00:00,6752.8099999999995,6752.8099999999995,6737.299999999999,6737.799999999999,3715
2026-03-12T12:00:00+00:00,6737.799999999999,6739.3099999999995,6725.3099999999995,6731.669999999999,5135
2026-03-12T12:15:00+00:00,6731.669999999999,6735.409999999999,6728.049999999999,6734.679999999999,3976
2026-03-12T12:30:00+00:00,6734.679999999999,6734.679999999999,6724.5599999999995,6729.179999999999,5019
2026-03-12T12:45:00+00:00,6729.179999999999,6732.909999999999,6725.289999999999,6732.789999999999,5084
2026-03-12T13:00:00+00:00,6732.789999999999,6736.3099999999995,6725.0599999999995,6725.0599999999995,4509
2026-03-12T13:15:00+00:00,6725.0599999999995,6727.539999999999,6714.049999999999,6721.8099999999995,10909
2026-03-12T13:30:00+00:00,6721.8099999999995,6727.11,6709.589999999999,6713.599999999999,30837
2026-03-12T13:45:00+00:00,6713.599999999999,6719.61,6692.36,6698.849999999999,21860
2026-03-12T14:00:00+00:00,6698.849999999999,6722.089999999999,6698.849999999999,6720.849999999999,19757
2026-03-12T14:15:00+00:00,6720.849999999999,6722.589999999999,6691.589999999999,6691.589999999999,15937
2026-03-12T14:30:00+00:00,6691.589999999999,6701.599999999999,6683.839999999999,6700.11,14525
2026-03-12T14:45:00+00:00,6700.11,6716.219999999999,6691.589999999999,6695.86,23624
2026-03-12T15:00:00+00:00,6695.86,6698.589999999999,6680.099999999999,6684.349999999999,14129
2026-03-12T15:15:00+00:00,6684.349999999999,6698.23,6681.349999999999,6692.849999999999,10839
2026-03-12T15:30:00+00:00,6692.849999999999,6713.61,6683.089999999999,6708.839999999999,20859
2026-03-12T15:45:00+00:00,6708.839999999999,6710.86,6695.86,6704.23,18908
2026-03-12T16:00:00+00:00,6704.23,6713.86,6688.339999999999,6700.099999999999,14789
2026-03-12T16:15:00+00:00,6700.099999999999,6724.36,6697.61,6699.48,14937
2026-03-12T16:30:00+00:00,6699.48,6713.599999999999,6694.36,6708.349999999999,15735
2026-03-12T16:45:00+00:00,6708.349999999999,6709.099999999999,6691.849999999999,6699.459999999999,14034
2026-03-12T17:00:00+00:00,6699.459999999999,6714.36,6697.61,6698.209999999999,12951
2026-03-12T17:15:00+00:00,6698.209999999999,6705.099999999999,6691.86,6696.849999999999,11785
2026-03-12T17:30:00+00:00,6696.849999999999,6709.11,6695.839999999999,6696.73,10832
2026-03-12T17:45:00+00:00,6696.73,6699.469999999999,6684.089999999999,6692.839999999999,10438
2026-03-12T18:00:00+00:00,6692.839999999999,6702.86,6692.839999999999,6700.339999999999,8944
2026-03-12T18:15:00+00:00,6700.339999999999,6703.589999999999,6688.089999999999,6693.339999999999,8859
2026-03-12T18:30:00+00:00,6693.339999999999,6696.11,6686.339999999999,6688.36,7207
2026-03-12T18:45:00+00:00,6688.36,6693.11,6683.339999999999,6684.589999999999,6566
2026-03-12T19:00:00+00:00,6684.589999999999,6691.599999999999,6680.089999999999,6686.599999999999,9801
2026-03-12T19:15:00+00:00,6686.599999999999,6695.11,6684.589999999999,6691.099999999999,6889
2026-03-12T19:30:00+00:00,6691.099999999999,6698.099999999999,6682.089999999999,6683.599999999999,6550
2026-03-12T19:45:00+00:00,6683.599999999999,6683.839999999999,6670.36,6671.589999999999,10891
2026-03-12T20:00:00+00:00,6671.589999999999,6678.0599999999995,6667.159999999999,6671.3099999999995,4320
2026-03-12T20:15:00+00:00,6671.3099999999995,6678.5599999999995,6670.549999999999,6675.539999999999,1592
2026-03-12T20:30:00+00:00,6675.539999999999,6678.289999999999,6674.039999999999,6677.299999999999,921
2026-03-12T20:45:00+00:00,6677.299999999999,6682.789999999999,6676.909999999999,6680.639999999999,711
2026-03-12T22:00:00+00:00,6680.639999999999,6683.419999999999,6674.049999999999,6676.94,4117
2026-03-12T22:15:00+00:00,6676.94,6682.44,6672.669999999999,6682.3099999999995,1689
2026-03-12T22:30:00+00:00,6682.3099999999995,6688.289999999999,6681.19,6686.44,1710
2026-03-12T22:45:00+00:00,6686.44,6688.179999999999,6682.919999999999,6685.94,1161
2026-03-12T23:00:00+00:00,6685.94,6690.929999999999,6685.169999999999,6685.94,1437
2026-03-12T23:15:00+00:00,6685.94,6686.19,6681.169999999999,6684.419999999999,1231
2026-03-12T23:30:00+00:00,6684.419999999999,6686.799999999999,6679.919999999999,6683.8099999999995,1361
2026-03-12T23:45:00+00:00,6683.8099999999995,6683.8099999999995,6674.669999999999,6675.19,2118
2026-03-13T00:00:00+00:00,6675.19,6687.419999999999,6666.919999999999,6687.419999999999,4609
2026-03-13T00:15:00+00:00,6687.419999999999,6701.289999999999,6687.419999999999,6696.94,4997
2026-03-13T00:30:00+00:00,6696.94,6702.3099999999995,6696.19,6696.919999999999,3718
2026-03-13T00:45:00+00:00,6696.919999999999,6700.179999999999,6693.919999999999,6697.669999999999,3228
2026-03-13T01:00:00+00:00,6697.669999999999,6706.179999999999,6697.429999999999,6702.539999999999,4212
2026-03-13T01:15:00+00:00,6702.539999999999,6704.549999999999,6699.669999999999,6701.179999999999,2720
2026-03-13T01:30:00+00:00,6701.179999999999,6702.44,6698.169999999999,6698.799999999999,2147
2026-03-13T01:45:00+00:00,6698.799999999999,6699.679999999999,6695.669999999999,6697.669999999999,2090
2026-03-13T02:00:00+00:00,6697.669999999999,6702.19,6696.679999999999,6696.929999999999,2517
2026-03-13T02:15:00+00:00,6696.929999999999,6697.94,6694.669999999999,6695.419999999999,1822
2026-03-13T02:30:00+00:00,6695.419999999999,6698.669999999999,6692.19,6692.8099999999995,2015
2026-03-13T02:45:00+00:00,6692.8099999999995,6695.44,6691.169999999999,6692.3099999999995,1912
2026-03-13T03:00:00+00:00,6692.3099999999995,6695.94,6689.919999999999,6689.929999999999,2161
2026-03-13T03:15:00+00:00,6689.929999999999,6694.19,6688.539999999999,6691.919999999999,1847
2026-03-13T03:30:00+00:00,6691.919999999999,6694.19,6688.419999999999,6693.19,2141
2026-03-13T03:45:00+00:00,6693.19,6697.69,6693.19,6696.929999999999,1591
2026-03-13T04:00:00+00:00,6696.929999999999,6697.429999999999,6692.679999999999,6692.94,1187
2026-03-13T04:15:00+00:00,6692.94,6693.669999999999,6686.429999999999,6687.679999999999,1509
2026-03-13T04:30:00+00:00,6687.679999999999,6688.69,6683.429999999999,6688.429999999999,1511
2026-03-13T04:45:00+00:00,6688.429999999999,6688.679999999999,6685.169999999999,6686.679999999999,1317
2026-03-13T05:00:00+00:00,6686.679999999999,6688.299999999999,6682.179999999999,6683.19,1876
2026-03-13T05:15:00+00:00,6683.19,6688.94,6682.69,6688.179999999999,1853
2026-03-13T05:30:00+00:00,6688.179999999999,6691.929999999999,6686.419999999999,6686.799999999999,1941
2026-03-13T05:45:00+00:00,6686.799999999999,6689.429999999999,6685.669999999999,6688.69,1468
2026-03-13T06:00:00+00:00,6688.69,6690.0599999999995,6684.049999999999,6686.169999999999,2307
2026-03-13T06:15:00+00:00,6686.169999999999,6686.419999999999,6676.669999999999,6678.679999999999,2687
2026-03-13T06:30:00+00:00,6678.679999999999,6680.19,6670.919999999999,6671.69,3130
2026-03-13T06:45:00+00:00,6671.69,6672.3099999999995,6662.669999999999,6663.3099999999995,2697
2026-03-13T07:00:00+00:00,6663.3099999999995,6664.69,6649.679999999999,6650.929999999999,5266
2026-03-13T07:15:00+00:00,6650.929999999999,6656.5599999999995,6645.669999999999,6655.049999999999,4533
2026-03-13T07:30:00+00:00,6655.049999999999,6659.429999999999,6653.169999999999,6654.929999999999,3760
2026-03-13T07:45:00+00:00,6654.929999999999,6655.799999999999,6646.169999999999,6651.19,3713
2026-03-13T08:00:00+00:00,6651.19,6653.429999999999,6635.669999999999,6638.0599999999995,8632
2026-03-13T08:15:00+00:00,6638.0599999999995,6645.69,6635.419999999999,6639.789999999999,6142
2026-03-13T08:30:00+00:00,6639.789999999999,6656.419999999999,6639.539999999999,6652.169999999999,6102
2026-03-13T08:45:00+00:00,6652.169999999999,6667.19,6649.419999999999,6664.44,4974
2026-03-13T09:00:00+00:00,6664.44,6678.799999999999,6664.3099999999995,6668.919999999999,7267
2026-03-13T09:15:00+00:00,6668.919999999999,6672.289999999999,6664.919999999999,6669.179999999999,4336
2026-03-13T09:30:00+00:00,6669.179999999999,6671.69,6666.039999999999,6670.679999999999,4048
2026-03-13T09:45:00+00:00,6670.679999999999,6675.679999999999,6667.679999999999,6669.289999999999,3478
2026-03-13T10:00:00+00:00,6669.289999999999,6683.69,6668.289999999999,6683.169999999999,4078
2026-03-13T10:15:00+00:00,6683.169999999999,6689.039999999999,6680.669999999999,6681.94,3123
2026-03-13T10:30:00+00:00,6681.94,6682.69,6677.669999999999,6679.799999999999,2850
2026-03-13T10:45:00+00:00,6679.799999999999,6689.429999999999,6678.429999999999,6689.0599999999995,5178
2026-03-13T11:00:00+00:00,6689.0599999999995,6696.679999999999,6686.299999999999,6689.3099999999995,5343
2026-03-13T11:15:00+00:00,6689.3099999999995,6698.44,6685.669999999999,6693.0599999999995,4636
2026-03-13T11:30:00+00:00,6693.0599999999995,6696.789999999999,6690.299999999999,6696.789999999999,3578
2026-03-13T11:45:00+00:00,6696.789999999999,6701.94,6694.169999999999,6701.429999999999,3777
2026-03-13T12:00:00+00:00,6701.429999999999,6704.94,6693.929999999999,6698.44,3667
2026-03-13T12:15:00+00:00,6698.44,6700.429999999999,6692.929999999999,6699.0599999999995,3717
2026-03-13T12:30:00+00:00,6699.0599999999995,6705.179999999999,6694.69,6700.929999999999,5427
2026-03-13T12:45:00+00:00,6700.929999999999,6719.929999999999,6700.429999999999,6705.429999999999,10980
2026-03-13T13:00:00+00:00,6705.429999999999,6707.799999999999,6697.669999999999,6703.19,7629
2026-03-13T13:15:00+00:00,6703.19,6707.69,6700.419999999999,6702.44,5670
2026-03-13T13:30:00+00:00,6702.44,6728.739999999999,6698.73,6728.739999999999,32823
2026-03-13T13:45:00+00:00,6728.739999999999,6732.489999999999,6713.099999999999,6714.61,21639
2026-03-13T14:00:00+00:00,6714.61,6721.599999999999,6696.839999999999,6697.73,22208
2026-03-13T14:15:00+00:00,6697.73,6701.239999999999,6686.36,6697.48,20975
2026-03-13T14:30:00+00:00,6697.48,6711.489999999999,6681.469999999999,6681.719999999999,20670
2026-03-13T14:45:00+00:00,6681.719999999999,6684.719999999999,6659.23,6661.989999999999,22463
2026-03-13T15:00:00+00:00,6661.989999999999,6678.239999999999,6654.219999999999,6677.48,19922
2026-03-13T15:15:00+00:00,6677.48,6677.989999999999,6653.469999999999,6654.73,16015
2026-03-13T15:30:00+00:00,6654.73,6662.23,6642.339999999999,6645.599999999999,16712
2026-03-13T15:45:00+00:00,6645.599999999999,6660.489999999999,6639.849999999999,6642.469999999999,19173
2026-03-13T16:00:00+00:00,6642.469999999999,6658.489999999999,6642.469999999999,6648.219999999999,14227
2026-03-13T16:15:00+00:00,6648.219999999999,6654.98,6643.469999999999,6652.219999999999,13789
2026-03-13T16:30:00+00:00,6652.219999999999,6661.239999999999,6646.219999999999,6646.489999999999,13976
2026-03-13T16:45:00+00:00,6646.489999999999,6658.969999999999,6640.48,6642.469999999999,12453
2026-03-13T17:00:00+00:00,6642.469999999999,6655.989999999999,6640.219999999999,6655.969999999999,10352
2026-03-13T17:15:00+00:00,6655.969999999999,6659.849999999999,6646.969999999999,6652.489999999999,9874
2026-03-13T17:30:00+00:00,6652.489999999999,6653.989999999999,6643.73,6648.219999999999,10461
2026-03-13T17:45:00+00:00,6648.219999999999,6650.469999999999,6629.469999999999,6634.969999999999,10628
2026-03-13T18:00:00+00:00,6634.969999999999,6643.989999999999,6634.469999999999,6642.469999999999,8153
2026-03-13T18:15:00+00:00,6642.469999999999,6645.98,6633.719999999999,6641.989999999999,7087
2026-03-13T18:30:00+00:00,6641.989999999999,6654.469999999999,6639.969999999999,6653.36,7062
2026-03-13T18:45:00+00:00,6653.36,6656.739999999999,6648.239999999999,6650.719999999999,7211
2026-03-13T19:00:00+00:00,6650.719999999999,6650.739999999999,6641.469999999999,6643.969999999999,7672
2026-03-13T19:15:00+00:00,6643.969999999999,6647.849999999999,6630.219999999999,6632.239999999999,8328
2026-03-13T19:30:00+00:00,6632.239999999999,6638.48,6622.239999999999,6625.469999999999,7953
2026-03-13T19:45:00+00:00,6625.469999999999,6633.73,6622.469999999999,6631.989999999999,7952
2026-03-13T20:00:00+00:00,6631.989999999999,6632.94,6623.299999999999,6625.929999999999,3417
2026-03-13T20:15:00+00:00,6625.929999999999,6629.68,6625.69,6627.93,1176
2026-03-13T20:30:00+00:00,6627.93,6632.67,6627.91,6629.27,765
2026-03-15T22:00:00+00:00,6629.27,6638.8,6608.8,6619.91,8615
2026-03-15T22:15:00+00:00,6619.91,6624.8,6613.3,6622.42,3124
2026-03-15T22:30:00+00:00,6622.42,6636.05,6617.79,6635.78,2223
2026-03-15T22:45:00+00:00,6635.78,6655.53,6633.29,6653.28,3931
2026-03-15T23:00:00+00:00,6653.28,6660.05,6643.17,6648.54,5580
2026-03-15T23:15:00+00:00,6648.54,6649.8,6642.78,6643.8,2728
2026-03-15T23:30:00+00:00,6643.8,6647.8,6638.53,6644.28,2904
2026-03-15T23:45:00+00:00,6644.28,6649.92,6644.05,6646.04,3818
2026-03-16T00:00:00+00:00,6646.04,6665.53,6645.9,6663.29,7089
2026-03-16T00:15:00+00:00,6663.29,6666.8,6656.03,6657.53,3642
2026-03-16T00:30:00+00:00,6657.53,6662.29,6656.03,6658.8,2583
2026-03-16T00:45:00+00:00,6658.8,6664.4,6657.03,6662.05,2950
2026-03-16T01:00:00+00:00,6662.05,6665.54,6657.78,6659.3,3755
2026-03-16T01:15:00+00:00,6659.3,6665.55,6658.92,6659.03,3412
2026-03-16T01:30:00+00:00,6659.03,6660.55,6653.42,6656.79,4503
2026-03-16T01:45:00+00:00,6656.79,6668.79,6656.65,6666.66,3054
2026-03-16T02:00:00+00:00,6666.66,6667.29,6661.03,6662.04,3089
2026-03-16T02:15:00+00:00,6662.04,6663.8,6657.67,6658.53,2712
2026-03-16T02:30:00+00:00,6658.53,6659.42,6655.8,6657.3,2031
2026-03-16T02:45:00+00:00,6657.3,6662.05,6656.53,6658.78,2079
2026-03-16T03:00:00+00:00,6658.78,6661.55,6658.78,6660.3,1343
2026-03-16T03:15:00+00:00,6660.3,6664.41,6659.78,6664.05,1169
2026-03-16T03:30:00+00:00,6664.05,6666.78,6663.92,6666.55,1290
2026-03-16T03:45:00+00:00,6666.55,6671.55,6665.78,6669.79,1199
2026-03-16T04:00:00+00:00,6669.79,6670.55,6668.53,6668.78,825
2026-03-16T04:15:00+00:00,6668.78,6672.55,6668.78,6668.92,1033
2026-03-16T04:30:00+00:00,6668.92,6669.17,6665.78,6665.79,526
2026-03-16T04:45:00+00:00,6665.79,6667.66,6662.54,6662.54,927
2026-03-16T05:00:00+00:00,6662.54,6667.3,6662.53,6666.8,1150
2026-03-16T05:15:00+00:00,6666.8,6667.05,6663.41,6664.41,1118
2026-03-16T05:30:00+00:00,6664.41,6670.54,6662.78,6669.28,1189
2026-03-16T05:45:00+00:00,6669.28,6675.55,6669.28,6674.8,1370
2026-03-16T06:00:00+00:00,6674.8,6676.92,6673.4,6674.53,1449
2026-03-16T06:15:00+00:00,6674.53,6675.28,6668.8,6669.54,909
2026-03-16T06:30:00+00:00,6669.54,6673.3,6669.53,6671.05,857
2026-03-16T06:45:00+00:00,6671.05,6676.78,6670.03,6676.54,1057
2026-03-16T07:00:00+00:00,6676.54,6680.3,6670.28,6670.65,2843
2026-03-16T07:15:00+00:00,6670.65,6671.79,6666.03,6667.03,2292
2026-03-16T07:30:00+00:00,6667.03,6670.17,6658.79,6662.53,3566
2026-03-16T07:45:00+00:00,6662.53,6668.28,6659.78,6662.16,2725
2026-03-16T08:00:00+00:00,6662.16,6676.8,6661.4,6666.53,6435
2026-03-16T08:15:00+00:00,6666.53,6673.54,6661.03,6666.9,6184
2026-03-16T08:30:00+00:00,6666.9,6670.55,6658.78,6659.53,5515
2026-03-16T08:45:00+00:00,6659.53,6667.92,6657.03,6663.92,4884
2026-03-16T09:00:00+00:00,6663.92,6665.16,6652.55,6661.55,4908
2026-03-16T09:15:00+00:00,6661.55,6663.53,6657.29,6659.28,4820
2026-03-16T09:30:00+00:00,6659.28,6659.28,6651.03,6651.3,4365
2026-03-16T09:45:00+00:00,6651.3,6660.8,6649.28,6653.53,4662
2026-03-16T10:00:00+00:00,6653.53,6663.3,6652.3,6662.04,5140
2026-03-16T10:15:00+00:00,6662.04,6676.05,6661.53,6673.16,4570
2026-03-16T10:30:00+00:00,6673.16,6675.78,6667.3,6671.04,4430
2026-03-16T10:45:00+00:00,6671.04,6683.55,6669.03,6682.4,4497
2026-03-16T11:00:00+00:00,6682.4,6682.4,6676.28,6678.79,4666
2026-03-16T11:15:00+00:00,6678.79,6681.8,6673.28,6674.78,3625
2026-03-16T11:30:00+00:00,6674.78,6687.54,6674.28,6686.17,3974
2026-03-16T11:45:00+00:00,6686.17,6688.04,6681.78,6685.53,3501
2026-03-16T12:00:00+00:00,6685.53,6699.05,6685.53,6697.55,3906
2026-03-16T12:15:00+00:00,6697.55,6699.05,6690.78,6693.67,3585
2026-03-16T12:30:00+00:00,6693.67,6699.78,6693.15,6698.54,5098
2026-03-16T12:45:00+00:00,6698.54,6701.53,6690.04,6691.91,5196
2026-03-16T13:00:00+00:00,6691.91,6697.91,6691.29,6692.53,5349
2026-03-16T13:15:00+00:00,6692.53,6696.4,6690.78,6694.3,5154
2026-03-16T13:30:00+00:00,6694.3,6708.33,6687.85,6707.35,14396
2026-03-16T13:45:00+00:00,6707.35,6720.08,6705.84,6719.1,12268
2026-03-16T14:00:00+00:00,6719.1,6725.09,6711.08,6717.33,12152
2026-03-16T14:15:00+00:00,6717.33,6724.35,6713.58,6713.58,10695
2026-03-16T14:30:00+00:00,6713.58,6714.35,6691.35,6692.85,13385
2026-03-16T14:45:00+00:00,6692.85,6709.09,6686.33,6709.09,14172
2026-03-16T15:00:00+00:00,6709.09,6709.6,6696.84,6704.7,13251
2026-03-16T15:15:00+00:00,6704.7,6713.85,6698.83,6711.21,9796
2026-03-16T15:30:00+00:00,6711.21,6717.1,6708.33,6709.59,7635
2026-03-16T15:45:00+00:00,6709.59,6713.83,6695.33,6695.33,10197
2026-03-16T16:00:00+00:00,6695.33,6702.35,6692.58,6699.33,12581
2026-03-16T16:15:00+00:00,6699.33,6701.46,6681.96,6684.6,13423
2026-03-16T16:30:00+00:00,6684.6,6699.47,6682.08,6696.96,12901
2026-03-16T16:45:00+00:00,6696.96,6701.35,6692.84,6694.84,9650
2026-03-16T17:00:00+00:00,6694.84,6707.2,6694.59,6704.34,11186
2026-03-16T17:15:00+00:00,6704.34,6708.1,6699.84,6702.83,6541
2026-03-16T17:30:00+00:00,6702.83,6706.35,6696.83,6697.34,6292
2026-03-16T17:45:00+00:00,6697.34,6702.6,6690.34,6698.1,6908
2026-03-16T18:00:00+00:00,6698.1,6708.6,6697.34,6706.1,7934
2026-03-16T18:15:00+00:00,6706.1,6711.6,6705.58,6708.84,5714
2026-03-16T18:30:00+00:00,6708.84,6712.85,6706.6,6712.6,4407
2026-03-16T18:45:00+00:00,6712.6,6713.45,6705.58,6706.59,3609
2026-03-16T19:00:00+00:00,6706.59,6731.09,6703.09,6709.08,12837
2026-03-16T19:15:00+00:00,6709.08,6713.58,6697.58,6703.34,13472
2026-03-16T19:30:00+00:00,6703.34,6704.35,6694.58,6696.35,9358
2026-03-16T19:45:00+00:00,6696.35,6703.08,6694.83,6700.33,8448
2026-03-16T20:00:00+00:00,6700.33,6704.55,6697.78,6703.28,4316
2026-03-16T20:15:00+00:00,6703.28,6703.53,6694.53,6694.8,2872
2026-03-16T20:30:00+00:00,6694.8,6697.42,6693.28,6695.03,1772
2026-03-16T20:45:00+00:00,6695.03,6698.05,6694.03,6696.63,1875
2026-03-16T22:00:00+00:00,6696.63,6697.8,6690.57,6695.07,1245
2026-03-16T22:15:00+00:00,6695.07,6697.94,6691.18,6696.55,1777
2026-03-16T22:30:00+00:00,6696.55,6697.07,6690.93,6691.56,1355
2026-03-16T22:45:00+00:00,6691.56,6692.45,6690.19,6691.05,848
2026-03-16T23:00:00+00:00,6691.05,6694.69,6690.94,6692.68,1368
2026-03-16T23:15:00+00:00,6692.68,6694.45,6690.8,6694.19,779
2026-03-16T23:30:00+00:00,6694.19,6697.56,6693.3,6696.69,950
2026-03-16T23:45:00+00:00,6696.69,6699.32,6694.93,6698.95,1128
2026-03-17T00:00:00+00:00,6698.95,6699.19,6690.93,6692.69,2272
2026-03-17T00:15:00+00:00,6692.69,6693.69,6685.2,6687.7,1786
2026-03-17T00:30:00+00:00,6687.7,6693.43,6684.93,6685.95,1835
2026-03-17T00:45:00+00:00,6685.95,6687.7,6681.32,6682.94,2451
2026-03-17T01:00:00+00:00,6682.94,6688.95,6682.69,6686.93,2289
2026-03-17T01:15:00+00:00,6686.93,6687.95,6683.95,6686.93,1550
2026-03-17T01:30:00+00:00,6686.93,6690.45,6683.68,6685.94,2353
2026-03-17T01:45:00+00:00,6685.94,6689.45,6683.43,6688.93,1452
2026-03-17T02:00:00+00:00,6688.93,6689.31,6684.68,6686.7,1214
2026-03-17T02:15:00+00:00,6686.7,6687.93,6684.68,6685.7,1095
2026-03-17T02:30:00+00:00,6685.7,6687.95,6685.18,6685.94,1036
2026-03-17T02:45:00+00:00,6685.94,6686.19,6679.3,6679.68,1342
2026-03-17T03:00:00+00:00,6679.68,6681.7,6678.55,6681.68,1260
2026-03-17T03:15:00+00:00,6681.68,6684.69,6681.44,6682.44,979
2026-03-17T03:30:00+00:00,6682.44,6683.45,6677.68,6679.8,1657
2026-03-17T03:45:00+00:00,6679.8,6681.2,6678.43,6679.69,1149
2026-03-17T04:00:00+00:00,6679.69,6681.44,6678.68,6680.95,875
2026-03-17T04:15:00+00:00,6680.95,6683.7,6680.44,6682.7,861
2026-03-17T04:30:00+00:00,6682.7,6687.45,6682.7,6687.43,1041
2026-03-17T04:45:00+00:00,6687.43,6691.31,6687.18,6688.68,1209
2026-03-17T05:00:00+00:00,6688.68,6691.44,6687.68,6690.93,1495
2026-03-17T05:15:00+00:00,6690.93,6691.7,6689.43,6689.7,992
2026-03-17T05:30:00+00:00,6689.7,6690.94,6684.68,6685.2,1211
2026-03-17T05:45:00+00:00,6685.2,6685.2,6670.18,6670.68,3162
2026-03-17T06:00:00+00:00,6670.68,6671.95,6662.95,6665.8,4783
2026-03-17T06:15:00+00:00,6665.8,6672.82,6664.8,6670.45,3449
2026-03-17T06:30:00+00:00,6670.45,6672.07,6667.69,6670.68,2251
2026-03-17T06:45:00+00:00,6670.68,6670.82,6666.05,6668.7,1637
2026-03-17T07:00:00+00:00,6668.7,6671.82,6664.94,6669.94,3014
2026-03-17T07:15:00+00:00,6669.94,6678.95,6668.7,6678.43,3082
2026-03-17T07:30:00+00:00,6678.43,6682.7,6676.3,6676.68,2368
2026-03-17T07:45:00+00:00,6676.68,6676.7,6670.68,6673.43,2294
2026-03-17T08:00:00+00:00,6673.43,6681.2,6670.8,6672.43,6636
2026-03-17T08:15:00+00:00,6672.43,6678.95,6669.95,6670.94,5757
2026-03-17T08:30:00+00:00,6670.94,6680.94,6666.44,6678.69,5667
2026-03-17T08:45:00+00:00,6678.69,6680.7,6669.43,6675.31,4064
2026-03-17T09:00:00+00:00,6675.31,6682.7,6675.19,6681.45,4086
2026-03-17T09:15:00+00:00,6681.45,6694.2,6678.68,6693.44,3940
2026-03-17T09:30:00+00:00,6693.44,6695.06,6688.56,6692.94,4245
2026-03-17T09:45:00+00:00,6692.94,6694.95,6690.31,6694.55,2901
2026-03-17T10:00:00+00:00,6694.55,6694.93,6687.68,6688.93,3258
2026-03-17T10:15:00+00:00,6688.93,6688.95,6682.06,6685.94,2888
2026-03-17T10:30:00+00:00,6685.94,6692.19,6684.56,6689.19,2813
2026-03-17T10:45:00+00:00,6689.19,6693.7,6687.93,6693.18,2540
2026-03-17T11:00:00+00:00,6693.18,6696.81,6690.7,6691.81,3287
2026-03-17T11:15:00+00:00,6691.81,6698.32,6689.8,6695.32,3016
2026-03-17T11:30:00+00:00,6695.32,6697.95,6692.31,6695.95,3379
2026-03-17T11:45:00+00:00,6695.95,6697.32,6688.55,6689.43,3359
2026-03-17T12:00:00+00:00,6689.43,6708.82,6689.07,6707.43,4719
2026-03-17T12:15:00+00:00,6707.43,6713.43,6705.69,6712.57,4254
2026-03-17T12:30:00+00:00,6712.57,6720.94,6712.43,6718.43,5153
2026-03-17T12:45:00+00:00,6718.43,6718.94,6714.57,6718.81,3177
2026-03-17T13:00:00+00:00,6718.81,6727.45,6718.55,6727.2,4724
2026-03-17T13:15:00+00:00,6727.2,6738.19,6725.32,6734.3,6126
2026-03-17T13:30:00+00:00,6734.3,6752.129999999999,6729.98,6747.65,21781
2026-03-17T13:45:00+00:00,6747.65,6756.639999999999,6746.25,6751.259999999999,13168
2026-03-17T14:00:00+00:00,6751.259999999999,6751.389999999999,6735.139999999999,6735.139999999999,14808
2026-03-17T14:15:00+00:00,6735.139999999999,6741.5,6728.0199999999995,6738.129999999999,19591
2026-03-17T14:30:00+00:00,6738.129999999999,6746.15,6733.9,6745.129999999999,18504
2026-03-17T14:45:00+00:00,6745.129999999999,6747.139999999999,6741.629999999999,6742.889999999999,12639
2026-03-17T15:00:00+00:00,6742.889999999999,6745.4,6728.889999999999,6731.639999999999,14954
2026-03-17T15:15:00+00:00,6731.639999999999,6739,6728.5,6728.65,16070
2026-03-17T15:30:00+00:00,6728.65,6734.4,6715.879999999999,6724.65,18293
2026-03-17T15:45:00+00:00,6724.65,6728.9,6720.7699999999995,6722.639999999999,13493
2026-03-17T16:00:00+00:00,6722.639999999999,6725.139999999999,6713.389999999999,6719.5199999999995,15986
2026-03-17T16:15:00+00:00,6719.5199999999995,6728.139999999999,6718.129999999999,6724.629999999999,13273
2026-03-17T16:30:00+00:00,6724.629999999999,6727.889999999999,6719.629999999999,6727.889999999999,15215
2026-03-17T16:45:00+00:00,6727.889999999999,6728.879999999999,6721.639999999999,6722.129999999999,9162
2026-03-17T17:00:00+00:00,6722.129999999999,6731.889999999999,6721.879999999999,6728.379999999999,9785
2026-03-17T17:15:00+00:00,6728.379999999999,6729.639999999999,6723.889999999999,6727.889999999999,7225
2026-03-17T17:30:00+00:00,6727.889999999999,6732.389999999999,6724.629999999999,6725.879999999999,7421
2026-03-17T17:45:00+00:00,6725.879999999999,6731.4,6722.65,6729.65,7903
2026-03-17T18:00:00+00:00,6729.65,6735.389999999999,6726.879999999999,6731.379999999999,7057
2026-03-17T18:15:00+00:00,6731.379999999999,6732.4,6721.129999999999,6721.629999999999,8087
2026-03-17T18:30:00+00:00,6721.629999999999,6724.4,6719.9,6721.15,7931
2026-03-17T18:45:00+00:00,6721.15,6727,6720.7699999999995,6723.509999999999,6341
2026-03-17T19:00:00+00:00,6723.509999999999,6725.889999999999,6718.629999999999,6724.4,6251
2026-03-17T19:15:00+00:00,6724.4,6728.629999999999,6722.139999999999,6722.879999999999,4634
2026-03-17T19:30:00+00:00,6722.879999999999,6725.15,6720.129999999999,6721.129999999999,4450
2026-03-17T19:45:00+00:00,6721.129999999999,6724.759999999999,6717.389999999999,6720.15,7711
2026-03-17T20:00:00+00:00,6720.15,6722.589999999999,6718.099999999999,6722.33,3849
2026-03-17T20:15:00+00:00,6722.33,6722.849999999999,6720.33,6722.33,1039
2026-03-17T20:30:00+00:00,6722.33,6723.849999999999,6722.33,6723.33,467
2026-03-17T20:45:00+00:00,6723.33,6724.349999999999,6720.839999999999,6722.57,822
2026-03-17T22:00:00+00:00,6722.57,6723.349999999999,6718,6720.099999999999,598
2026-03-17T22:15:00+00:00,6720.099999999999,6720.11,6716.349999999999,6718.36,866
2026-03-17T22:30:00+00:00,6718.36,6719.98,6713.86,6715.099999999999,893
2026-03-17T22:45:00+00:00,6715.099999999999,6717.969999999999,6713.74,6716.98,781
2026-03-17T23:00:00+00:00,6716.98,6717.99,6714.48,6716.589999999999,770
2026-03-17T23:15:00+00:00,6716.589999999999,6720.23,6715.839999999999,6715.839999999999,687
2026-03-17T23:30:00+00:00,6715.839999999999,6717.49,6713.839999999999,6715.219999999999,648
2026-03-17T23:45:00+00:00,6715.219999999999,6716.36,6714.61,6715.23,592
2026-03-18T00:00:00+00:00,6715.23,6724.73,6713.839999999999,6724.599999999999,1724
2026-03-18T00:15:00+00:00,6724.599999999999,6725.24,6720.99,6723.23,1260
2026-03-18T00:30:00+00:00,6723.23,6725.469999999999,6721.839999999999,6725.24,731
2026-03-18T00:45:00+00:00,6725.24,6730.49,6724.98,6729.99,1495
2026-03-18T01:00:00+00:00,6729.99,6733.74,6729.98,6732.73,1625
2026-03-18T01:15:00+00:00,6732.73,6735.599999999999,6732.48,6733.719999999999,1063
2026-03-18T01:30:00+00:00,6733.719999999999,6735.49,6733.23,6734.99,774
2026-03-18T01:45:00+00:00,6734.99,6735.23,6731.719999999999,6735.11,887
2026-03-18T02:00:00+00:00,6735.11,6738.23,6734.719999999999,6737.599999999999,1092
2026-03-18T02:15:00+00:00,6737.599999999999,6741.74,6736.589999999999,6740.98,1099
2026-03-18T02:30:00+00:00,6740.98,6743.24,6740.74,6741.23,889
2026-03-18T02:45:00+00:00,6741.23,6742.73,6740.219999999999,6741.219999999999,625
2026-03-18T03:00:00+00:00,6741.219999999999,6742.24,6739.49,6742.24,597
2026-03-18T03:15:00+00:00,6742.24,6743.24,6741.219999999999,6741.86,398
2026-03-18T03:30:00+00:00,6741.86,6743.23,6741.469999999999,6742.719999999999,529
2026-03-18T03:45:00+00:00,6742.719999999999,6747.74,6742.719999999999,6745.969999999999,772
2026-03-18T04:00:00+00:00,6745.969999999999,6749.11,6745.969999999999,6748.589999999999,605
2026-03-18T04:15:00+00:00,6748.589999999999,6748.99,6746.99,6747.74,557
2026-03-18T04:30:00+00:00,6747.74,6748.24,6745.73,6746.49,515
2026-03-18T04:45:00+00:00,6746.49,6749.99,6746.219999999999,6747.99,547
2026-03-18T05:00:00+00:00,6747.99,6750.11,6746.839999999999,6749.74,695
2026-03-18T05:15:00+00:00,6749.74,6751.74,6749.219999999999,6751.24,541
2026-03-18T05:30:00+00:00,6751.24,6752.969999999999,6751.099999999999,6752.49,700
2026-03-18T05:45:00+00:00,6752.49,6753.49,6751.73,6753.24,556
2026-03-18T06:00:00+00:00,6753.24,6756.24,6752.469999999999,6754.61,815
2026-03-18T06:15:00+00:00,6754.61,6762.48,6753.719999999999,6761.849999999999,1197
2026-03-18T06:30:00+00:00,6761.849999999999,6762.49,6758.23,6758.99,1243
2026-03-18T06:45:00+00:00,6758.99,6759.36,6756.099999999999,6756.589999999999,771
2026-03-18T07:00:00+00:00,6756.589999999999,6758.11,6754.74,6757.469999999999,1543
2026-03-18T07:15:00+00:00,6757.469999999999,6759.23,6754.969999999999,6756.73,1144
2026-03-18T07:30:00+00:00,6756.73,6758.099999999999,6754.839999999999,6757.24,1092
2026-03-18T07:45:00+00:00,6757.24,6757.339999999999,6751.469999999999,6751.98,1327
2026-03-18T08:00:00+00:00,6751.98,6759.36,6750.969999999999,6757.099999999999,2944
2026-03-18T08:15:00+00:00,6757.099999999999,6758.589999999999,6752.719999999999,6753.099999999999,2401
2026-03-18T08:30:00+00:00,6753.099999999999,6755.36,6750.849999999999,6753.24,2753
2026-03-18T08:45:00+00:00,6753.24,6757.74,6752.469999999999,6755.089999999999,2144
2026-03-18T09:00:00+00:00,6755.089999999999,6757.99,6751.74,6751.839999999999,2350
2026-03-18T09:15:00+00:00,6751.839999999999,6758.49,6751.589999999999,6756.49,2103
2026-03-18T09:30:00+00:00,6756.49,6758.49,6755.349999999999,6757.99,1443
2026-03-18T09:45:00+00:00,6757.99,6758.599999999999,6753.719999999999,6754.73,1524
2026-03-18T10:00:00+00:00,6754.73,6757.49,6752.74,6757.24,1393
2026-03-18T10:15:00+00:00,6757.24,6760.24,6756.219999999999,6757.49,1459
2026-03-18T10:30:00+00:00,6757.49,6759.61,6755.469999999999,6756.23,1156
2026-03-18T10:45:00+00:00,6756.23,6756.98,6751.48,6751.969999999999,1678
2026-03-18T11:00:00+00:00,6751.969999999999,6755.219999999999,6748.969999999999,6753.349999999999,2417
2026-03-18T11:15:00+00:00,6753.349999999999,6755.86,6737.969999999999,6738.349999999999,5049
2026-03-18T11:30:00+00:00,6738.349999999999,6750.099999999999,6736.49,6747.589999999999,6356
2026-03-18T11:45:00+00:00,6747.589999999999,6748.48,6740.839999999999,6741.61,4336
2026-03-18T12:00:00+00:00,6741.61,6743.24,6723.969999999999,6728.49,7230
2026-03-18T12:15:00+00:00,6728.49,6729.23,6716.349999999999,6722.74,8165
2026-03-18T12:30:00+00:00,6722.74,6722.74,6691.599999999999,6695.089999999999,11337
2026-03-18T12:45:00+00:00,6695.089999999999,6697.74,6683.349999999999,6686.23,16588
2026-03-18T13:00:00+00:00,6686.23,6692.339999999999,6681.61,6688.86,13471
2026-03-18T13:15:00+00:00,6688.86,6698.969999999999,6683.719999999999,6695.74,9201
2026-03-18T13:30:00+00:00,6695.74,6707.79,6691.15,6699.41,31164
2026-03-18T13:45:00+00:00,6699.41,6708.91,6695.54,6704.9,25710
2026-03-18T14:00:00+00:00,6704.9,6705.79,6683.5199999999995,6683.5199999999995,26758
2026-03-18T14:15:00+00:00,6683.5199999999995,6690.54,6668.889999999999,6671.5199999999995,21681
2026-03-18T14:30:00+00:00,6671.5199999999995,6681.28,6669.0199999999995,6671.15,18259
2026-03-18T14:45:00+00:00,6671.15,6683.54,6668.65,6683.54,16418
2026-03-18T15:00:00+00:00,6683.54,6692.04,6679.2699999999995,6687.139999999999,16292
2026-03-18T15:15:00+00:00,6687.139999999999,6689.28,6675.91,6681.04,14656
2026-03-18T15:30:00+00:00,6681.04,6688.2699999999995,6679.389999999999,6683.29,13099
2026-03-18T15:45:00+00:00,6683.29,6686.54,6678.5199999999995,6682.389999999999,13527
2026-03-18T16:00:00+00:00,6682.389999999999,6686.04,6676.639999999999,6685.03,11252
2026-03-18T16:15:00+00:00,6685.03,6687.78,6680.03,6682.54,10996
2026-03-18T16:30:00+00:00,6682.54,6684.79,6669.9,6676.54,12260
2026-03-18T16:45:00+00:00,6676.54,6683.9,6674.0199999999995,6677.139999999999,8257
2026-03-18T17:00:00+00:00,6677.139999999999,6678.03,6666.03,6668.03,10457
2026-03-18T17:15:00+00:00,6668.03,6673.03,6666.0199999999995,6670.04,8673
2026-03-18T17:30:00+00:00,6670.04,6677.04,6664.78,6671.16,9115
2026-03-18T17:45:00+00:00,6671.16,6680.66,6670.2699999999995,6677.5,7446
2026-03-18T18:00:00+00:00,6677.5,6686.41,6673.9,6677.5199999999995,16080
2026-03-18T18:15:00+00:00,6677.5199999999995,6677.639999999999,6665.54,6673.15,16231
2026-03-18T18:30:00+00:00,6673.15,6674.5199999999995,6655.7699999999995,6661.4,22954
2026-03-18T18:45:00+00:00,6661.4,6662.29,6644.7699999999995,6645.54,17514
2026-03-18T19:00:00+00:00,6645.54,6658.78,6644.15,6651.2699999999995,16402
2026-03-18T19:15:00+00:00,6651.2699999999995,6652.04,6638.4,6640.65,13235
2026-03-18T19:30:00+00:00,6640.65,6643.79,6629.41,6631.5199999999995,11483
2026-03-18T19:45:00+00:00,6631.5199999999995,6634.79,6623.5199999999995,6627.0199999999995,12661
2026-03-18T20:00:00+00:00,6627.0199999999995,6629.48,6613.219999999999,6614.36,8445
2026-03-18T20:15:00+00:00,6614.36,6614.74,6604.73,6608.719999999999,5958
2026-03-18T20:30:00+00:00,6608.719999999999,6616.49,6608.719999999999,6615.99,2824
2026-03-18T20:45:00+00:00,6615.99,6618.73,6613.24,6613.71,2337
2026-03-18T22:00:00+00:00,6613.71,6622.08,6612.92,6614.3099999999995,1917
2026-03-18T22:15:00+00:00,6614.3099999999995,6617.79,6609.67,6610.679999999999,1926
2026-03-18T22:30:00+00:00,6610.679999999999,6612.549999999999,6607.16,6609.66,1139
2026-03-18T22:45:00+00:00,6609.66,6614.3099999999995,6609.3099999999995,6613.91,873
2026-03-18T23:00:00+00:00,6613.91,6619.679999999999,6613.29,6617.91,927
2026-03-18T23:15:00+00:00,6617.91,6621.5599999999995,6617.0599999999995,6621.29,519
2026-03-18T23:30:00+00:00,6621.29,6625.8099999999995,6619.3099999999995,6621.17,1182
2026-03-18T23:45:00+00:00,6621.17,6622.5599999999995,6616.049999999999,6620.3099999999995,3542
2026-03-19T00:00:00+00:00,6620.3099999999995,6625.799999999999,6616.799999999999,6622.41,3495
2026-03-19T00:15:00+00:00,6622.41,6623.929999999999,6615.8099999999995,6621.8099999999995,2606
2026-03-19T00:30:00+00:00,6621.8099999999995,6624.17,6612.67,6612.929999999999,2520
2026-03-19T00:45:00+00:00,6612.929999999999,6620.5599999999995,6612.29,6620.04,2648
2026-03-19T01:00:00+00:00,6620.04,6621.3099999999995,6616.29,6620.0599999999995,2681
2026-03-19T01:15:00+00:00,6620.0599999999995,6625.549999999999,6619.29,6624.29,2153
2026-03-19T01:30:00+00:00,6624.29,6630.04,6622.549999999999,6628.049999999999,2532
2026-03-19T01:45:00+00:00,6628.049999999999,6631.179999999999,6623.54,6624.049999999999,2067
2026-03-19T02:00:00+00:00,6624.049999999999,6634.8099999999995,6616.299999999999,6632.29,4863
2026-03-19T02:15:00+00:00,6632.29,6639.8099999999995,6630.92,6637.29,2595
2026-03-19T02:30:00+00:00,6637.29,6644.8099999999995,6637.04,6642.179999999999,1891
2026-03-19T02:45:00+00:00,6642.179999999999,6642.42,6635.79,6637.549999999999,1752
2026-03-19T03:00:00+00:00,6637.549999999999,6642.0599999999995,6637.549999999999,6641.3099999999995,1170
2026-03-19T03:15:00+00:00,6641.3099999999995,6641.79,6637.91,6638.3099999999995,980
2026-03-19T03:30:00+00:00,6638.3099999999995,6638.3099999999995,6634.16,6635.29,1502
2026-03-19T03:45:00+00:00,6635.29,6637.429999999999,6632.549999999999,6632.66,1458
2026-03-19T04:00:00+00:00,6632.66,6632.799999999999,6626.29,6627.8099999999995,2109
2026-03-19T04:15:00+00:00,6627.8099999999995,6628.5599999999995,6625.549999999999,6627.17,1629
2026-03-19T04:30:00+00:00,6627.17,6629.0599999999995,6622.179999999999,6625.049999999999,1805
2026-03-19T04:45:00+00:00,6625.049999999999,6626.54,6621.29,6626.04,1705
2026-03-19T05:00:00+00:00,6626.04,6628.429999999999,6623.29,6626.91,1755
2026-03-19T05:15:00+00:00,6626.91,6629.429999999999,6622.92,6623.42,1810
2026-03-19T05:30:00+00:00,6623.42,6624.5599999999995,6613.17,6614.42,2477
2026-03-19T05:45:00+00:00,6614.42,6623.0599999999995,6613.929999999999,6617.04,3035
2026-03-19T06:00:00+00:00,6617.04,6625.549999999999,6616.54,6624.549999999999,2365
2026-03-19T06:15:00+00:00,6624.549999999999,6629.3099999999995,6620.04,6620.5599999999995,2127
2026-03-19T06:30:00+00:00,6620.5599999999995,6622.79,6615.04,6621.179999999999,3112
2026-03-19T06:45:00+00:00,6621.179999999999,6622.429999999999,6616.42,6621.79,2242
2026-03-19T07:00:00+00:00,6621.79,6623.04,6610.29,6613.429999999999,4532
2026-03-19T07:15:00+00:00,6613.429999999999,6625.929999999999,6613.429999999999,6617.66,4671
2026-03-19T07:30:00+00:00,6617.66,6618.79,6609.29,6611.299999999999,4991
2026-03-19T07:45:00+00:00,6611.299999999999,6616.67,6605.54,6609.8099999999995,4614
2026-03-19T08:00:00+00:00,6609.8099999999995,6618.41,6605.67,6614.5599999999995,9642
2026-03-19T08:15:00+00:00,6614.5599999999995,6618.0599999999995,6603.91,6606.41,8236
2026-03-19T08:30:00+00:00,6606.41,6610.799999999999,6598.0599999999995,6598.3099999999995,8441
2026-03-19T08:45:00+00:00,6598.3099999999995,6614.0599999999995,6597.8099999999995,6607.91,7516
2026-03-19T09:00:00+00:00,6607.91,6618.29,6607.91,6614.179999999999,7171
2026-03-19T09:15:00+00:00,6614.179999999999,6620.049999999999,6596.54,6600.16,11233
2026-03-19T09:30:00+00:00,6600.16,6613.679999999999,6599.3099999999995,6607.299999999999,9813
2026-03-19T09:45:00+00:00,6607.299999999999,6632.66,6606.54,6627.54,10507
2026-03-19T10:00:00+00:00,6627.54,6627.5599999999995,6620.429999999999,6621.42,5812
2026-03-19T10:15:00+00:00,6621.42,6624.29,6618.549999999999,6623.049999999999,4530
2026-03-19T10:30:00+00:00,6623.049999999999,6625.299999999999,6615.04,6617.179999999999,4129
2026-03-19T10:45:00+00:00,6617.179999999999,6619.8099999999995,6614.04,6617.929999999999,4639
2026-03-19T11:00:00+00:00,6617.929999999999,6623.79,6612.8099999999995,6616.929999999999,5661
2026-03-19T11:15:00+00:00,6616.929999999999,6618.549999999999,6604.17,6609.429999999999,4573
2026-03-19T11:30:00+00:00,6609.429999999999,6611.91,6599.91,6600.67,4596
2026-03-19T11:45:00+00:00,6600.67,6610.429999999999,6600.16,6610.08,4412
2026-03-19T12:00:00+00:00,6610.08,6611.79,6593.54,6600.3099999999995,8568
2026-03-19T12:15:00+00:00,6600.3099999999995,6603.429999999999,6583.679999999999,6588.33,6865
2026-03-19T12:30:00+00:00,6588.33,6594.429999999999,6580.0599999999995,6591.17,10508
2026-03-19T12:45:00+00:00,6591.17,6591.17,6574.54,6579.8099999999995,9038
2026-03-19T13:00:00+00:00,6579.8099999999995,6582.179999999999,6571.42,6572.54,8150
2026-03-19T13:15:00+00:00,6572.54,6596.5599999999995,6569.67,6579.92,15320
2026-03-19T13:30:00+00:00,6579.92,6587.48,6562.599999999999,6584.339999999999,52083
2026-03-19T13:45:00+00:00,6584.339999999999,6600.23,6576.839999999999,6597.33,31763
2026-03-19T14:00:00+00:00,6597.33,6605.839999999999,6591.219999999999,6592.469999999999,28019
2026-03-19T14:15:00+00:00,6592.469999999999,6594.98,6571.589999999999,6574.46,25813
2026-03-19T14:30:00+00:00,6574.46,6602.089999999999,6573.589999999999,6585.61,26461
2026-03-19T14:45:00+00:00,6585.61,6595.849999999999,6582.089999999999,6589.339999999999,22240
2026-03-19T15:00:00+00:00,6589.339999999999,6608.61,6586.61,6605.089999999999,21153
2026-03-19T15:15:00+00:00,6605.089999999999,6608.219999999999,6583.589999999999,6588.86,21689
2026-03-19T15:30:00+00:00,6588.86,6589.71,6575.219999999999,6576.48,22130
2026-03-19T15:45:00+00:00,6576.48,6590.849999999999,6573.219999999999,6590.61,24576
2026-03-19T16:00:00+00:00,6590.61,6602.089999999999,6585.719999999999,6589.86,21824
2026-03-19T16:15:00+00:00,6589.86,6593.089999999999,6582.599999999999,6590.86,19644
2026-03-19T16:30:00+00:00,6590.86,6598.599999999999,6584.339999999999,6593.839999999999,17624
2026-03-19T16:45:00+00:00,6593.839999999999,6594.96,6577.719999999999,6583.23,12985
2026-03-19T17:00:00+00:00,6583.23,6584.849999999999,6567.589999999999,6569.349999999999,10849
2026-03-19T17:15:00+00:00,6569.349999999999,6587.219999999999,6567.96,6582.61,11807
2026-03-19T17:30:00+00:00,6582.61,6586.46,6573.089999999999,6576.849999999999,10565
2026-03-19T17:45:00+00:00,6576.849999999999,6590.099999999999,6574.839999999999,6583.849999999999,9435
2026-03-19T18:00:00+00:00,6583.849999999999,6597.469999999999,6577.61,6594.969999999999,11324
2026-03-19T18:15:00+00:00,6594.969999999999,6596.36,6583.099999999999,6583.219999999999,10092
2026-03-19T18:30:00+00:00,6583.219999999999,6585.099999999999,6574.589999999999,6576.089999999999,8857
2026-03-19T18:45:00+00:00,6576.089999999999,6599.469999999999,6574.71,6596.099999999999,11046
2026-03-19T19:00:00+00:00,6596.099999999999,6641.219999999999,6595.599999999999,6630.349999999999,37545
2026-03-19T19:15:00+00:00,6630.349999999999,6634.589999999999,6608.089999999999,6614.089999999999,26766
2026-03-19T19:30:00+00:00,6614.089999999999,6618.73,6601.46,6614.21,18491
2026-03-19T19:45:00+00:00,6614.21,6616.48,6606.969999999999,6609.589999999999,19767
2026-03-19T20:00:00+00:00,6609.589999999999,6620.179999999999,6604.91,6619.799999999999,4813
2026-03-19T20:15:00+00:00,6619.799999999999,6624.67,6619.799999999999,6621.929999999999,635
2026-03-19T20:30:00+00:00,6621.929999999999,6622.16,6619.5599999999995,6621.179999999999,493
2026-03-19T20:45:00+00:00,6621.179999999999,6622.429999999999,6618.3099999999995,6620.15,553
2026-03-19T22:00:00+00:00,6620.15,6621.15,6614.680000000002,6618.690000000002,1502.8725984899852
2026-03-19T22:15:00+00:00,6618.690000000002,6625.310000000002,6617.670000000002,6624.550000000002,914
2026-03-19T22:30:00+00:00,6624.550000000002,6626.800000000002,6623.320000000002,6624.440000000002,647
2026-03-19T22:45:00+00:00,6624.440000000002,6624.570000000002,6621.050000000002,6623.310000000002,610
2026-03-19T23:00:00+00:00,6623.310000000002,6628.320000000002,6622.550000000002,6624.320000000002,1107
2026-03-19T23:15:00+00:00,6624.320000000002,6624.680000000002,6619.300000000002,6620.800000000002,641
2026-03-19T23:30:00+00:00,6620.800000000002,6623.180000000002,6619.060000000002,6619.550000000002,634
2026-03-19T23:45:00+00:00,6619.550000000002,6623.560000000002,6617.570000000002,6620.070000000002,995
2026-03-20T00:00:00+00:00,6620.070000000002,6626.070000000002,6613.800000000002,6625.060000000002,1755
2026-03-20T00:15:00+00:00,6625.060000000002,6625.310000000002,6612.930000000002,6615.810000000002,2104
2026-03-20T00:30:00+00:00,6615.810000000002,6619.190000000002,6613.810000000002,6615.670000000002,1542
2026-03-20T00:45:00+00:00,6615.670000000002,6618.320000000002,6614.060000000002,6616.060000000002,1410
2026-03-20T01:00:00+00:00,6616.060000000002,6624.180000000002,6614.810000000002,6622.550000000002,2705
2026-03-20T01:15:00+00:00,6622.550000000002,6623.430000000002,6615.800000000002,6621.940000000002,2537
2026-03-20T01:30:00+00:00,6621.940000000002,6629.920000000002,6621.810000000002,6629.810000000002,1922
2026-03-20T01:45:00+00:00,6629.810000000002,6632.320000000002,6619.310000000002,6621.680000000002,1636
2026-03-20T02:00:00+00:00,6621.680000000002,6625.320000000002,6620.190000000002,6624.300000000002,1742
2026-03-20T02:15:00+00:00,6624.300000000002,6625.180000000002,6622.050000000002,6622.310000000002,1262
2026-03-20T02:30:00+00:00,6622.310000000002,6623.430000000002,6619.300000000002,6623.070000000002,1290
2026-03-20T02:45:00+00:00,6623.070000000002,6626.070000000002,6621.060000000002,6621.070000000002,902
2026-03-20T03:00:00+00:00,6621.070000000002,6622.070000000002,6618.320000000002,6619.060000000002,1040
2026-03-20T03:15:00+00:00,6619.060000000002,6620.320000000002,6615.820000000002,6618.070000000002,759
2026-03-20T03:30:00+00:00,6618.070000000002,6622.070000000002,6616.800000000002,6617.820000000002,1239
2026-03-20T03:45:00+00:00,6617.820000000002,6619.190000000002,6616.310000000002,6617.800000000002,753
2026-03-20T04:00:00+00:00,6617.800000000002,6620.570000000002,6617.050000000002,6617.560000000002,755
2026-03-20T04:15:00+00:00,6617.560000000002,6617.820000000002,6613.570000000002,6616.300000000002,693
2026-03-20T04:30:00+00:00,6616.300000000002,6617.320000000002,6613.920000000002,6614.310000000002,517
2026-03-20T04:45:00+00:00,6614.310000000002,6614.570000000002,6612.550000000002,6612.570000000002,648
2026-03-20T05:00:00+00:00,6612.570000000002,6612.570000000002,6607.300000000002,6609.810000000002,1624
2026-03-20T05:15:00+00:00,6609.810000000002,6615.550000000002,6609.800000000002,6614.820000000002,1298
2026-03-20T05:30:00+00:00,6614.820000000002,6615.550000000002,6611.800000000002,6614.920000000002,1206
2026-03-20T05:45:00+00:00,6614.920000000002,6616.560000000002,6613.070000000002,6614.070000000002,768
2026-03-20T06:00:00+00:00,6614.070000000002,6616.320000000002,6611.690000000002,6613.070000000002,1147
2026-03-20T06:15:00+00:00,6613.070000000002,6613.070000000002,6604.810000000002,6606.420000000002,1369
2026-03-20T06:30:00+00:00,6606.420000000002,6608.820000000002,6601.810000000002,6604.060000000002,1257
2026-03-20T06:45:00+00:00,6604.060000000002,6604.060000000002,6598.300000000002,6600.430000000002,1107
2026-03-20T07:00:00+00:00,6600.430000000002,6600.430000000002,6590.050000000002,6599.560000000002,3155
2026-03-20T07:15:00+00:00,6599.560000000002,6609.180000000002,6598.920000000002,6607.820000000002,2429
2026-03-20T07:30:00+00:00,6607.820000000002,6617.810000000002,6607.310000000002,6617.810000000002,2215
2026-03-20T07:45:00+00:00,6617.810000000002,6619.190000000002,6615.940000000002,6616.800000000002,2329
2026-03-20T08:00:00+00:00,6616.800000000002,6621.320000000002,6612.570000000002,6621.180000000002,4659
2026-03-20T08:15:00+00:00,6621.180000000002,6621.570000000002,6609.670000000002,6609.680000000002,3203
2026-03-20T08:30:00+00:00,6609.680000000002,6619.050000000002,6607.670000000002,6611.430000000002,3494
2026-03-20T08:45:00+00:00,6611.430000000002,6614.570000000002,6607.800000000002,6608.690000000002,3598
2026-03-20T09:00:00+00:00,6608.690000000002,6614.690000000002,6603.560000000002,6604.680000000002,4133
2026-03-20T09:15:00+00:00,6604.680000000002,6605.300000000002,6593.920000000002,6594.670000000002,4311
2026-03-20T09:30:00+00:00,6594.670000000002,6600.820000000002,6588.050000000002,6591.430000000002,4601
2026-03-20T09:45:00+00:00,6591.430000000002,6591.940000000002,6574.070000000002,6579.070000000002,7275
2026-03-20T10:00:00+00:00,6579.070000000002,6580.550000000002,6554.550000000002,6561.300000000002,7851
2026-03-20T10:15:00+00:00,6561.300000000002,6564.570000000002,6555.300000000002,6561.420000000002,6720
2026-03-20T10:30:00+00:00,6561.420000000002,6578.690000000002,6561.050000000002,6574.930000000002,4705
2026-03-20T10:45:00+00:00,6574.930000000002,6575.180000000002,6568.810000000002,6570.820000000002,5609
2026-03-20T11:00:00+00:00,6570.820000000002,6586.810000000002,6569.320000000002,6582.420000000002,5570
2026-03-20T11:15:00+00:00,6582.420000000002,6585.820000000002,6579.440000000002,6582.050000000002,4283
2026-03-20T11:30:00+00:00,6582.050000000002,6584.810000000002,6576.550000000002,6580.050000000002,3907
2026-03-20T11:45:00+00:00,6580.050000000002,6581.940000000002,6571.820000000002,6581.180000000002,4297
2026-03-20T12:00:00+00:00,6581.180000000002,6592.820000000002,6575.930000000002,6587.050000000002,6666
2026-03-20T12:15:00+00:00,6587.050000000002,6590.310000000002,6579.430000000002,6589.680000000002,4660
2026-03-20T12:30:00+00:00,6589.680000000002,6590.070000000002,6577.550000000002,6582.320000000002,5084
2026-03-20T12:45:00+00:00,6582.320000000002,6592.050000000002,6580.320000000002,6590.300000000002,4800
2026-03-20T13:00:00+00:00,6590.300000000002,6593.070000000002,6581.070000000002,6583.800000000002,4333
2026-03-20T13:15:00+00:00,6583.800000000002,6594.560000000002,6582.800000000002,6590.070000000002,5078
2026-03-20T13:30:00+00:00,6590.070000000002,6590.070000000002,6569.360000000002,6585.480000000002,21339
2026-03-20T13:45:00+00:00,6585.480000000002,6589.730000000002,6552.350000000002,6554.120000000003,16240
2026-03-20T14:00:00+00:00,6554.120000000003,6560.360000000002,6536.850000000002,6539.860000000002,16337
2026-03-20T14:15:00+00:00,6539.860000000002,6547.480000000002,6538.100000000002,6540.870000000003,14977
2026-03-20T14:30:00+00:00,6540.870000000003,6557.370000000003,6540.870000000003,6546.120000000003,14779
2026-03-20T14:45:00+00:00,6546.120000000003,6551.870000000003,6534.370000000003,6543.600000000002,13155
2026-03-20T15:00:00+00:00,6543.600000000002,6555.110000000002,6539.350000000002,6553.730000000002,14763
2026-03-20T15:15:00+00:00,6553.730000000002,6563.470000000002,6537.600000000002,6541.720000000002,16211
2026-03-20T15:30:00+00:00,6541.720000000002,6551.370000000003,6539.850000000002,6548.850000000002,13596
2026-03-20T15:45:00+00:00,6548.850000000002,6554.850000000002,6542.860000000002,6552.360000000002,11107
2026-03-20T16:00:00+00:00,6552.360000000002,6561.360000000002,6550.720000000002,6556.360000000002,9910
2026-03-20T16:15:00+00:00,6556.360000000002,6562.620000000003,6551.370000000003,6553.850000000002,8885
2026-03-20T16:30:00+00:00,6553.850000000002,6553.860000000002,6542.120000000003,6547.620000000003,9442
2026-03-20T16:45:00+00:00,6547.620000000003,6556.360000000002,6542.100000000002,6550.4900000000025,7547
2026-03-20T17:00:00+00:00,6550.4900000000025,6555.360000000002,6540.120000000003,6546.100000000002,11784
2026-03-20T17:15:00+00:00,6546.100000000002,6549.9900000000025,6542.610000000002,6544.350000000002,8347
2026-03-20T17:30:00+00:00,6544.350000000002,6546.120000000003,6529.350000000002,6533.870000000003,7714
2026-03-20T17:45:00+00:00,6533.870000000003,6539.470000000002,6528.720000000002,6536.850000000002,6696
2026-03-20T18:00:00+00:00,6536.850000000002,6539.620000000003,6525.870000000003,6528.610000000002,6913
2026-03-20T18:15:00+00:00,6528.610000000002,6529.870000000003,6509.4900000000025,6517.120000000003,11413
2026-03-20T18:30:00+00:00,6517.120000000003,6519.100000000002,6502.850000000002,6504.360000000002,7996
2026-03-20T18:45:00+00:00,6504.360000000002,6506.870000000003,6499.100000000002,6503.360000000002,6813
2026-03-20T19:00:00+00:00,6503.360000000002,6509.120000000003,6496.100000000002,6500.480000000002,7647
2026-03-20T19:15:00+00:00,6500.480000000002,6503.110000000002,6490.620000000003,6494.620000000003,7499
2026-03-20T19:30:00+00:00,6494.620000000003,6497.110000000002,6470.850000000002,6492.850000000002,10930
2026-03-20T19:45:00+00:00,6492.850000000002,6509.100000000002,6481.870000000003,6509.100000000002,15121
2026-03-20T20:00:00+00:00,6509.100000000002,6523.940000000002,6506.420000000002,6522.560000000002,5425
2026-03-20T20:15:00+00:00,6522.560000000002,6524.71,6515.47,6517.46,2193
2026-03-20T20:30:00+00:00,6517.46,6525.72,6516.2,6525.22,1734
2026-03-22T22:00:00+00:00,6525.22,6525.22,6455.63,6480.61,9818
2026-03-22T22:15:00+00:00,6480.61,6509.84,6480.35,6502.85,5408
2026-03-22T22:30:00+00:00,6502.85,6508.1,6491.09,6492.22,4001
2026-03-22T22:45:00+00:00,6492.22,6499.61,6492.22,6494.6,2593
2026-03-22T23:00:00+00:00,6494.6,6505.21,6494.47,6504.09,2677
2026-03-22T23:15:00+00:00,6504.09,6505.35,6492.21,6493.1,2099
2026-03-22T23:30:00+00:00,6493.1,6496.47,6490.34,6492.97,1814
2026-03-22T23:45:00+00:00,6492.97,6493.11,6480.97,6487.6,5256
2026-03-23T00:00:00+00:00,6487.6,6501.61,6481.98,6498.34,6398
2026-03-23T00:15:00+00:00,6498.34,6503.59,6492.96,6495.86,5766
2026-03-23T00:30:00+00:00,6495.86,6497.72,6476.09,6482.86,7932
2026-03-23T00:45:00+00:00,6482.86,6484.86,6471.84,6474.1,7361
2026-03-23T01:00:00+00:00,6474.1,6487.86,6470.71,6485.84,8817
2026-03-23T01:15:00+00:00,6485.84,6495.1,6484.73,6492.6,5381
2026-03-23T01:30:00+00:00,6492.6,6501.86,6489.46,6500.35,7007
2026-03-23T01:45:00+00:00,6500.35,6502.11,6494.84,6497.22,5780
2026-03-23T02:00:00+00:00,6497.22,6501.84,6493.09,6494.36,5155
2026-03-23T02:15:00+00:00,6494.36,6502.11,6491.86,6496.84,4680
2026-03-23T02:30:00+00:00,6496.84,6496.85,6488.98,6489.73,3555
2026-03-23T02:45:00+00:00,6489.73,6490.36,6483.46,6488.34,3133
2026-03-23T03:00:00+00:00,6488.34,6492.6,6480.84,6481.36,3387
2026-03-23T03:15:00+00:00,6481.36,6485.36,6479.46,6483.1,3299
2026-03-23T03:30:00+00:00,6483.1,6484.36,6477.46,6480.34,4171
2026-03-23T03:45:00+00:00,6480.34,6481.35,6472.09,6472.61,3225
2026-03-23T04:00:00+00:00,6472.61,6476.72,6471.34,6475.86,3132
2026-03-23T04:15:00+00:00,6475.86,6482.59,6475.48,6481.11,2421
2026-03-23T04:30:00+00:00,6481.11,6484.35,6479.86,6480.11,1760
2026-03-23T04:45:00+00:00,6480.11,6484.48,6478.96,6482.85,2413
2026-03-23T05:00:00+00:00,6482.85,6490.59,6482.1,6486.85,3255
2026-03-23T05:15:00+00:00,6486.85,6489.1,6479.59,6481.1,2189
2026-03-23T05:30:00+00:00,6481.1,6484.11,6470.35,6476.36,4250
2026-03-23T05:45:00+00:00,6476.36,6479.11,6468.59,6477.85,3717
2026-03-23T06:00:00+00:00,6477.85,6478.61,6466.6,6470.35,4441
2026-03-23T06:15:00+00:00,6470.35,6473.34,6466.34,6467.48,4456
2026-03-23T06:30:00+00:00,6467.48,6468.1,6455.09,6455.09,4274
2026-03-23T06:45:00+00:00,6455.09,6459.11,6444.84,6451.86,3697
2026-03-23T07:00:00+00:00,6451.86,6465.61,6446.85,6460.61,5657
2026-03-23T07:15:00+00:00,6460.61,6460.86,6431.86,6438.1,7617
2026-03-23T07:30:00+00:00,6438.1,6445.22,6435.36,6444.86,6260
2026-03-23T07:45:00+00:00,6444.86,6454.6,6441.96,6445.47,6724
2026-03-23T08:00:00+00:00,6445.47,6464.1,6445.47,6461.96,13121
2026-03-23T08:15:00+00:00,6461.96,6464.35,6455.34,6456.84,10369
2026-03-23T08:30:00+00:00,6456.84,6469.72,6455.85,6463.73,9053
2026-03-23T08:45:00+00:00,6463.73,6472.71,6462.23,6466.84,7380
2026-03-23T09:00:00+00:00,6466.84,6470.61,6457.59,6467.34,7948
2026-03-23T09:15:00+00:00,6467.34,6475.34,6461.85,6466.36,7409
2026-03-23T09:30:00+00:00,6466.36,6466.86,6446.6,6452.72,7870
2026-03-23T09:45:00+00:00,6452.72,6457.84,6449.34,6454.23,6337
2026-03-23T10:00:00+00:00,6454.23,6464.6,6451.85,6456.86,6751
2026-03-23T10:15:00+00:00,6456.86,6459.22,6445.09,6446.61,6242
2026-03-23T10:30:00+00:00,6446.61,6455.86,6442.34,6447.84,6183
2026-03-23T10:45:00+00:00,6447.84,6465.61,6438.11,6454.61,8401
2026-03-23T11:00:00+00:00,6454.61,6694.46,6454.1,6686.48,18510
2026-03-23T11:15:00+00:00,6686.48,6689.73,6603.73,6623.73,21305
2026-03-23T11:30:00+00:00,6623.73,6674.97,6614.6,6618.98,18765
2026-03-23T11:45:00+00:00,6618.98,6624.72,6581.22,6586.71,20030
2026-03-23T12:00:00+00:00,6586.71,6609.22,6573.36,6589.73,19070
2026-03-23T12:15:00+00:00,6589.73,6622.6,6588.71,6614.59,14273
2026-03-23T12:30:00+00:00,6614.59,6636.48,6598.6,6635.22,17935
2026-03-23T12:45:00+00:00,6635.22,6644.36,6623.85,6638.71,18392
2026-03-23T13:00:00+00:00,6638.71,6645.46,6620.86,6622.46,15494
2026-03-23T13:15:00+00:00,6622.46,6628.36,6605.23,6605.73,13138
2026-03-23T13:30:00+00:00,6605.73,6621.65,6586.66,6606.01,25345
2026-03-23T13:45:00+00:00,6606.01,6628.53,6599.91,6628.53,21817
2026-03-23T14:00:00+00:00,6628.53,6633.65,6612.01,6627.4,20321
2026-03-23T14:15:00+00:00,6627.4,6649.16,6626.91,6636.16,14208
2026-03-23T14:30:00+00:00,6636.16,6640.16,6627.4,6629.65,15290
2026-03-23T14:45:00+00:00,6629.65,6644.39,6625.65,6636.9,15975
2026-03-23T15:00:00+00:00,6636.9,6652.41,6634.9,6646.89,11588
2026-03-23T15:15:00+00:00,6646.89,6648.14,6633.51,6635.15,12893
2026-03-23T15:30:00+00:00,6635.15,6639.41,6613.91,6617.91,14972
2026-03-23T15:45:00+00:00,6617.91,6618.03,6583.66,6585.14,18241
2026-03-23T16:00:00+00:00,6585.14,6601.27,6584.76,6596.41,17735
2026-03-23T16:15:00+00:00,6596.41,6597.41,6564.27,6565.9,16840
2026-03-23T16:30:00+00:00,6565.9,6587.41,6564.76,6585.76,16560
2026-03-23T16:45:00+00:00,6585.76,6592.52,6575.89,6580.65,14936
2026-03-23T17:00:00+00:00,6580.65,6587.51,6573.9,6578.39,13963
2026-03-23T17:15:00+00:00,6578.39,6581.16,6567.91,6577.65,13348
2026-03-23T17:30:00+00:00,6577.65,6607.15,6577.65,6592.9,15177
2026-03-23T17:45:00+00:00,6592.9,6607.16,6588.64,6606.16,10979
2026-03-23T18:00:00+00:00,6606.16,6607.89,6590.53,6601.53,12518
2026-03-23T18:15:00+00:00,6601.53,6603.76,6595.89,6599.28,10494
2026-03-23T18:30:00+00:00,6599.28,6622.14,6599.15,6613.15,11918
2026-03-23T18:45:00+00:00,6613.15,6618.4,6611.14,6615.15,7741
2026-03-23T19:00:00+00:00,6615.15,6615.91,6606.4,6606.76,7459
2026-03-23T19:15:00+00:00,6606.76,6608.77,6595.65,6598.9,7275
2026-03-23T19:30:00+00:00,6598.9,6604.9,6597.26,6604.89,5813
2026-03-23T19:45:00+00:00,6604.89,6609.16,6579.89,6579.89,11175
2026-03-23T20:00:00+00:00,6579.89,6581.84,6569.1,6580.35,5764
2026-03-23T20:15:00+00:00,6580.35,6583.61,6577.84,6582.1,1904
2026-03-23T20:30:00+00:00,6582.1,6587.23,6579.6,6585.6,1265
2026-03-23T20:45:00+00:00,6585.6,6585.86,6578.11,6580.95,1189
2026-03-23T22:00:00+00:00,6580.95,6585.91,6574.03,6584.54,3229
2026-03-23T22:15:00+00:00,6584.54,6587.8,6582.54,6587.3,1125
2026-03-23T22:30:00+00:00,6587.3,6589.67,6583.53,6589.05,1136
2026-03-23T22:45:00+00:00,6589.05,6601.3,6588.79,6599.8,1446
2026-03-23T23:00:00+00:00,6599.8,6599.8,6594.03,6596.05,1464
2026-03-23T23:15:00+00:00,6596.05,6598.16,6594.53,6595.3,1120
2026-03-23T23:30:00+00:00,6595.3,6596.79,6591.67,6596.29,1413
2026-03-23T23:45:00+00:00,6596.29,6596.9,6586.78,6594.15,3525
2026-03-24T00:00:00+00:00,6594.15,6594.3,6574.03,6574.03,6295
2026-03-24T00:15:00+00:00,6574.03,6580.55,6556.78,6578.16,7671
2026-03-24T00:30:00+00:00,6578.16,6580.78,6547.28,6563.16,8201
2026-03-24T00:45:00+00:00,6563.16,6567.41,6560.03,6561.91,6520
2026-03-24T01:00:00+00:00,6561.91,6562.54,6546.17,6551.05,8185
2026-03-24T01:15:00+00:00,6551.05,6559.05,6545.55,6556.29,7124
2026-03-24T01:30:00+00:00,6556.29,6556.29,6541.28,6542.29,6888
2026-03-24T01:45:00+00:00,6542.29,6548.28,6539.9,6547.9,5522
2026-03-24T02:00:00+00:00,6547.9,6548.55,6539.04,6543.54,5846
2026-03-24T02:15:00+00:00,6543.54,6555.78,6543.04,6552.05,5221
2026-03-24T02:30:00+00:00,6552.05,6554.16,6548.55,6553.29,3794
2026-03-24T02:45:00+00:00,6553.29,6555.8,6544.66,6545.53,3690
2026-03-24T03:00:00+00:00,6545.53,6547.15,6541.8,6545.17,2555
2026-03-24T03:15:00+00:00,6545.17,6551.79,6544.8,6550.17,2009
2026-03-24T03:30:00+00:00,6550.17,6550.78,6541.28,6548.79,3394
2026-03-24T03:45:00+00:00,6548.79,6552.04,6546.42,6551.9,2116
2026-03-24T04:00:00+00:00,6551.9,6557.54,6551.9,6555.05,1904
2026-03-24T04:15:00+00:00,6555.05,6555.05,6546.8,6547.3,1843
2026-03-24T04:30:00+00:00,6547.3,6548.28,6543.41,6544.05,1743
2026-03-24T04:45:00+00:00,6544.05,6549.91,6543.9,6546.92,1753
2026-03-24T05:00:00+00:00,6546.92,6547.79,6535.29,6541.3,3257
2026-03-24T05:15:00+00:00,6541.3,6558.3,6531.9,6532.3,5326
2026-03-24T05:30:00+00:00,6532.3,6548.05,6531.55,6544.78,3630
2026-03-24T05:45:00+00:00,6544.78,6548.28,6543.29,6546.54,2846
2026-03-24T06:00:00+00:00,6546.54,6554.3,6546.04,6553.4,3302
2026-03-24T06:15:00+00:00,6553.4,6565.41,6552.28,6561.3,3300
2026-03-24T06:30:00+00:00,6561.3,6569.54,6561.3,6567.54,3352
2026-03-24T06:45:00+00:00,6567.54,6578.42,6564.91,6573.54,3376
2026-03-24T07:00:00+00:00,6573.54,6601.15,6571.91,6597.54,7000
2026-03-24T07:15:00+00:00,6597.54,6602.28,6589.53,6592.9,7302
2026-03-24T07:30:00+00:00,6592.9,6594.41,6585.04,6591.17,4549
2026-03-24T07:45:00+00:00,6591.17,6595.04,6586.55,6593.92,4929
2026-03-24T08:00:00+00:00,6593.92,6600.66,6589.4,6595.56,9613
2026-03-24T08:15:00+00:00,6595.56,6599.29,6574.54,6575.67,8471
2026-03-24T08:30:00+00:00,6575.67,6582.91,6572.15,6574.55,6915
2026-03-24T08:45:00+00:00,6574.55,6582.41,6568.29,6571.66,9168
2026-03-24T09:00:00+00:00,6571.66,6576.67,6553.29,6553.8,9683
2026-03-24T09:15:00+00:00,6553.8,6568.67,6553.3,6567.05,7746
2026-03-24T09:30:00+00:00,6567.05,6575.29,6563.79,6573.55,6888
2026-03-24T09:45:00+00:00,6573.55,6583.4,6567.28,6580.54,5740
2026-03-24T10:00:00+00:00,6580.54,6584.17,6569.05,6582.05,6254
2026-03-24T10:15:00+00:00,6582.05,6583.53,6572.78,6573.92,5063
2026-03-24T10:30:00+00:00,6573.92,6583.92,6569.29,6580.92,5729
2026-03-24T10:45:00+00:00,6580.92,6583.55,6572.28,6578.91,4691
2026-03-24T11:00:00+00:00,6578.91,6582.79,6571.28,6579.29,6233
2026-03-24T11:15:00+00:00,6579.29,6579.65,6569.53,6574.04,4944
2026-03-24T11:30:00+00:00,6574.04,6575.05,6569.05,6570.92,5047
2026-03-24T11:45:00+00:00,6570.92,6581.8,6553.03,6575.79,7951
2026-03-24T12:00:00+00:00,6575.79,6579.05,6560.65,6566.29,5776
2026-03-24T12:15:00+00:00,6566.29,6573.04,6562.28,6568.66,4964
2026-03-24T12:30:00+00:00,6568.66,6569.42,6546.54,6547.3,7825
2026-03-24T12:45:00+00:00,6547.3,6555.3,6545.54,6548.9,8635
2026-03-24T13:00:00+00:00,6548.9,6552.8,6529.28,6543.53,10161
2026-03-24T13:15:00+00:00,6543.53,6547.29,6533.16,6537.79,7760
2026-03-24T13:30:00+00:00,6537.79,6554.83,6523.08,6531.56,23127
2026-03-24T13:45:00+00:00,6531.56,6540.6,6522.84,6538.84,20613
2026-03-24T14:00:00+00:00,6538.84,6560.34,6536.58,6550.6,17417
2026-03-24T14:15:00+00:00,6550.6,6558.33,6541.08,6549.09,17647
2026-03-24T14:30:00+00:00,6549.09,6561.83,6546.35,6561.83,16192
2026-03-24T14:45:00+00:00,6561.83,6583.71,6546.34,6563.97,21135
2026-03-24T15:00:00+00:00,6563.97,6579.45,6563.97,6576.96,20924
2026-03-24T15:15:00+00:00,6576.96,6592.59,6575.83,6585.2,13679
2026-03-24T15:30:00+00:00,6585.2,6589.85,6577.58,6587.09,10572
2026-03-24T15:45:00+00:00,6587.09,6594.85,6573.58,6574.58,9887
2026-03-24T16:00:00+00:00,6574.58,6577.1,6567.33,6574.08,11660
2026-03-24T16:15:00+00:00,6574.08,6586.84,6573.09,6584.08,8944
2026-03-24T16:30:00+00:00,6584.08,6585.34,6564.33,6576.34,10013
2026-03-24T16:45:00+00:00,6576.34,6581.85,6568.34,6575.59,9529
2026-03-24T17:00:00+00:00,6575.59,6578.08,6549.08,6553.09,15019
2026-03-24T17:15:00+00:00,6553.09,6558.72,6549.95,6557.83,12947
2026-03-24T17:30:00+00:00,6557.83,6564.34,6548.33,6549.83,10041
2026-03-24T17:45:00+00:00,6549.83,6567.35,6547.84,6567.08,13804
2026-03-24T18:00:00+00:00,6567.08,6574.09,6560.09,6562.46,11368
2026-03-24T18:15:00+00:00,6562.46,6573.1,6556.1,6570.09,10105
2026-03-24T18:30:00+00:00,6570.09,6590.59,6567.59,6577.34,12076
2026-03-24T18:45:00+00:00,6577.34,6581.59,6568.7,6572.59,9205
2026-03-24T19:00:00+00:00,6572.59,6581.1,6572.59,6581.1,7284
2026-03-24T19:15:00+00:00,6581.1,6581.1,6567.33,6568.6,6153
2026-03-24T19:30:00+00:00,6568.6,6571.85,6559.83,6562.33,7660
2026-03-24T19:45:00+00:00,6562.33,6562.34,6549.7,6555.84,8256
2026-03-24T20:00:00+00:00,6555.84,6559.8,6554.78,6559.55,2287
2026-03-24T20:15:00+00:00,6559.55,6628.05,6556.9,6598.04,15034
2026-03-24T20:30:00+00:00,6598.04,6625.42,6593.15,6601.28,13067
2026-03-24T20:45:00+00:00,6601.28,6606.55,6589.03,6595.89,7508
2026-03-24T22:00:00+00:00,6595.89,6610.16,6595.89,6602.02,3696
2026-03-24T22:15:00+00:00,6602.02,6602.39,6592.02,6596.4,2744
2026-03-24T22:30:00+00:00,6596.4,6603.53,6596.4,6603.27,1293
2026-03-24T22:45:00+00:00,6603.27,6605.03,6600.89,6605.03,899
2026-03-24T23:00:00+00:00,6605.03,6605.54,6598.66,6601.52,1783
2026-03-24T23:15:00+00:00,6601.52,6608.54,6601.52,6605.53,1235
2026-03-24T23:30:00+00:00,6605.53,6607.14,6600.78,6601.4,1543
2026-03-24T23:45:00+00:00,6601.4,6602.78,6600.02,6600.79,1458
2026-03-25T00:00:00+00:00,6600.79,6610.02,6595.52,6607.91,4209
2026-03-25T00:15:00+00:00,6607.91,6610.02,6600.52,6603.64,3852
2026-03-25T00:30:00+00:00,6603.64,6621.03,6594.89,6616.04,5301
2026-03-25T00:45:00+00:00,6616.04,6617.27,6610.52,6610.53,3185
2026-03-25T01:00:00+00:00,6610.53,6614.52,6607.04,6608.28,3842
2026-03-25T01:15:00+00:00,6608.28,6614.04,6606.02,6610.27,3226
2026-03-25T01:30:00+00:00,6610.27,6612.29,6603.39,6606.41,3680
2026-03-25T01:45:00+00:00,6606.41,6609.04,6601.27,6602.03,2590
2026-03-25T02:00:00+00:00,6602.03,6602.66,6592.39,6593.02,3829
2026-03-25T02:15:00+00:00,6593.02,6597.54,6592.64,6596.27,2722
2026-03-25T02:30:00+00:00,6596.27,6597.79,6593.14,6593.65,2038
2026-03-25T02:45:00+00:00,6593.65,6596.14,6588.02,6588.53,2250
2026-03-25T03:00:00+00:00,6588.53,6592.89,6585.78,6586.54,2193
2026-03-25T03:15:00+00:00,6586.54,6590.27,6584.27,6589.52,1773
2026-03-25T03:30:00+00:00,6589.52,6595.03,6588.02,6592.78,1845
2026-03-25T03:45:00+00:00,6592.78,6599.03,6592.78,6597.78,1760
2026-03-25T04:00:00+00:00,6597.78,6603.03,6597.02,6602.91,1662
2026-03-25T04:15:00+00:00,6602.91,6607.78,6600.77,6606.77,1648
2026-03-25T04:30:00+00:00,6606.77,6608.29,6605.28,6605.79,1214
2026-03-25T04:45:00+00:00,6605.79,6607.91,6602.77,6607.28,1494
2026-03-25T05:00:00+00:00,6607.28,6608.79,6603.52,6607.52,2178
2026-03-25T05:15:00+00:00,6607.52,6607.52,6602.02,6603.28,1833
2026-03-25T05:30:00+00:00,6603.28,6607.04,6602.27,6606.29,2066
2026-03-25T05:45:00+00:00,6606.29,6606.64,6595.89,6597.77,2113
2026-03-25T06:00:00+00:00,6597.77,6598.29,6591.77,6593.89,2359
2026-03-25T06:15:00+00:00,6593.89,6596.04,6589.28,6590.54,2109
2026-03-25T06:30:00+00:00,6590.54,6595.14,6586.89,6594.02,2404
2026-03-25T06:45:00+00:00,6594.02,6602.14,6593.77,6598.03,1676
2026-03-25T07:00:00+00:00,6598.03,6602.52,6592.53,6600.79,2961
2026-03-25T07:15:00+00:00,6600.79,6602.29,6592.28,6594.64,2676
2026-03-25T07:30:00+00:00,6594.64,6604.29,6593.78,6602.04,3230
2026-03-25T07:45:00+00:00,6602.04,6608.02,6601.02,6604.41,3032
2026-03-25T08:00:00+00:00,6604.41,6624.79,6604.02,6622.79,7521
2026-03-25T08:15:00+00:00,6622.79,6631.29,6621.79,6624.41,5533
2026-03-25T08:30:00+00:00,6624.41,6629.79,6616.54,6621.14,6098
2026-03-25T08:45:00+00:00,6621.14,6623.52,6603.89,6606.78,4975
2026-03-25T09:00:00+00:00,6606.78,6617.27,6602.9,6616.02,4323
2026-03-25T09:15:00+00:00,6616.02,6616.66,6605.77,6607.28,3947
2026-03-25T09:30:00+00:00,6607.28,6612.29,6605.77,6606.52,3286
2026-03-25T09:45:00+00:00,6606.52,6615.15,6599.27,6608.78,4715
2026-03-25T10:00:00+00:00,6608.78,6617.53,6608.04,6610.41,4681
2026-03-25T10:15:00+00:00,6610.41,6612.53,6605.77,6605.91,3089
2026-03-25T10:30:00+00:00,6605.91,6609.79,6604.02,6604.28,3150
2026-03-25T10:45:00+00:00,6604.28,6611.54,6603.52,6608.29,3027
2026-03-25T11:00:00+00:00,6608.29,6617.53,6608.03,6614.16,3168
2026-03-25T11:15:00+00:00,6614.16,6620.53,6612.77,6616.54,2778
2026-03-25T11:30:00+00:00,6616.54,6625.4,6616.54,6623.9,2875
2026-03-25T11:45:00+00:00,6623.9,6623.91,6606.03,6620.53,6295
2026-03-25T12:00:00+00:00,6620.53,6630.15,6620.53,6626.03,5165
2026-03-25T12:15:00+00:00,6626.03,6626.78,6594.65,6602.89,12213
2026-03-25T12:30:00+00:00,6602.89,6609.27,6589.27,6602.54,8181
2026-03-25T12:45:00+00:00,6602.54,6615.54,6598.52,6610.41,6376
2026-03-25T13:00:00+00:00,6610.41,6619.41,6604.41,6610.52,6567
2026-03-25T13:15:00+00:00,6610.52,6613.04,6607.02,6611.27,4737
2026-03-25T13:30:00+00:00,6611.27,6634.09,6611.27,6613.83,18596
2026-03-25T13:45:00+00:00,6613.83,6616.57,6588.57,6589.07,17219
2026-03-25T14:00:00+00:00,6589.07,6606.09,6580.94,6605.32,18315
2026-03-25T14:15:00+00:00,6605.32,6612.58,6596.34,6606.09,14954
2026-03-25T14:30:00+00:00,6606.09,6614.83,6601.32,6609.09,13950
2026-03-25T14:45:00+00:00,6609.09,6617.09,6608.82,6611.83,10116
2026-03-25T15:00:00+00:00,6611.83,6615.08,6589.33,6590.08,13191
2026-03-25T15:15:00+00:00,6590.08,6603.34,6566.34,6603.09,17773
2026-03-25T15:30:00+00:00,6603.09,6606.96,6585.58,6591.09,11819
2026-03-25T15:45:00+00:00,6591.09,6598.59,6587.07,6594.45,11848
2026-03-25T16:00:00+00:00,6594.45,6596.32,6584.32,6589.83,12040
2026-03-25T16:15:00+00:00,6589.83,6605.21,6585.69,6598.83,12463
2026-03-25T16:30:00+00:00,6598.83,6607.83,6595.07,6604.58,10314
2026-03-25T16:45:00+00:00,6604.58,6606.09,6596.09,6602.33,7004
2026-03-25T17:00:00+00:00,6602.33,6607.33,6593.83,6600.82,9559
2026-03-25T17:15:00+00:00,6600.82,6608.08,6594.09,6605.33,7677
2026-03-25T17:30:00+00:00,6605.33,6618.84,6600.58,6613.32,7743
2026-03-25T17:45:00+00:00,6613.32,6613.82,6598.32,6603.82,10386
2026-03-25T18:00:00+00:00,6603.82,6607.57,6600.57,6604.82,7710
2026-03-25T18:15:00+00:00,6604.82,6609.59,6599.07,6600.08,6372
2026-03-25T18:30:00+00:00,6600.08,6603.09,6595.82,6598.09,5277
2026-03-25T18:45:00+00:00,6598.09,6598.34,6581.34,6589.82,7231
2026-03-25T19:00:00+00:00,6589.82,6589.82,6580.33,6588.84,8476
2026-03-25T19:15:00+00:00,6588.84,6598.08,6588.59,6590.09,6110
2026-03-25T19:30:00+00:00,6590.09,6591.33,6582.32,6586.83,4853
2026-03-25T19:45:00+00:00,6586.83,6595.09,6584.59,6592.07,6533
2026-03-25T20:00:00+00:00,6592.07,6596.78,6590.27,6591.04,2011
2026-03-25T20:15:00+00:00,6591.04,6593.53,6585.77,6586.03,1084
2026-03-25T20:30:00+00:00,6586.03,6589.04,6585.27,6588.03,614
2026-03-25T20:45:00+00:00,6588.03,6591.54,6587.52,6590.63,371
2026-03-25T22:00:00+00:00,6590.63,6590.89,6582.76,6584.01,1393
2026-03-25T22:15:00+00:00,6584.01,6584.13,6579.37,6580.51,962
2026-03-25T22:30:00+00:00,6580.51,6584.5,6580.38,6584.38,582
2026-03-25T22:45:00+00:00,6584.38,6585.77,6580,6580.27,988
2026-03-25T23:00:00+00:00,6580.27,6583.77,6578.52,6579,1017
2026-03-25T23:15:00+00:00,6579,6579.25,6574.27,6577.5,1060
2026-03-25T23:30:00+00:00,6577.5,6578.52,6573.76,6573.76,851
2026-03-25T23:45:00+00:00,6573.76,6582.02,6572.25,6580.51,1702
2026-03-26T00:00:00+00:00,6580.51,6584.02,6579.75,6584.02,1856
2026-03-26T00:15:00+00:00,6584.02,6597.52,6583.51,6593.02,2684
2026-03-26T00:30:00+00:00,6593.02,6596.01,6590.62,6590.75,1322
2026-03-26T00:45:00+00:00,6590.75,6592.02,6581.25,6584.27,2609
2026-03-26T01:00:00+00:00,6584.27,6590.27,6584.13,6586.39,3256
2026-03-26T01:15:00+00:00,6586.39,6587.02,6580.01,6583.52,2472
2026-03-26T01:30:00+00:00,6583.52,6587.51,6582.25,6583.63,2508
2026-03-26T01:45:00+00:00,6583.63,6587.02,6583.51,6586.12,1952
2026-03-26T02:00:00+00:00,6586.12,6589.77,6584.01,6586.12,2268
2026-03-26T02:15:00+00:00,6586.12,6587.64,6578.25,6579.38,2648
2026-03-26T02:30:00+00:00,6579.38,6580.77,6562.87,6570.52,4935
2026-03-26T02:45:00+00:00,6570.52,6574.02,6569.5,6570.5,2473
2026-03-26T03:00:00+00:00,6570.5,6576.26,6569.87,6576,1814
2026-03-26T03:15:00+00:00,6576,6581.51,6574.25,6579.87,2171
2026-03-26T03:30:00+00:00,6579.87,6597.52,6579.52,6594.63,3556
2026-03-26T03:45:00+00:00,6594.63,6595.27,6589,6590,1489
2026-03-26T04:00:00+00:00,6590,6591.13,6585,6586.76,1846
2026-03-26T04:15:00+00:00,6586.76,6587.64,6583.76,6585.02,1340
2026-03-26T04:30:00+00:00,6585.02,6586,6583.01,6583.13,1150
2026-03-26T04:45:00+00:00,6583.13,6583.77,6576,6577.01,1798
2026-03-26T05:00:00+00:00,6577.01,6580.89,6570.5,6573.37,3037
2026-03-26T05:15:00+00:00,6573.37,6574.76,6564.89,6567.52,2999
2026-03-26T05:30:00+00:00,6567.52,6572.02,6565.51,6568,2726
2026-03-26T05:45:00+00:00,6568,6568.52,6562.5,6563.51,2064
2026-03-26T06:00:00+00:00,6563.51,6565.77,6560.25,6561.75,2936
2026-03-26T06:15:00+00:00,6561.75,6570.02,6558.75,6569.01,2738
2026-03-26T06:30:00+00:00,6569.01,6570.64,6565.5,6568.37,3015
2026-03-26T06:45:00+00:00,6568.37,6571.52,6566.01,6570.64,1318
2026-03-26T07:00:00+00:00,6570.64,6572.52,6559.37,6563.14,3765
2026-03-26T07:15:00+00:00,6563.14,6569.89,6552.14,6563.25,4266
2026-03-26T07:30:00+00:00,6563.25,6567.89,6559.75,6563.77,2690
2026-03-26T07:45:00+00:00,6563.77,6568.26,6563.62,6565.25,3058
2026-03-26T08:00:00+00:00,6565.25,6573.13,6555.27,6556.02,7229
2026-03-26T08:15:00+00:00,6556.02,6561.52,6551.89,6552.39,6574
2026-03-26T08:30:00+00:00,6552.39,6557.51,6546.27,6546.87,5755
2026-03-26T08:45:00+00:00,6546.87,6554.75,6544,6552.51,4597
2026-03-26T09:00:00+00:00,6552.51,6554.02,6543.51,6547,5608
2026-03-26T09:15:00+00:00,6547,6547.64,6541,6541.75,4723
2026-03-26T09:30:00+00:00,6541.75,6541.75,6532.12,6538.13,6282
2026-03-26T09:45:00+00:00,6538.13,6543.76,6535.5,6541.51,3945
2026-03-26T10:00:00+00:00,6541.51,6550.39,6536.62,6548.25,4420
2026-03-26T10:15:00+00:00,6548.25,6552.12,6545.25,6550.75,3580
2026-03-26T10:30:00+00:00,6550.75,6552.52,6540.63,6542.62,4592
2026-03-26T10:45:00+00:00,6542.62,6547.27,6542.12,6545.13,3519
2026-03-26T11:00:00+00:00,6545.13,6549.27,6542.01,6544.27,3575
2026-03-26T11:15:00+00:00,6544.27,6546.52,6536.25,6539.75,3937
2026-03-26T11:30:00+00:00,6539.75,6541.38,6535,6536.26,3975
2026-03-26T11:45:00+00:00,6536.26,6538.38,6529.54,6530.27,3466
2026-03-26T12:00:00+00:00,6530.27,6543.5,6525.01,6542.02,4853
2026-03-26T12:15:00+00:00,6542.02,6544.25,6538.5,6538.77,3433
2026-03-26T12:30:00+00:00,6538.77,6539.63,6526.26,6530.51,5462
2026-03-26T12:45:00+00:00,6530.51,6537.52,6530.5,6537.01,4986
2026-03-26T13:00:00+00:00,6537.01,6543.51,6536.25,6540.5,5205
2026-03-26T13:15:00+00:00,6540.5,6546.51,6538.64,6543.75,4890
2026-03-26T13:30:00+00:00,6543.75,6553.82,6530.93,6553.57,20210
2026-03-26T13:45:00+00:00,6553.57,6570.06,6552.07,6568.92,19202
2026-03-26T14:00:00+00:00,6568.92,6571.56,6557.57,6566.31,17533
2026-03-26T14:15:00+00:00,6566.31,6572.3,6559.55,6559.8,12464
2026-03-26T14:30:00+00:00,6559.8,6572.05,6547.8,6549.92,15461
2026-03-26T14:45:00+00:00,6549.92,6554.8,6531.55,6545.32,21218
2026-03-26T15:00:00+00:00,6545.32,6552.42,6543.07,6545.8,15644
2026-03-26T15:15:00+00:00,6545.8,6547.67,6539.3,6540.31,10387
2026-03-26T15:30:00+00:00,6540.31,6541.32,6532.06,6535.31,9308
2026-03-26T15:45:00+00:00,6535.31,6546.05,6533.3,6538.3,11585
2026-03-26T16:00:00+00:00,6538.3,6539.82,6531.56,6536.31,7432
2026-03-26T16:15:00+00:00,6536.31,6536.32,6515.55,6517.56,10092
2026-03-26T16:30:00+00:00,6517.56,6519.32,6511.54,6517.82,9048
2026-03-26T16:45:00+00:00,6517.82,6519.82,6512.05,6519.06,6750
2026-03-26T17:00:00+00:00,6519.06,6523.57,6512.55,6512.55,6904
2026-03-26T17:15:00+00:00,6512.55,6515.57,6502.31,6508.82,5976
2026-03-26T17:30:00+00:00,6508.82,6513.3,6500.81,6502.07,5740
2026-03-26T17:45:00+00:00,6502.07,6503.32,6486.8,6489.05,7211
2026-03-26T18:00:00+00:00,6489.05,6498.07,6488.8,6493.07,7957
2026-03-26T18:15:00+00:00,6493.07,6495.05,6487.55,6488.55,6129
2026-03-26T18:30:00+00:00,6488.55,6498.07,6488.55,6494.07,5422
2026-03-26T18:45:00+00:00,6494.07,6499.05,6491.43,6497.05,4923
2026-03-26T19:00:00+00:00,6497.05,6497.82,6481.3,6484.82,6293
2026-03-26T19:15:00+00:00,6484.82,6489.32,6481.05,6484.57,4821
2026-03-26T19:30:00+00:00,6484.57,6485.06,6476.56,6477.55,5280
2026-03-26T19:45:00+00:00,6477.55,6481.3,6470.8,6474.07,6350
2026-03-26T20:00:00+00:00,6474.07,6546.63,6467.77,6504.75,10183
2026-03-26T20:15:00+00:00,6504.75,6512.01,6482.26,6496.87,11918
2026-03-26T20:30:00+00:00,6496.87,6505,6494.63,6500.01,5337
2026-03-26T20:45:00+00:00,6500.01,6500.64,6485,6485.99,2795
2026-03-26T22:00:00+00:00,6485.99,6497.58,6485.99,6497.18,5034
2026-03-26T22:15:00+00:00,6497.18,6499.19,6488.94,6494.7,2375
2026-03-26T22:30:00+00:00,6494.7,6500.82,6491.06,6495.43,2901
2026-03-26T22:45:00+00:00,6495.43,6502.08,6493.06,6498.32,1780
2026-03-26T23:00:00+00:00,6498.32,6500.7,6494.82,6496.18,1955
2026-03-26T23:15:00+00:00,6496.18,6499.58,6493.58,6495.19,1592
2026-03-26T23:30:00+00:00,6495.19,6503.33,6495.08,6501.83,1361
2026-03-26T23:45:00+00:00,6501.83,6505.08,6500.56,6502.81,1520
2026-03-27T00:00:00+00:00,6502.81,6509.32,6502.7,6503.33,2596
2026-03-27T00:15:00+00:00,6503.33,6503.69,6488.81,6492.83,5871
2026-03-27T00:30:00+00:00,6492.83,6495.58,6486.08,6488.07,4498
2026-03-27T00:45:00+00:00,6488.07,6491.33,6485.81,6488.33,4175
2026-03-27T01:00:00+00:00,6488.33,6497.33,6485.82,6495.83,3930
2026-03-27T01:15:00+00:00,6495.83,6499.33,6493.56,6499.33,2833
2026-03-27T01:30:00+00:00,6499.33,6500.81,6496.82,6497.56,2728
2026-03-27T01:45:00+00:00,6497.56,6499.08,6494.06,6499.08,2375
2026-03-27T02:00:00+00:00,6499.08,6501.57,6498.07,6498.2,2870
2026-03-27T02:15:00+00:00,6498.2,6498.31,6492.43,6495.58,2857
2026-03-27T02:30:00+00:00,6495.58,6499.95,6494.56,6495.69,2343
2026-03-27T02:45:00+00:00,6495.69,6497.83,6492.56,6493.07,1788
2026-03-27T03:00:00+00:00,6493.07,6496.06,6489.83,6491.95,2302
2026-03-27T03:15:00+00:00,6491.95,6492.58,6490.31,6491.81,1901
2026-03-27T03:30:00+00:00,6491.81,6501.83,6491.81,6500.2,2615
2026-03-27T03:45:00+00:00,6500.2,6503.58,6498.81,6503.06,1717
2026-03-27T04:00:00+00:00,6503.06,6503.08,6499.56,6500.82,1325
2026-03-27T04:15:00+00:00,6500.82,6504.33,6500.81,6502.83,1191
2026-03-27T04:30:00+00:00,6502.83,6505.33,6502.31,6504.56,1218
2026-03-27T04:45:00+00:00,6504.56,6507.83,6504.31,6506.82,1379
2026-03-27T05:00:00+00:00,6506.82,6519.08,6506.82,6518.57,2945
2026-03-27T05:15:00+00:00,6518.57,6519.94,6510.31,6513.33,2684
2026-03-27T05:30:00+00:00,6513.33,6514.83,6510.56,6512.44,2282
2026-03-27T05:45:00+00:00,6512.44,6515.07,6510.56,6511.06,1758
2026-03-27T06:00:00+00:00,6511.06,6513.33,6507.81,6512.31,3077
2026-03-27T06:15:00+00:00,6512.31,6518.08,6512.31,6515.82,2345
2026-03-27T06:30:00+00:00,6515.82,6515.82,6508.32,6509.56,2412
2026-03-27T06:45:00+00:00,6509.56,6509.83,6503.31,6505.94,1612
2026-03-27T07:00:00+00:00,6505.94,6506.18,6498.81,6501.33,2409
2026-03-27T07:15:00+00:00,6501.33,6501.33,6493.83,6494.57,1995
2026-03-27T07:30:00+00:00,6494.57,6498.83,6493.31,6496.81,2778
2026-03-27T07:45:00+00:00,6496.81,6501.56,6495.32,6498.08,2519
2026-03-27T08:00:00+00:00,6498.08,6502.33,6486.07,6489.57,7761
2026-03-27T08:15:00+00:00,6489.57,6492.07,6479.06,6480.06,5951
2026-03-27T08:30:00+00:00,6480.06,6486.08,6474.56,6478.82,6337
2026-03-27T08:45:00+00:00,6478.82,6481.43,6473.82,6474.68,4795
2026-03-27T09:00:00+00:00,6474.68,6477.32,6460.31,6468.07,6074
2026-03-27T09:15:00+00:00,6468.07,6480.58,6466.93,6478.06,5821
2026-03-27T09:30:00+00:00,6478.06,6482.83,6474.06,6477.08,4402
2026-03-27T09:45:00+00:00,6477.08,6477.08,6465.07,6466.81,4106
2026-03-27T10:00:00+00:00,6466.81,6473.83,6463.33,6465.82,5107
2026-03-27T10:15:00+00:00,6465.82,6470.32,6464.06,6465.57,3776
2026-03-27T10:30:00+00:00,6465.57,6468.31,6453.45,6457.06,4870
2026-03-27T10:45:00+00:00,6457.06,6457.44,6445.81,6449.08,4824
2026-03-27T11:00:00+00:00,6449.08,6450.2,6441.57,6444.7,5925
2026-03-27T11:15:00+00:00,6444.7,6451.08,6443.58,6450.95,4236
2026-03-27T11:30:00+00:00,6450.95,6453.31,6446.81,6452.07,3568
2026-03-27T11:45:00+00:00,6452.07,6459.83,6451.18,6453.31,4316
2026-03-27T12:00:00+00:00,6453.31,6454.7,6442.06,6446.33,4929
2026-03-27T12:15:00+00:00,6446.33,6452.33,6445.56,6449.83,4173
2026-03-27T12:30:00+00:00,6449.83,6451.56,6442.58,6446.58,3683
2026-03-27T12:45:00+00:00,6446.58,6447.7,6438.32,6442.06,5323
2026-03-27T13:00:00+00:00,6442.06,6443.08,6431.45,6434.07,6702
2026-03-27T13:15:00+00:00,6434.07,6448.32,6433.56,6446.06,6911
2026-03-27T13:30:00+00:00,6446.06,6447.11,6418.11,6430.62,21163
2026-03-27T13:45:00+00:00,6430.62,6444.88,6405.73,6410.1,19237
2026-03-27T14:00:00+00:00,6410.1,6419.88,6406.35,6417.37,19123
2026-03-27T14:15:00+00:00,6417.37,6428.23,6410.86,6411.11,16153
2026-03-27T14:30:00+00:00,6411.11,6417.38,6407.13,6410.63,14770
2026-03-27T14:45:00+00:00,6410.63,6425.38,6403.36,6422,14714
2026-03-27T15:00:00+00:00,6422,6431.87,6416.11,6417.62,13354
2026-03-27T15:15:00+00:00,6417.62,6434.63,6409.61,6429.63,16375
2026-03-27T15:30:00+00:00,6429.63,6441.36,6421.88,6426.87,15249
2026-03-27T15:45:00+00:00,6426.87,6434.38,6421.11,6422.87,11321
2026-03-27T16:00:00+00:00,6422.87,6424.38,6408.38,6414.62,8931
2026-03-27T16:15:00+00:00,6414.62,6415.63,6405.86,6408.49,7565
2026-03-27T16:30:00+00:00,6408.49,6410.38,6400.62,6405.87,8192
2026-03-27T16:45:00+00:00,6405.87,6416.11,6404.61,6407.11,7816
2026-03-27T17:00:00+00:00,6407.11,6419.25,6401.11,6403.87,10055
2026-03-27T17:15:00+00:00,6403.87,6404.48,6385.61,6385.87,6861
2026-03-27T17:30:00+00:00,6385.87,6392.13,6383.11,6384.36,6454
2026-03-27T17:45:00+00:00,6384.36,6388.12,6379.13,6381.13,5679
2026-03-27T18:00:00+00:00,6381.13,6382.38,6370.86,6374.61,5771
2026-03-27T18:15:00+00:00,6374.61,6382.62,6372.86,6377.13,7370
2026-03-27T18:30:00+00:00,6377.13,6386.23,6374.63,6379.37,6274
2026-03-27T18:45:00+00:00,6379.37,6381.11,6371.11,6373.12,5743
2026-03-27T19:00:00+00:00,6373.12,6376.12,6364.11,6369.61,5292
2026-03-27T19:15:00+00:00,6369.61,6374.88,6365.62,6367.38,6108
2026-03-27T19:30:00+00:00,6367.38,6372.38,6359.11,6360.37,5999
2026-03-27T19:45:00+00:00,6360.37,6370.36,6350.1,6360.13,12127
2026-03-27T20:00:00+00:00,6360.13,6362.57,6351.06,6353.82,5631
2026-03-27T20:15:00+00:00,6353.82,6354.32,6340.81,6348.68,3453
2026-03-27T20:30:00+00:00,6348.68,6352.31,6345.32,6349.42,2106
2026-03-29T22:00:00+00:00,6349.42,6349.42,6318.56,6331.82,9708
2026-03-29T22:15:00+00:00,6331.82,6342.07,6330.06,6336.31,4102
2026-03-29T22:30:00+00:00,6336.31,6340.08,6326.56,6326.7,3515
2026-03-29T22:45:00+00:00,6326.7,6338.06,6322.31,6336.83,4137
2026-03-29T23:00:00+00:00,6336.83,6341.31,6328.33,6329.69,3553
2026-03-29T23:15:00+00:00,6329.69,6333.83,6327.45,6329.18,2172
2026-03-29T23:30:00+00:00,6329.18,6329.82,6321.56,6325.93,3470
2026-03-29T23:45:00+00:00,6325.93,6329.06,6317.33,6321.95,8127
2026-03-30T00:00:00+00:00,6321.95,6327.69,6314.82,6322.44,9859
2026-03-30T00:15:00+00:00,6322.44,6349.57,6318.31,6339.82,17365
2026-03-30T00:30:00+00:00,6339.82,6343.58,6322.82,6325.58,11125
2026-03-30T00:45:00+00:00,6325.58,6328.82,6318.56,6325.07,6727
2026-03-30T01:00:00+00:00,6325.07,6333.08,6324.31,6327.83,7204
2026-03-30T01:15:00+00:00,6327.83,6330.58,6322.56,6329.81,7089
2026-03-30T01:30:00+00:00,6329.81,6338.33,6328.81,6338.08,6472
2026-03-30T01:45:00+00:00,6338.08,6340.08,6335.31,6338.81,3491
2026-03-30T02:00:00+00:00,6338.81,6344.08,6337.81,6342.7,4367
2026-03-30T02:15:00+00:00,6342.7,6342.82,6334.56,6336.45,3930
2026-03-30T02:30:00+00:00,6336.45,6348.06,6336.31,6346.81,3752
2026-03-30T02:45:00+00:00,6346.81,6356.08,6346.06,6351.33,5043
2026-03-30T03:00:00+00:00,6351.33,6361.82,6351.06,6359.06,3810
2026-03-30T03:15:00+00:00,6359.06,6365.32,6358.57,6362.31,2978
2026-03-30T03:30:00+00:00,6362.31,6363.58,6359.31,6362.83,2956
2026-03-30T03:45:00+00:00,6362.83,6363.81,6358.83,6362.58,2560
2026-03-30T04:00:00+00:00,6362.58,6367.33,6360.81,6364.7,2360
2026-03-30T04:15:00+00:00,6364.7,6372.56,6364.06,6369.82,2108
2026-03-30T04:30:00+00:00,6369.82,6372.69,6365.93,6366.82,2229
2026-03-30T04:45:00+00:00,6366.82,6367.58,6363.85,6365.81,1673
2026-03-30T05:00:00+00:00,6365.81,6375.07,6365.57,6369.69,2838
2026-03-30T05:15:00+00:00,6369.69,6374.57,6369.31,6370.82,2232
2026-03-30T05:30:00+00:00,6370.82,6373.58,6367.83,6368.83,2315
2026-03-30T05:45:00+00:00,6368.83,6374.08,6366.58,6371.45,2674
2026-03-30T06:00:00+00:00,6371.45,6378.33,6369.94,6373.83,3742
2026-03-30T06:15:00+00:00,6373.83,6381.58,6373.81,6377.31,2746
2026-03-30T06:30:00+00:00,6377.31,6384.58,6376.81,6383.44,2844
2026-03-30T06:45:00+00:00,6383.44,6389.94,6382.06,6383.69,2617
2026-03-30T07:00:00+00:00,6383.69,6387.58,6378.06,6384.82,4422
2026-03-30T07:15:00+00:00,6384.82,6386.33,6378.06,6381.83,3595
2026-03-30T07:30:00+00:00,6381.83,6387.45,6377.31,6384.45,4335
2026-03-30T07:45:00+00:00,6384.45,6392.58,6384.07,6389.45,3213
2026-03-30T08:00:00+00:00,6389.45,6396.08,6383.56,6395.08,5419
2026-03-30T08:15:00+00:00,6395.08,6398.33,6391.81,6396.82,3593
2026-03-30T08:30:00+00:00,6396.82,6400.93,6394.31,6396.18,3446
2026-03-30T08:45:00+00:00,6396.18,6401.82,6392.81,6400.32,2799
2026-03-30T09:00:00+00:00,6400.32,6401.08,6393.81,6394.95,3245
2026-03-30T09:15:00+00:00,6394.95,6398.56,6388.06,6391.07,4374
2026-03-30T09:30:00+00:00,6391.07,6395.07,6386.57,6390.69,3202
2026-03-30T09:45:00+00:00,6390.69,6393.44,6388.06,6391.7,2917
2026-03-30T10:00:00+00:00,6391.7,6395.08,6389.06,6390.68,2964
2026-03-30T10:15:00+00:00,6390.68,6396.08,6388.83,6393.82,2399
2026-03-30T10:30:00+00:00,6393.82,6393.82,6387.33,6389.58,2909
2026-03-30T10:45:00+00:00,6389.58,6397.08,6388.81,6396.82,2517
2026-03-30T11:00:00+00:00,6396.82,6401.08,6396.56,6398.57,2949
2026-03-30T11:15:00+00:00,6398.57,6435.7,6397.31,6411.45,9591
2026-03-30T11:30:00+00:00,6411.45,6416.08,6401.06,6406.94,10659
2026-03-30T11:45:00+00:00,6406.94,6410.83,6400.83,6404.31,4961
2026-03-30T12:00:00+00:00,6404.31,6407.83,6397.35,6406.56,4206
2026-03-30T12:15:00+00:00,6406.56,6417.58,6404.33,6415.33,4198
2026-03-30T12:30:00+00:00,6415.33,6420.83,6413.57,6418.18,4315
2026-03-30T12:45:00+00:00,6418.18,6418.83,6413.31,6418.32,2984
2026-03-30T13:00:00+00:00,6418.32,6423.33,6410.56,6417.32,5302
2026-03-30T13:15:00+00:00,6417.32,6423.08,6415.31,6422.32,4646
2026-03-30T13:30:00+00:00,6422.32,6425.63,6389.38,6393.23,30454
2026-03-30T13:45:00+00:00,6393.23,6396.38,6368.37,6372.11,22466
2026-03-30T14:00:00+00:00,6372.11,6389.88,6371.62,6386.75,23673
2026-03-30T14:15:00+00:00,6386.75,6388.63,6375.61,6380.38,23239
2026-03-30T14:30:00+00:00,6380.38,6387.38,6369.36,6371.13,20086
2026-03-30T14:45:00+00:00,6371.13,6397.88,6368.86,6397.24,25876
2026-03-30T15:00:00+00:00,6397.24,6410.36,6385.87,6386.88,16770
2026-03-30T15:15:00+00:00,6386.88,6393.13,6377.36,6386.37,13345
2026-03-30T15:30:00+00:00,6386.37,6403.87,6382.36,6402.13,15236
2026-03-30T15:45:00+00:00,6402.13,6407.11,6393.86,6395.38,12761
2026-03-30T16:00:00+00:00,6395.38,6396.88,6382.37,6388.87,12087
2026-03-30T16:15:00+00:00,6388.87,6388.88,6373.36,6374.11,8824
2026-03-30T16:30:00+00:00,6374.11,6381.63,6372.62,6377.38,8576
2026-03-30T16:45:00+00:00,6377.38,6379.37,6371.38,6374.63,7297
2026-03-30T17:00:00+00:00,6374.63,6380.11,6366.13,6367.11,7964
2026-03-30T17:15:00+00:00,6367.11,6368.88,6353.86,6355.62,10414
2026-03-30T17:30:00+00:00,6355.62,6365.11,6348.37,6363.88,9657
2026-03-30T17:45:00+00:00,6363.88,6367.87,6353.36,6357.11,10352
2026-03-30T18:00:00+00:00,6357.11,6358.7300000000005,6350.080000000001,6354.100000000001,6943.715194372731
2026-03-30T18:15:00+00:00,6354.100000000001,6358.350000000001,6344.330000000001,6344.590000000001,7255
2026-03-30T18:30:00+00:00,6344.590000000001,6353.600000000001,6344.340000000001,6346.600000000001,6023
2026-03-30T18:45:00+00:00,6346.600000000001,6349.340000000001,6336.330000000001,6339.340000000001,5253
2026-03-30T19:00:00+00:00,6339.340000000001,6341.100000000001,6317.590000000001,6320.830000000001,8746
2026-03-30T19:15:00+00:00,6320.830000000001,6325.100000000001,6313.850000000001,6317.080000000001,8040
2026-03-30T19:30:00+00:00,6317.080000000001,6332.090000000001,6314.850000000001,6328.830000000001,9958
2026-03-30T19:45:00+00:00,6328.830000000001,6348.850000000001,6328.080000000001,6342.350000000001,14100
2026-03-30T20:00:00+00:00,6342.350000000001,6343.030000000002,6331.530000000002,6332.540000000001,3815
2026-03-30T20:15:00+00:00,6332.540000000001,6336.300000000001,6332.280000000002,6335.280000000002,1192
2026-03-30T20:30:00+00:00,6335.280000000002,6336.550000000001,6333.030000000002,6336.300000000001,662
2026-03-30T20:45:00+00:00,6336.300000000001,6338.140000000001,6334.280000000002,6337.770000000001,643
2026-03-30T22:00:00+00:00,6337.770000000001,6347.440000000001,6337.770000000001,6340.800000000001,2192
2026-03-30T22:15:00+00:00,6340.800000000001,6344.200000000001,6339.950000000001,6342.680000000001,932
2026-03-30T22:30:00+00:00,6342.680000000001,6343.440000000001,6338.8200000000015,6339.950000000001,990
2026-03-30T22:45:00+00:00,6339.950000000001,6342.450000000001,6338.0700000000015,6339.0700000000015,851
2026-03-30T23:00:00+00:00,6339.0700000000015,6339.0700000000015,6321.940000000001,6326.8200000000015,4747
2026-03-30T23:15:00+00:00,6326.8200000000015,6331.5700000000015,6325.050000000001,6328.3200000000015,2559
2026-03-30T23:30:00+00:00,6328.3200000000015,6329.0700000000015,6323.690000000001,6325.550000000001,1986
2026-03-30T23:45:00+00:00,6325.550000000001,6327.950000000001,6322.680000000001,6327.680000000001,2441
2026-03-31T00:00:00+00:00,6327.680000000001,6335.200000000001,6319.680000000001,6322.200000000001,6442
2026-03-31T00:15:00+00:00,6322.200000000001,6323.430000000001,6308.930000000001,6321.180000000001,6785
2026-03-31T00:30:00+00:00,6321.180000000001,6353.450000000001,6316.950000000001,6353.060000000001,11199
2026-03-31T00:45:00+00:00,6353.060000000001,6383.200000000001,6351.3200000000015,6366.5700000000015,18888
2026-03-31T01:00:00+00:00,6366.5700000000015,6373.200000000001,6354.180000000001,6361.5700000000015,12051
2026-03-31T01:15:00+00:00,6361.5700000000015,6393.800000000001,6360.430000000001,6391.050000000001,9807
2026-03-31T01:30:00+00:00,6391.050000000001,6408.700000000001,6390.5700000000015,6401.940000000001,12113
2026-03-31T01:45:00+00:00,6401.940000000001,6404.180000000001,6395.450000000001,6396.300000000001,7993
2026-03-31T02:00:00+00:00,6396.300000000001,6399.450000000001,6392.430000000001,6398.200000000001,5049
2026-03-31T02:15:00+00:00,6398.200000000001,6404.700000000001,6397.190000000001,6402.200000000001,4402
2026-03-31T02:30:00+00:00,6402.200000000001,6406.180000000001,6399.440000000001,6405.690000000001,4050
2026-03-31T02:45:00+00:00,6405.690000000001,6416.200000000001,6403.950000000001,6405.200000000001,3879
2026-03-31T03:00:00+00:00,6405.200000000001,6413.700000000001,6403.180000000001,6409.680000000001,3545
2026-03-31T03:15:00+00:00,6409.680000000001,6410.700000000001,6402.440000000001,6403.300000000001,2656
2026-03-31T03:30:00+00:00,6403.300000000001,6405.700000000001,6400.180000000001,6400.690000000001,2695
2026-03-31T03:45:00+00:00,6400.690000000001,6403.680000000001,6397.060000000001,6397.8200000000015,2755
2026-03-31T04:00:00+00:00,6397.8200000000015,6402.200000000001,6397.680000000001,6400.440000000001,2425
2026-03-31T04:15:00+00:00,6400.440000000001,6403.690000000001,6393.430000000001,6395.3200000000015,2501
2026-03-31T04:30:00+00:00,6395.3200000000015,6398.950000000001,6392.430000000001,6395.200000000001,2691
2026-03-31T04:45:00+00:00,6395.200000000001,6397.0700000000015,6387.300000000001,6388.950000000001,2369
2026-03-31T05:00:00+00:00,6388.950000000001,6389.200000000001,6379.200000000001,6379.810000000001,2637
2026-03-31T05:15:00+00:00,6379.810000000001,6392.200000000001,6376.930000000001,6388.680000000001,3658
2026-03-31T05:30:00+00:00,6388.680000000001,6395.190000000001,6387.180000000001,6392.950000000001,3785
2026-03-31T05:45:00+00:00,6392.950000000001,6399.200000000001,6391.190000000001,6393.060000000001,3840
2026-03-31T06:00:00+00:00,6393.060000000001,6393.930000000001,6383.190000000001,6385.430000000001,4401
2026-03-31T06:15:00+00:00,6385.430000000001,6395.190000000001,6384.180000000001,6388.550000000001,4427
2026-03-31T06:30:00+00:00,6388.550000000001,6391.5700000000015,6382.5700000000015,6383.700000000001,5522
2026-03-31T06:45:00+00:00,6383.700000000001,6392.5700000000015,6381.930000000001,6388.060000000001,3229
2026-03-31T07:00:00+00:00,6388.060000000001,6391.800000000001,6378.440000000001,6382.0700000000015,6310
2026-03-31T07:15:00+00:00,6382.0700000000015,6386.930000000001,6376.440000000001,6385.300000000001,5569
2026-03-31T07:30:00+00:00,6385.300000000001,6402.440000000001,6385.300000000001,6401.700000000001,5220
2026-03-31T07:45:00+00:00,6401.700000000001,6410.190000000001,6401.300000000001,6409.690000000001,4153
2026-03-31T08:00:00+00:00,6409.690000000001,6411.3200000000015,6399.060000000001,6400.560000000001,6125
2026-03-31T08:15:00+00:00,6400.560000000001,6405.3200000000015,6396.930000000001,6398.310000000001,4619
2026-03-31T08:30:00+00:00,6398.310000000001,6400.200000000001,6393.680000000001,6395.190000000001,4331
2026-03-31T08:45:00+00:00,6395.190000000001,6400.3200000000015,6389.940000000001,6395.200000000001,4679
2026-03-31T09:00:00+00:00,6395.200000000001,6404.680000000001,6394.470000000001,6400.300000000001,3717
2026-03-31T09:15:00+00:00,6400.300000000001,6404.440000000001,6395.800000000001,6396.950000000001,3904
2026-03-31T09:30:00+00:00,6396.950000000001,6400.950000000001,6391.930000000001,6397.0700000000015,4751
2026-03-31T09:45:00+00:00,6397.0700000000015,6400.950000000001,6389.930000000001,6392.930000000001,4201
2026-03-31T10:00:00+00:00,6392.930000000001,6400.430000000001,6392.700000000001,6396.700000000001,4025
2026-03-31T10:15:00+00:00,6396.700000000001,6398.440000000001,6391.810000000001,6395.930000000001,2845
2026-03-31T10:30:00+00:00,6395.930000000001,6397.440000000001,6378.430000000001,6380.310000000001,4393
2026-03-31T10:45:00+00:00,6380.310000000001,6392.200000000001,6378.940000000001,6390.050000000001,3666
2026-03-31T11:00:00+00:00,6390.050000000001,6421.5700000000015,6386.180000000001,6404.800000000001,11030
2026-03-31T11:15:00+00:00,6404.800000000001,6416.550000000001,6401.430000000001,6405.180000000001,14009
2026-03-31T11:30:00+00:00,6405.180000000001,6413.680000000001,6399.680000000001,6413.3200000000015,6703
2026-03-31T11:45:00+00:00,6413.3200000000015,6413.450000000001,6401.810000000001,6408.180000000001,7316
2026-03-31T12:00:00+00:00,6408.180000000001,6424.450000000001,6397.200000000001,6398.180000000001,9885
2026-03-31T12:15:00+00:00,6398.180000000001,6419.310000000001,6392.930000000001,6415.050000000001,10938
2026-03-31T12:30:00+00:00,6415.050000000001,6423.680000000001,6412.300000000001,6421.940000000001,6877
2026-03-31T12:45:00+00:00,6421.940000000001,6422.3200000000015,6408.180000000001,6408.450000000001,5726
2026-03-31T13:00:00+00:00,6408.450000000001,6414.210000000001,6405.180000000001,6411.190000000001,5553
2026-03-31T13:15:00+00:00,6411.190000000001,6417.700000000001,6410.430000000001,6412.440000000001,5716
2026-03-31T13:30:00+00:00,6412.440000000001,6427.750000000001,6405.480000000001,6415.000000000001,31778
2026-03-31T13:45:00+00:00,6415.000000000001,6449.740000000002,6414.990000000002,6449.100000000001,22970
2026-03-31T14:00:00+00:00,6449.100000000001,6452.250000000001,6433.480000000001,6437.250000000001,22124
2026-03-31T14:15:00+00:00,6437.250000000001,6449.490000000002,6431.100000000001,6447.500000000001,21236
2026-03-31T14:30:00+00:00,6447.500000000001,6449.000000000001,6421.700000000001,6424.740000000002,17125
2026-03-31T14:45:00+00:00,6424.740000000002,6427.250000000001,6401.730000000001,6408.730000000001,20022
2026-03-31T15:00:00+00:00,6408.730000000001,6443.000000000001,6408.480000000001,6441.990000000002,19472
2026-03-31T15:15:00+00:00,6441.990000000002,6445.240000000002,6427.490000000002,6429.240000000002,16005
2026-03-31T15:30:00+00:00,6429.240000000002,6435.250000000001,6421.230000000001,6429.850000000001,18113
2026-03-31T15:45:00+00:00,6429.850000000001,6434.250000000001,6419.230000000001,6420.230000000001,14732
2026-03-31T16:00:00+00:00,6420.230000000001,6439.250000000001,6417.250000000001,6434.980000000001,12871
2026-03-31T16:15:00+00:00,6434.980000000001,6448.980000000001,6434.980000000001,6443.730000000001,9523
2026-03-31T16:30:00+00:00,6443.730000000001,6518.370000000001,6438.980000000001,6494.100000000001,45311
2026-03-31T16:45:00+00:00,6494.100000000001,6503.000000000001,6472.230000000001,6489.500000000001,51035
2026-03-31T17:00:00+00:00,6489.500000000001,6508.750000000001,6484.350000000001,6497.990000000002,34705
2026-03-31T17:15:00+00:00,6497.990000000002,6508.250000000001,6490.730000000001,6492.990000000002,23537
2026-03-31T17:30:00+00:00,6492.990000000002,6507.230000000001,6484.730000000001,6489.980000000001,28111
2026-03-31T17:45:00+00:00,6489.980000000001,6498.250000000001,6484.240000000002,6486.740000000002,16672
2026-03-31T18:00:00+00:00,6486.740000000002,6502.250000000001,6486.500000000001,6497.500000000001,16331
2026-03-31T18:15:00+00:00,6497.500000000001,6505.250000000001,6492.240000000002,6499.8600000000015,12435
2026-03-31T18:30:00+00:00,6499.8600000000015,6509.250000000001,6494.500000000001,6502.480000000001,12925
2026-03-31T18:45:00+00:00,6502.480000000001,6512.000000000001,6501.980000000001,6509.250000000001,7592
2026-03-31T19:00:00+00:00,6509.250000000001,6514.750000000001,6502.730000000001,6513.480000000001,8155
2026-03-31T19:15:00+00:00,6513.480000000001,6521.740000000002,6511.980000000001,6516.500000000001,7897
2026-03-31T19:30:00+00:00,6516.500000000001,6528.750000000001,6515.980000000001,6524.230000000001,8152
2026-03-31T19:45:00+00:00,6524.230000000001,6537.990000000002,6514.960000000001,6524.480000000001,19386
2026-03-31T20:00:00+00:00,6524.480000000001,6528.700000000001,6516.690000000001,6526.430000000001,9297
2026-03-31T20:15:00+00:00,6526.430000000001,6531.940000000001,6524.940000000001,6530.680000000001,1943
2026-03-31T20:30:00+00:00,6530.680000000001,6531.450000000001,6522.050000000001,6522.950000000001,1560
2026-03-31T20:45:00+00:00,6522.950000000001,6524.950000000001,6519.930000000001,6522.550000000001,1308
2026-03-31T22:00:00+00:00,6522.550000000001,6531.950000000001,6516.680000000001,6530.810000000001,4243
2026-03-31T22:15:00+00:00,6530.810000000001,6532.810000000001,6524.450000000001,6529.300000000001,2705
2026-03-31T22:30:00+00:00,6529.300000000001,6531.440000000001,6524.430000000001,6529.060000000001,1574
2026-03-31T22:45:00+00:00,6529.060000000001,6529.700000000001,6526.180000000001,6528.180000000001,899
2026-03-31T23:00:00+00:00,6528.180000000001,6528.700000000001,6524.930000000001,6526.190000000001,1322
2026-03-31T23:15:00+00:00,6526.190000000001,6531.700000000001,6524.680000000001,6530.430000000001,928
2026-03-31T23:30:00+00:00,6530.430000000001,6542.180000000001,6530.060000000001,6534.440000000001,1881
2026-03-31T23:45:00+00:00,6534.440000000001,6547.680000000001,6533.180000000001,6545.3200000000015,2338
2026-04-01T00:00:00+00:00,6545.3200000000015,6548.060000000001,6541.200000000001,6543.950000000001,4416
2026-04-01T00:15:00+00:00,6543.950000000001,6544.950000000001,6539.560000000001,6542.690000000001,4310
2026-04-01T00:30:00+00:00,6542.690000000001,6544.950000000001,6535.940000000001,6543.800000000001,3609
2026-04-01T00:45:00+00:00,6543.800000000001,6548.450000000001,6541.930000000001,6548.200000000001,3539
2026-04-01T01:00:00+00:00,6548.200000000001,6549.930000000001,6535.050000000001,6541.200000000001,7946
2026-04-01T01:15:00+00:00,6541.200000000001,6545.0700000000015,6537.680000000001,6544.190000000001,4288
2026-04-01T01:30:00+00:00,6544.190000000001,6545.190000000001,6535.680000000001,6537.060000000001,3815
2026-04-01T01:45:00+00:00,6537.060000000001,6538.450000000001,6534.680000000001,6536.950000000001,2231
2026-04-01T02:00:00+00:00,6536.950000000001,6540.950000000001,6535.440000000001,6536.430000000001,2325
2026-04-01T02:15:00+00:00,6536.430000000001,6537.700000000001,6533.700000000001,6534.430000000001,1611
2026-04-01T02:30:00+00:00,6534.430000000001,6535.450000000001,6531.180000000001,6534.450000000001,2020
2026-04-01T02:45:00+00:00,6534.450000000001,6536.950000000001,6533.430000000001,6534.050000000001,1621
2026-04-01T03:00:00+00:00,6534.050000000001,6538.180000000001,6533.180000000001,6536.5700000000015,1755
2026-04-01T03:15:00+00:00,6536.5700000000015,6537.200000000001,6533.940000000001,6535.5700000000015,1370
2026-04-01T03:30:00+00:00,6535.5700000000015,6538.450000000001,6535.180000000001,6537.680000000001,1415
2026-04-01T03:45:00+00:00,6537.680000000001,6538.8200000000015,6534.940000000001,6536.180000000001,1179
2026-04-01T04:00:00+00:00,6536.180000000001,6538.680000000001,6535.180000000001,6535.930000000001,869
2026-04-01T04:15:00+00:00,6535.930000000001,6540.440000000001,6535.050000000001,6540.180000000001,1262
2026-04-01T04:30:00+00:00,6540.180000000001,6541.450000000001,6538.430000000001,6540.450000000001,1136
2026-04-01T04:45:00+00:00,6540.450000000001,6543.450000000001,6539.180000000001,6541.3200000000015,1318
2026-04-01T05:00:00+00:00,6541.3200000000015,6548.450000000001,6540.180000000001,6548.190000000001,1773
2026-04-01T05:15:00+00:00,6548.190000000001,6554.930000000001,6546.440000000001,6549.8200000000015,2166
2026-04-01T05:30:00+00:00,6549.8200000000015,6552.450000000001,6545.690000000001,6550.680000000001,2410
2026-04-01T05:45:00+00:00,6550.680000000001,6552.700000000001,6547.430000000001,6548.450000000001,2373
2026-04-01T06:00:00+00:00,6548.450000000001,6558.180000000001,6547.930000000001,6557.700000000001,3428
2026-04-01T06:15:00+00:00,6557.700000000001,6567.930000000001,6556.450000000001,6566.0700000000015,4472
2026-04-01T06:30:00+00:00,6566.0700000000015,6576.940000000001,6564.690000000001,6575.950000000001,5424
2026-04-01T06:45:00+00:00,6575.950000000001,6577.450000000001,6571.8200000000015,6575.950000000001,4564
2026-04-01T07:00:00+00:00,6575.950000000001,6578.440000000001,6570.180000000001,6572.050000000001,5155
2026-04-01T07:15:00+00:00,6572.050000000001,6572.060000000001,6567.440000000001,6570.940000000001,3137
2026-04-01T07:30:00+00:00,6570.940000000001,6577.450000000001,6569.690000000001,6573.430000000001,3688
2026-04-01T07:45:00+00:00,6573.430000000001,6574.560000000001,6554.050000000001,6555.930000000001,5343
2026-04-01T08:00:00+00:00,6555.930000000001,6560.200000000001,6545.680000000001,6548.190000000001,6544
2026-04-01T08:15:00+00:00,6548.190000000001,6563.5700000000015,6547.180000000001,6557.700000000001,4912
2026-04-01T08:30:00+00:00,6557.700000000001,6562.700000000001,6556.940000000001,6561.440000000001,4330
2026-04-01T08:45:00+00:00,6561.440000000001,6564.200000000001,6545.940000000001,6557.050000000001,5968
2026-04-01T09:00:00+00:00,6557.050000000001,6560.940000000001,6547.180000000001,6549.680000000001,4895
2026-04-01T09:15:00+00:00,6549.680000000001,6551.200000000001,6541.930000000001,6547.940000000001,4358
2026-04-01T09:30:00+00:00,6547.940000000001,6555.440000000001,6547.690000000001,6553.430000000001,3646
2026-04-01T09:45:00+00:00,6553.430000000001,6563.3200000000015,6553.200000000001,6558.450000000001,4473
2026-04-01T10:00:00+00:00,6558.450000000001,6562.700000000001,6554.180000000001,6559.0700000000015,3872
2026-04-01T10:15:00+00:00,6559.0700000000015,6562.450000000001,6554.930000000001,6557.690000000001,3210
2026-04-01T10:30:00+00:00,6557.690000000001,6563.450000000001,6556.050000000001,6562.190000000001,3038
2026-04-01T10:45:00+00:00,6562.190000000001,6573.950000000001,6561.940000000001,6571.450000000001,4840
2026-04-01T11:00:00+00:00,6571.450000000001,6576.690000000001,6570.050000000001,6576.450000000001,3183
2026-04-01T11:15:00+00:00,6576.450000000001,6579.700000000001,6574.190000000001,6576.310000000001,3387
2026-04-01T11:30:00+00:00,6576.310000000001,6583.690000000001,6575.300000000001,6580.450000000001,3604
2026-04-01T11:45:00+00:00,6580.450000000001,6586.200000000001,6577.930000000001,6583.300000000001,3329
2026-04-01T12:00:00+00:00,6583.300000000001,6583.950000000001,6575.430000000001,6576.310000000001,3618
2026-04-01T12:15:00+00:00,6576.310000000001,6578.440000000001,6565.180000000001,6571.0700000000015,4568
2026-04-01T12:30:00+00:00,6571.0700000000015,6595.190000000001,6559.940000000001,6580.220000000001,6464
2026-04-01T12:45:00+00:00,6580.220000000001,6593.550000000001,6548.930000000001,6551.930000000001,19666
2026-04-01T13:00:00+00:00,6551.930000000001,6557.700000000001,6545.680000000001,6552.0700000000015,10935
2026-04-01T13:15:00+00:00,6552.0700000000015,6561.950000000001,6550.680000000001,6561.680000000001,8772
2026-04-01T13:30:00+00:00,6561.680000000001,6584.000000000001,6556.980000000001,6563.350000000001,32594
2026-04-01T13:45:00+00:00,6563.350000000001,6572.250000000001,6553.480000000001,6566.600000000001,34997
2026-04-01T14:00:00+00:00,6566.600000000001,6576.750000000001,6562.500000000001,6569.620000000001,32731
2026-04-01T14:15:00+00:00,6569.620000000001,6578.750000000001,6565.960000000001,6573.980000000001,25499
2026-04-01T14:30:00+00:00,6573.980000000001,6586.6100000000015,6560.480000000001,6580.730000000001,26975
2026-04-01T14:45:00+00:00,6580.730000000001,6592.750000000001,6573.950000000001,6589.1100000000015,16104
2026-04-01T15:00:00+00:00,6589.1100000000015,6595.000000000001,6587.230000000001,6590.230000000001,11504
2026-04-01T15:15:00+00:00,6590.230000000001,6594.750000000001,6587.230000000001,6587.490000000002,10077
2026-04-01T15:30:00+00:00,6587.490000000002,6597.750000000001,6583.000000000001,6596.230000000001,10256
2026-04-01T15:45:00+00:00,6596.230000000001,6605.250000000001,6593.990000000002,6602.500000000001,5987
2026-04-01T16:00:00+00:00,6602.500000000001,6605.000000000001,6598.480000000001,6599.500000000001,6807
2026-04-01T16:15:00+00:00,6599.500000000001,6603.230000000001,6594.730000000001,6595.480000000001,5445
2026-04-01T16:30:00+00:00,6595.480000000001,6603.000000000001,6591.980000000001,6602.480000000001,4581
2026-04-01T16:45:00+00:00,6602.480000000001,6603.500000000001,6599.490000000002,6601.740000000002,2729
2026-04-01T17:00:00+00:00,6601.740000000002,6609.000000000001,6600.730000000001,6607.480000000001,3296
2026-04-01T17:15:00+00:00,6607.480000000001,6609.240000000002,6605.240000000002,6606.990000000002,2700
2026-04-01T17:30:00+00:00,6606.990000000002,6608.490000000002,6600.980000000001,6602.740000000002,3187
2026-04-01T17:45:00+00:00,6602.740000000002,6604.000000000001,6591.230000000001,6591.240000000002,4327
2026-04-01T18:00:00+00:00,6591.240000000002,6593.000000000001,6579.980000000001,6582.240000000002,11405
2026-04-01T18:15:00+00:00,6582.240000000002,6582.250000000001,6561.490000000002,6565.230000000001,13093
2026-04-01T18:30:00+00:00,6565.230000000001,6577.740000000002,6559.730000000001,6571.730000000001,11957
2026-04-01T18:45:00+00:00,6571.730000000001,6573.000000000001,6564.490000000002,6567.240000000002,9019
2026-04-01T19:00:00+00:00,6567.240000000002,6577.000000000001,6565.730000000001,6575.000000000001,7666
2026-04-01T19:15:00+00:00,6575.000000000001,6586.500000000001,6572.730000000001,6583.980000000001,5716
2026-04-01T19:30:00+00:00,6583.980000000001,6590.250000000001,6579.480000000001,6584.3600000000015,5933
2026-04-01T19:45:00+00:00,6584.3600000000015,6586.250000000001,6570.240000000002,6574.980000000001,11449
2026-04-01T20:00:00+00:00,6574.980000000001,6579.200000000001,6571.680000000001,6577.940000000001,3522
2026-04-01T20:15:00+00:00,6577.940000000001,6578.200000000001,6571.950000000001,6572.940000000001,1070
2026-04-01T20:30:00+00:00,6572.940000000001,6576.950000000001,6572.940000000001,6575.190000000001,461
2026-04-01T20:45:00+00:00,6575.190000000001,6576.930000000001,6572.680000000001,6572.950000000001,598
2026-04-01T22:00:00+00:00,6572.950000000001,6577.960000000001,6570.200000000001,6573.200000000001,2086
2026-04-01T22:15:00+00:00,6573.200000000001,6574.470000000001,6569.200000000001,6573.700000000001,1062
2026-04-01T22:30:00+00:00,6573.700000000001,6575.220000000001,6571.450000000001,6574.220000000001,792
2026-04-01T22:45:00+00:00,6574.220000000001,6574.840000000001,6566.700000000001,6568.700000000001,1837
2026-04-01T23:00:00+00:00,6568.700000000001,6575.220000000001,6567.700000000001,6574.590000000001,1062
2026-04-01T23:15:00+00:00,6574.590000000001,6574.970000000001,6571.950000000001,6574.830000000001,672
2026-04-01T23:30:00+00:00,6574.830000000001,6574.830000000001,6571.210000000001,6572.840000000001,685
2026-04-01T23:45:00+00:00,6572.840000000001,6574.330000000001,6566.200000000001,6570.720000000001,1950
2026-04-02T00:00:00+00:00,6570.720000000001,6570.960000000001,6564.950000000001,6567.700000000001,4641
2026-04-02T00:15:00+00:00,6567.700000000001,6570.5700000000015,6563.960000000001,6565.470000000001,3822
2026-04-02T00:30:00+00:00,6565.470000000001,6581.970000000001,6563.450000000001,6581.3200000000015,4982
2026-04-02T00:45:00+00:00,6581.3200000000015,6588.470000000001,6577.700000000001,6586.720000000001,5197
2026-04-02T01:00:00+00:00,6586.720000000001,6587.5700000000015,6550.970000000001,6563.590000000001,18472
2026-04-02T01:15:00+00:00,6563.590000000001,6565.080000000001,6522.470000000001,6526.460000000001,20131
2026-04-02T01:30:00+00:00,6526.460000000001,6527.950000000001,6511.210000000001,6518.090000000001,16578
2026-04-02T01:45:00+00:00,6518.090000000001,6521.340000000001,6509.460000000001,6515.580000000001,12729
2026-04-02T02:00:00+00:00,6515.580000000001,6521.720000000001,6498.470000000001,6500.950000000001,9870
2026-04-02T02:15:00+00:00,6500.950000000001,6507.970000000001,6499.200000000001,6499.5700000000015,6416
2026-04-02T02:30:00+00:00,6499.5700000000015,6504.220000000001,6497.8200000000015,6503.580000000001,5653
2026-04-02T02:45:00+00:00,6503.580000000001,6507.970000000001,6501.950000000001,6506.200000000001,3656
2026-04-02T03:00:00+00:00,6506.200000000001,6506.220000000001,6498.8200000000015,6503.200000000001,3252
2026-04-02T03:15:00+00:00,6503.200000000001,6507.720000000001,6502.8200000000015,6504.460000000001,2358
2026-04-02T03:30:00+00:00,6504.460000000001,6504.970000000001,6493.470000000001,6498.210000000001,3866
2026-04-02T03:45:00+00:00,6498.210000000001,6498.700000000001,6491.950000000001,6493.3200000000015,2789
2026-04-02T04:00:00+00:00,6493.3200000000015,6496.970000000001,6488.980000000001,6491.210000000001,2889
2026-04-02T04:15:00+00:00,6491.210000000001,6496.720000000001,6490.3200000000015,6491.220000000001,2609
2026-04-02T04:30:00+00:00,6491.220000000001,6493.470000000001,6487.8200000000015,6490.710000000001,1946
2026-04-02T04:45:00+00:00,6490.710000000001,6492.090000000001,6487.200000000001,6489.470000000001,1793
2026-04-02T05:00:00+00:00,6489.470000000001,6494.720000000001,6489.470000000001,6490.210000000001,2475
2026-04-02T05:15:00+00:00,6490.210000000001,6493.080000000001,6487.710000000001,6492.970000000001,2047
2026-04-02T05:30:00+00:00,6492.970000000001,6496.450000000001,6483.200000000001,6484.840000000001,3521
2026-04-02T05:45:00+00:00,6484.840000000001,6485.580000000001,6478.340000000001,6478.720000000001,2785
2026-04-02T06:00:00+00:00,6478.720000000001,6487.220000000001,6476.700000000001,6478.200000000001,4137
2026-04-02T06:15:00+00:00,6478.200000000001,6485.220000000001,6476.200000000001,6483.950000000001,3440
2026-04-02T06:30:00+00:00,6483.950000000001,6487.220000000001,6481.700000000001,6484.340000000001,2910
2026-04-02T06:45:00+00:00,6484.340000000001,6489.470000000001,6481.200000000001,6488.840000000001,2699
2026-04-02T07:00:00+00:00,6488.840000000001,6491.580000000001,6483.970000000001,6488.0700000000015,4882
2026-04-02T07:15:00+00:00,6488.0700000000015,6493.460000000001,6484.700000000001,6491.710000000001,3701
2026-04-02T07:30:00+00:00,6491.710000000001,6498.700000000001,6490.8200000000015,6496.090000000001,3392
2026-04-02T07:45:00+00:00,6496.090000000001,6505.720000000001,6495.950000000001,6504.970000000001,2558
2026-04-02T08:00:00+00:00,6504.970000000001,6506.090000000001,6497.700000000001,6498.830000000001,3399
2026-04-02T08:15:00+00:00,6498.830000000001,6500.970000000001,6493.8200000000015,6498.450000000001,2815
2026-04-02T08:30:00+00:00,6498.450000000001,6506.960000000001,6498.200000000001,6501.0700000000015,2895
2026-04-02T08:45:00+00:00,6501.0700000000015,6503.450000000001,6496.700000000001,6498.200000000001,2321
2026-04-02T09:00:00+00:00,6498.200000000001,6501.210000000001,6494.960000000001,6495.450000000001,2262
2026-04-02T09:15:00+00:00,6495.450000000001,6503.700000000001,6494.950000000001,6501.0700000000015,2514
2026-04-02T09:30:00+00:00,6501.0700000000015,6501.340000000001,6494.450000000001,6495.330000000001,2193
2026-04-02T09:45:00+00:00,6495.330000000001,6499.460000000001,6493.210000000001,6496.950000000001,2359
2026-04-02T10:00:00+00:00,6496.950000000001,6499.450000000001,6487.0700000000015,6487.460000000001,3458
2026-04-02T10:15:00+00:00,6487.460000000001,6488.460000000001,6483.950000000001,6484.840000000001,3095
2026-04-02T10:30:00+00:00,6484.840000000001,6494.330000000001,6482.220000000001,6491.5700000000015,3406
2026-04-02T10:45:00+00:00,6491.5700000000015,6494.960000000001,6488.700000000001,6492.590000000001,3208
2026-04-02T11:00:00+00:00,6492.590000000001,6494.450000000001,6481.3200000000015,6481.460000000001,4277
2026-04-02T11:15:00+00:00,6481.460000000001,6482.220000000001,6472.950000000001,6473.8200000000015,4122
2026-04-02T11:30:00+00:00,6473.8200000000015,6480.090000000001,6467.450000000001,6469.960000000001,3895
2026-04-02T11:45:00+00:00,6469.960000000001,6476.720000000001,6464.330000000001,6464.470000000001,3727
2026-04-02T12:00:00+00:00,6464.470000000001,6467.720000000001,6459.740000000002,6464.210000000001,4919
2026-04-02T12:15:00+00:00,6464.210000000001,6475.720000000001,6462.700000000001,6473.5700000000015,4879
2026-04-02T12:30:00+00:00,6473.5700000000015,6477.200000000001,6470.700000000001,6475.960000000001,3940
2026-04-02T12:45:00+00:00,6475.960000000001,6480.960000000001,6472.450000000001,6473.080000000001,6010
2026-04-02T13:00:00+00:00,6473.080000000001,6480.710000000001,6471.200000000001,6474.450000000001,7556
2026-04-02T13:15:00+00:00,6474.450000000001,6485.970000000001,6473.960000000001,6483.710000000001,6980
2026-04-02T13:30:00+00:00,6483.710000000001,6494.520000000001,6470.500000000001,6476.500000000001,30311
2026-04-02T13:45:00+00:00,6476.500000000001,6518.880000000001,6473.760000000001,6516.510000000001,27034
2026-04-02T14:00:00+00:00,6516.510000000001,6525.020000000001,6505.500000000001,6516.500000000001,24434
2026-04-02T14:15:00+00:00,6516.500000000001,6531.020000000001,6515.500000000001,6523.750000000001,21225
2026-04-02T14:30:00+00:00,6523.750000000001,6600.620000000001,6521.500000000001,6581.500000000001,55886
2026-04-02T14:45:00+00:00,6581.500000000001,6583.770000000001,6554.250000000001,6575.010000000001,32547
2026-04-02T15:00:00+00:00,6575.010000000001,6580.390000000001,6559.010000000001,6573.760000000001,29204
2026-04-02T15:15:00+00:00,6573.760000000001,6579.020000000001,6560.000000000001,6573.770000000001,22862
2026-04-02T15:30:00+00:00,6573.770000000001,6580.010000000001,6563.500000000001,6573.270000000001,19034
2026-04-02T15:45:00+00:00,6573.270000000001,6573.520000000001,6551.250000000001,6561.270000000001,17889
2026-04-02T16:00:00+00:00,6561.270000000001,6568.000000000001,6548.750000000001,6554.750000000001,14917
2026-04-02T16:15:00+00:00,6554.750000000001,6557.760000000001,6542.510000000001,6548.120000000001,14671
2026-04-02T16:30:00+00:00,6548.120000000001,6570.520000000001,6546.250000000001,6563.250000000001,17531
2026-04-02T16:45:00+00:00,6563.250000000001,6566.770000000001,6556.000000000001,6556.510000000001,10113
2026-04-02T17:00:00+00:00,6556.510000000001,6567.010000000001,6550.750000000001,6564.500000000001,11023
2026-04-02T17:15:00+00:00,6564.500000000001,6571.260000000001,6563.510000000001,6567.020000000001,7737
2026-04-02T17:30:00+00:00,6567.020000000001,6568.270000000001,6559.000000000001,6563.270000000001,6899
2026-04-02T17:45:00+00:00,6563.270000000001,6564.020000000001,6546.500000000001,6553.250000000001,9095
2026-04-02T18:00:00+00:00,6553.250000000001,6565.270000000001,6553.130000000001,6560.000000000001,8508
2026-04-02T18:15:00+00:00,6560.000000000001,6563.510000000001,6554.500000000001,6556.010000000001,7056
2026-04-02T18:30:00+00:00,6556.010000000001,6566.270000000001,6554.750000000001,6564.270000000001,6325
2026-04-02T18:45:00+00:00,6564.270000000001,6571.390000000001,6563.000000000001,6565.260000000001,5425
2026-04-02T19:00:00+00:00,6565.260000000001,6573.520000000001,6564.760000000001,6568.000000000001,5357
2026-04-02T19:15:00+00:00,6568.000000000001,6569.500000000001,6561.750000000001,6564.260000000001,5736
2026-04-02T19:30:00+00:00,6564.260000000001,6570.520000000001,6561.010000000001,6564.020000000001,5342
2026-04-02T19:45:00+00:00,6564.020000000001,6581.270000000001,6562.000000000001,6579.520000000001,10468
2026-04-02T20:00:00+00:00,6579.520000000001,6580.970000000001,6575.200000000001,6579.460000000001,3053
2026-04-02T20:15:00+00:00,6579.460000000001,6584.720000000001,6577.700000000001,6583.720000000001,1068
2026-04-02T20:30:00+00:00,6583.720000000001,6584.220000000001,6578.450000000001,6579.470000000001,916
2026-04-02T20:45:00+00:00,6579.470000000001,6581.700000000001,6577.720000000001,6580.310000000001,792
2026-04-02T22:00:00+00:00,6580.310000000001,6580.590000000001,6576.480000000001,6577.830000000001,501
2026-04-02T22:15:00+00:00,6577.830000000001,6582.970000000001,6576.200000000001,6580.0700000000015,1600
2026-04-02T22:30:00+00:00,6580.0700000000015,6582.720000000001,6579.460000000001,6580.8200000000015,708
2026-04-02T22:45:00+00:00,6580.8200000000015,6581.720000000001,6579.700000000001,6580.5700000000015,289
2026-04-02T23:00:00+00:00,6580.5700000000015,6580.5700000000015,6577.200000000001,6577.830000000001,726.3448394495413
2026-04-02T23:15:00+00:00,6577.830000000001,6580.960000000001,6577.700000000001,6580.200000000001,389
2026-04-02T23:30:00+00:00,6580.200000000001,6582.470000000001,6579.710000000001,6580.710000000001,409
2026-04-02T23:45:00+00:00,6580.710000000001,6580.970000000001,6578.700000000001,6580.450000000001,607
2026-04-03T00:00:00+00:00,6580.450000000001,6588.8200000000015,6580.450000000001,6584.960000000001,2517
2026-04-03T00:15:00+00:00,6584.960000000001,6584.960000000001,6580.3200000000015,6583.580000000001,1341
2026-04-03T00:30:00+00:00,6583.580000000001,6583.720000000001,6578.720000000001,6580.220000000001,1199
2026-04-03T00:45:00+00:00,6580.220000000001,6581.220000000001,6579.200000000001,6580.700000000001,821
2026-04-03T01:00:00+00:00,6580.700000000001,6581.720000000001,6576.950000000001,6577.590000000001,785
2026-04-03T01:15:00+00:00,6577.590000000001,6580.0700000000015,6576.960000000001,6579.580000000001,828
2026-04-03T01:30:00+00:00,6579.580000000001,6580.0700000000015,6576.950000000001,6577.330000000001,559
2026-04-03T01:45:00+00:00,6577.330000000001,6577.710000000001,6574.950000000001,6575.340000000001,577
2026-04-03T02:00:00+00:00,6575.340000000001,6576.460000000001,6574.450000000001,6576.330000000001,568
2026-04-03T02:15:00+00:00,6576.330000000001,6577.220000000001,6568.950000000001,6569.5700000000015,829
2026-04-03T02:30:00+00:00,6569.5700000000015,6570.090000000001,6565.950000000001,6568.840000000001,1176
2026-04-03T02:45:00+00:00,6568.840000000001,6573.460000000001,6565.210000000001,6570.0700000000015,1566
2026-04-03T03:00:00+00:00,6570.0700000000015,6573.710000000001,6569.720000000001,6570.580000000001,697
2026-04-03T03:15:00+00:00,6570.580000000001,6572.470000000001,6569.200000000001,6569.460000000001,621
2026-04-03T03:30:00+00:00,6569.460000000001,6571.340000000001,6567.700000000001,6568.330000000001,606
2026-04-03T03:45:00+00:00,6568.330000000001,6570.8200000000015,6568.200000000001,6569.210000000001,524
2026-04-03T04:00:00+00:00,6569.210000000001,6571.220000000001,6568.700000000001,6570.460000000001,434
2026-04-03T04:15:00+00:00,6570.460000000001,6571.950000000001,6569.700000000001,6570.470000000001,471
2026-04-03T04:30:00+00:00,6570.470000000001,6571.220000000001,6565.720000000001,6566.450000000001,466
2026-04-03T04:45:00+00:00,6566.450000000001,6569.720000000001,6566.210000000001,6567.580000000001,526
2026-04-03T05:00:00+00:00,6567.580000000001,6571.210000000001,6567.080000000001,6569.710000000001,580
2026-04-03T05:15:00+00:00,6569.710000000001,6569.970000000001,6565.220000000001,6567.700000000001,577
2026-04-03T05:30:00+00:00,6567.700000000001,6572.210000000001,6567.700000000001,6571.8200000000015,532
2026-04-03T05:45:00+00:00,6571.8200000000015,6572.720000000001,6569.450000000001,6569.970000000001,497
2026-04-03T06:00:00+00:00,6569.970000000001,6570.450000000001,6568.460000000001,6569.080000000001,477
2026-04-03T06:15:00+00:00,6569.080000000001,6569.970000000001,6567.200000000001,6568.220000000001,462
2026-04-03T06:30:00+00:00,6568.220000000001,6568.470000000001,6561.710000000001,6562.710000000001,842
2026-04-03T06:45:00+00:00,6562.710000000001,6565.470000000001,6559.200000000001,6562.700000000001,742
2026-04-03T07:00:00+00:00,6562.700000000001,6563.470000000001,6555.200000000001,6557.470000000001,860
2026-04-03T07:15:00+00:00,6557.470000000001,6563.460000000001,6557.450000000001,6563.200000000001,598
2026-04-03T07:30:00+00:00,6563.200000000001,6567.470000000001,6563.200000000001,6566.330000000001,712
2026-04-03T07:45:00+00:00,6566.330000000001,6566.720000000001,6563.200000000001,6563.710000000001,336
2026-04-03T08:00:00+00:00,6563.710000000001,6566.470000000001,6563.5700000000015,6564.200000000001,495
2026-04-03T08:15:00+00:00,6564.200000000001,6564.950000000001,6560.700000000001,6561.5700000000015,403
2026-04-03T08:30:00+00:00,6561.5700000000015,6563.960000000001,6560.8200000000015,6562.450000000001,363
2026-04-03T08:45:00+00:00,6562.450000000001,6564.3200000000015,6562.090000000001,6562.580000000001,302
2026-04-03T09:00:00+00:00,6562.580000000001,6563.5700000000015,6559.970000000001,6560.460000000001,523
2026-04-03T09:15:00+00:00,6560.460000000001,6563.220000000001,6559.200000000001,6561.710000000001,437
2026-04-03T09:30:00+00:00,6561.710000000001,6562.970000000001,6561.200000000001,6561.200000000001,346
2026-04-03T09:45:00+00:00,6561.200000000001,6561.830000000001,6560.470000000001,6560.710000000001,207
2026-04-03T10:00:00+00:00,6560.710000000001,6561.470000000001,6557.720000000001,6559.460000000001,459
2026-04-03T10:15:00+00:00,6559.460000000001,6561.470000000001,6558.330000000001,6558.710000000001,446
2026-04-03T10:30:00+00:00,6558.710000000001,6560.220000000001,6557.200000000001,6559.340000000001,434
2026-04-03T10:45:00+00:00,6559.340000000001,6561.470000000001,6559.210000000001,6560.450000000001,351
2026-04-03T11:00:00+00:00,6560.450000000001,6560.8200000000015,6554.950000000001,6559.470000000001,601
2026-04-03T11:15:00+00:00,6559.470000000001,6565.210000000001,6558.210000000001,6565.080000000001,838
2026-04-03T11:30:00+00:00,6565.080000000001,6567.710000000001,6564.340000000001,6564.580000000001,753
2026-04-03T11:45:00+00:00,6564.580000000001,6566.460000000001,6563.950000000001,6564.210000000001,450
2026-04-03T12:00:00+00:00,6564.210000000001,6571.210000000001,6564.200000000001,6568.080000000001,1120
2026-04-03T12:15:00+00:00,6568.080000000001,6570.090000000001,6559.950000000001,6567.740000000002,1853
2026-04-03T12:30:00+00:00,6567.740000000002,6595.470000000001,6556.960000000001,6566.5700000000015,6843
2026-04-03T12:45:00+00:00,6566.5700000000015,6569.210000000001,6555.200000000001,6556.840000000001,2692
2026-04-03T13:00:00+00:00,6556.840000000001,6562.970000000001,6555.200000000001,6560.200000000001,1766
2026-04-05T22:00:00+00:00,6560.73,6560.73,6525.76,6535.63,8170
2026-04-05T22:15:00+00:00,6535.63,6543.75,6533.25,6542.12,6113
2026-04-05T22:30:00+00:00,6542.12,6546.63,6538.25,6542.76,3701
2026-04-05T22:45:00+00:00,6542.76,6548.26,6539.26,6546.13,3492
2026-04-05T23:00:00+00:00,6546.13,6547.76,6536.88,6540.99,7357.585062695067
2026-04-05T23:15:00+00:00,6540.99,6544.38,6539.11,6540.86,2580
2026-04-05T23:30:00+00:00,6540.86,6544,6540.11,6540.61,1168
2026-04-05T23:45:00+00:00,6540.61,6546.13,6540.36,6545.99,1449
2026-04-06T00:00:00+00:00,6545.99,6562.38,6544.73,6561.11,7034
2026-04-06T00:15:00+00:00,6561.11,6567.38,6556.63,6560.23,4723
2026-04-06T00:30:00+00:00,6560.23,6566.38,6560.11,6565.63,3411
2026-04-06T00:45:00+00:00,6565.63,6569.12,6564.12,6567.75,2174
2026-04-06T01:00:00+00:00,6567.75,6571.88,6567.61,6570.87,2357
2026-04-06T01:15:00+00:00,6570.87,6576.25,6566.63,6574.36,2766
2026-04-06T01:30:00+00:00,6574.36,6574.62,6570.12,6573.61,1627
2026-04-06T01:45:00+00:00,6573.61,6574.37,6565.37,6568.37,2055
2026-04-06T02:00:00+00:00,6568.37,6583.86,6567.11,6580.61,4717
2026-04-06T02:15:00+00:00,6580.61,6594.38,6579.36,6592.24,5360
2026-04-06T02:30:00+00:00,6592.24,6593.38,6579.86,6581.49,3332
2026-04-06T02:45:00+00:00,6581.49,6582.88,6574.12,6574.37,2973
2026-04-06T03:00:00+00:00,6574.37,6575.13,6567.13,6567.87,2829
2026-04-06T03:15:00+00:00,6567.87,6570.63,6553.88,6565.36,5611
2026-04-06T03:30:00+00:00,6565.36,6568.63,6563.36,6567.88,2450
2026-04-06T03:45:00+00:00,6567.88,6571.86,6566.98,6570.62,1784
2026-04-06T04:00:00+00:00,6570.62,6576.38,6569.63,6575.37,2183
2026-04-06T04:15:00+00:00,6575.37,6576.5,6572.86,6573.99,1313
2026-04-06T04:30:00+00:00,6573.99,6580.13,6573.12,6579.12,1535
2026-04-06T04:45:00+00:00,6579.12,6580.86,6577.48,6579.37,1212
2026-04-06T05:00:00+00:00,6579.37,6582.38,6578.98,6580.87,1251
2026-04-06T05:15:00+00:00,6580.87,6582.62,6578.98,6579.25,1376
2026-04-06T05:30:00+00:00,6579.25,6579.62,6573.62,6574.73,1896
2026-04-06T05:45:00+00:00,6574.73,6576.73,6571.87,6575.62,1778
2026-04-06T06:00:00+00:00,6575.62,6586.38,6573.23,6585.86,2393
2026-04-06T06:15:00+00:00,6585.86,6585.86,6574.61,6575.25,2132
2026-04-06T06:30:00+00:00,6575.25,6578.13,6573.23,6576.87,1609
2026-04-06T06:45:00+00:00,6576.87,6590.5,6574.38,6582.98,5141
2026-04-06T07:00:00+00:00,6582.98,6584.23,6572.75,6576.74,3183
2026-04-06T07:15:00+00:00,6576.74,6583.24,6576.11,6578.62,2385
2026-04-06T07:30:00+00:00,6578.62,6588.38,6578,6586.37,2302
2026-04-06T07:45:00+00:00,6586.37,6597.86,6585.62,6593.12,2842
2026-04-06T08:00:00+00:00,6593.12,6599.74,6593.12,6596.62,3688
2026-04-06T08:15:00+00:00,6596.62,6601.88,6593.88,6600.62,2660
2026-04-06T08:30:00+00:00,6600.62,6608.12,6599.23,6607.38,2473
2026-04-06T08:45:00+00:00,6607.38,6607.86,6602.11,6603.38,1504
2026-04-06T09:00:00+00:00,6603.38,6609.38,6602.86,6604.88,1952
2026-04-06T09:15:00+00:00,6604.88,6609.37,6602.87,6605.11,2052
2026-04-06T09:30:00+00:00,6605.11,6606.73,6602.38,6602.73,1162
2026-04-06T09:45:00+00:00,6602.73,6603.62,6594.12,6595.63,3060
2026-04-06T10:00:00+00:00,6595.63,6601.13,6593.98,6598.5,2260
2026-04-06T10:15:00+00:00,6598.5,6598.63,6592.12,6595.11,1657
2026-04-06T10:30:00+00:00,6595.11,6598.74,6593.86,6596.63,1395
2026-04-06T10:45:00+00:00,6596.63,6597.11,6579.39,6589.5,5072
2026-04-06T11:00:00+00:00,6589.5,6589.5,6582.88,6584.73,3610
2026-04-06T11:15:00+00:00,6584.73,6589.36,6582.61,6585.74,2455
2026-04-06T11:30:00+00:00,6585.74,6588.88,6584.13,6584.37,2243
2026-04-06T11:45:00+00:00,6584.37,6588.63,6584.11,6585.5,1621
2026-04-06T12:00:00+00:00,6585.5,6586.62,6582.86,6584.86,1952
2026-04-06T12:15:00+00:00,6584.86,6586.62,6581.36,6585.38,2052
2026-04-06T12:30:00+00:00,6585.38,6590.25,6583.48,6588.37,2445
2026-04-06T12:45:00+00:00,6588.37,6593.86,6586.86,6587.86,2810
2026-04-06T13:00:00+00:00,6587.86,6589.13,6579.11,6586.36,3105
2026-04-06T13:15:00+00:00,6586.36,6587.63,6578.11,6579.86,4168
2026-04-06T13:30:00+00:00,6579.86,6600.68,6576.66,6589.42,21844
2026-04-06T13:45:00+00:00,6589.42,6607.29,6589.17,6607.29,17718
2026-04-06T14:00:00+00:00,6607.29,6619.03,6582.66,6603.42,21515
2026-04-06T14:15:00+00:00,6603.42,6612.17,6598.42,6606.66,15469
2026-04-06T14:30:00+00:00,6606.66,6612.68,6590.05,6599.28,15247
2026-04-06T14:45:00+00:00,6599.28,6601.42,6588.79,6597.05,14296
2026-04-06T15:00:00+00:00,6597.05,6602.68,6592.66,6597.29,11075
2026-04-06T15:15:00+00:00,6597.29,6599.42,6588.68,6591.42,9770
2026-04-06T15:30:00+00:00,6591.42,6594.18,6585.28,6593.16,9072
2026-04-06T15:45:00+00:00,6593.16,6601.93,6591.55,6600.93,6202
2026-04-06T16:00:00+00:00,6600.93,6602.43,6594.42,6598.68,5947
2026-04-06T16:15:00+00:00,6598.68,6602.18,6596.16,6600.16,4394
2026-04-06T16:30:00+00:00,6600.16,6607.28,6598.16,6604.91,3740
2026-04-06T16:45:00+00:00,6604.91,6606.93,6598.91,6601.67,5028
2026-04-06T17:00:00+00:00,6601.67,6601.93,6577.41,6582.67,10449
2026-04-06T17:15:00+00:00,6582.67,6597.67,6580.66,6596.16,10816
2026-04-06T17:30:00+00:00,6596.16,6601.91,6590.16,6593.16,8128
2026-04-06T17:45:00+00:00,6593.16,6593.18,6586.16,6586.92,5747
2026-04-06T18:00:00+00:00,6586.92,6601.17,6584.54,6595.92,8990
2026-04-06T18:15:00+00:00,6595.92,6608.67,6595.41,6604.91,8565
2026-04-06T18:30:00+00:00,6604.91,6607.92,6599.68,6601.16,5247
2026-04-06T18:45:00+00:00,6601.16,6606.67,6601.04,6605.42,3804
2026-04-06T19:00:00+00:00,6605.42,6606.43,6600.92,6603.91,3675
2026-04-06T19:15:00+00:00,6603.91,6605.43,6600.91,6601.17,2821
2026-04-06T19:30:00+00:00,6601.17,6605.18,6600.3,6604.93,2680
2026-04-06T19:45:00+00:00,6604.93,6611.67,6602.67,6611.42,5722
2026-04-06T20:00:00+00:00,6611.42,6612.13,6605.63,6606.63,2464
2026-04-06T20:15:00+00:00,6606.63,6610.38,6604.88,6609.13,1162
2026-04-06T20:30:00+00:00,6609.13,6612.12,6608.61,6609.36,645
2026-04-06T20:45:00+00:00,6609.36,6609.61,6607.11,6609.23,424
2026-04-06T22:00:00+00:00,6609.23,6618.57,6607.92,6616.32,2507
2026-04-06T22:15:00+00:00,6616.32,6617.3099999999995,6602.3099999999995,6605.93,2549
2026-04-06T22:30:00+00:00,6605.93,6607.3,6601.92,6605.5599999999995,1449
2026-04-06T22:45:00+00:00,6605.5599999999995,6607.3099999999995,6602.3,6602.67,742
2026-04-06T23:00:00+00:00,6602.67,6608.68,6602.55,6608.3,867
2026-04-06T23:15:00+00:00,6608.3,6609.07,6604.0599999999995,6604.0599999999995,575
2026-04-06T23:30:00+00:00,6604.0599999999995,6606.3099999999995,6603.5599999999995,6604.42,442
2026-04-06T23:45:00+00:00,6604.42,6606.8099999999995,6601.05,6601.19,1015
2026-04-07T00:00:00+00:00,6601.19,6606.94,6597.3,6605.42,3458
2026-04-07T00:15:00+00:00,6605.42,6614.07,6605.18,6606.82,4012
2026-04-07T00:30:00+00:00,6606.82,6607.55,6598.8,6600.5599999999995,2874
2026-04-07T00:45:00+00:00,6600.5599999999995,6604.57,6599.57,6600.42,1920
2026-04-07T01:00:00+00:00,6600.42,6602.82,6589.8099999999995,6591.3,4874
2026-04-07T01:15:00+00:00,6591.3,6596.07,6591.18,6595.3099999999995,2853
2026-04-07T01:30:00+00:00,6595.3099999999995,6596.0599999999995,6584.05,6584.5599999999995,3777
2026-04-07T01:45:00+00:00,6584.5599999999995,6587.5599999999995,6571.43,6573.44,4960
2026-04-07T02:00:00+00:00,6573.44,6575.82,6568.68,6571.8,4856
2026-04-07T02:15:00+00:00,6571.8,6577.44,6569.55,6576.57,3529
2026-04-07T02:30:00+00:00,6576.57,6579.82,6576.0599999999995,6579.32,2233
2026-04-07T02:45:00+00:00,6579.32,6582.32,6578.05,6580.44,1702
2026-04-07T03:00:00+00:00,6580.44,6582.3099999999995,6578.3,6580.55,1752
2026-04-07T03:15:00+00:00,6580.55,6581.32,6575.8,6580.3099999999995,1830
2026-04-07T03:30:00+00:00,6580.3099999999995,6583.8099999999995,6579.8,6583.07,1629
2026-04-07T03:45:00+00:00,6583.07,6583.32,6580.8,6581.68,1098
2026-04-07T04:00:00+00:00,6581.68,6583.57,6576.8,6577.18,1665
2026-04-07T04:15:00+00:00,6577.18,6584.32,6575.8099999999995,6581.07,1989
2026-04-07T04:30:00+00:00,6581.07,6586.43,6580.92,6583.8,2133
2026-04-07T04:45:00+00:00,6583.8,6588.32,6583.55,6585.3,1293
2026-04-07T05:00:00+00:00,6585.3,6588.19,6584.8,6586.42,1348
2026-04-07T05:15:00+00:00,6586.42,6588.19,6580.3,6580.92,1776
2026-04-07T05:30:00+00:00,6580.92,6581.68,6576.8,6577.42,2596
2026-04-07T05:45:00+00:00,6577.42,6583.3099999999995,6577.0599999999995,6582.05,1628
2026-04-07T06:00:00+00:00,6582.05,6584.44,6579.92,6580.32,2323
2026-04-07T06:15:00+00:00,6580.32,6586.32,6578.0599999999995,6585.92,2312
2026-04-07T06:30:00+00:00,6585.92,6587.3,6581.67,6584.42,2252
2026-04-07T06:45:00+00:00,6584.42,6586.32,6581.07,6586.3,1781
2026-04-07T07:00:00+00:00,6586.3,6589.43,6582.3099999999995,6586.42,3905
2026-04-07T07:15:00+00:00,6586.42,6587.0599999999995,6580.67,6582.19,3351
2026-04-07T07:30:00+00:00,6582.19,6588.8,6582.0599999999995,6587.55,2778
2026-04-07T07:45:00+00:00,6587.55,6588.3,6581.8,6587.3099999999995,1959
2026-04-07T08:00:00+00:00,6587.3099999999995,6610.5599999999995,6587.17,6602.8099999999995,8118
2026-04-07T08:15:00+00:00,6602.8099999999995,6613.57,6599.8,6607.19,6993
2026-04-07T08:30:00+00:00,6607.19,6618.69,6606.05,6614.19,5795
2026-04-07T08:45:00+00:00,6614.19,6616.44,6610.32,6614.32,3817
2026-04-07T09:00:00+00:00,6614.32,6620.57,6612.8,6617.0599999999995,3554
2026-04-07T09:15:00+00:00,6617.0599999999995,6625.57,6615.18,6623.8099999999995,3554
2026-04-07T09:30:00+00:00,6623.8099999999995,6626.32,6619.3,6619.3,3335
2026-04-07T09:45:00+00:00,6619.3,6622.57,6616.3,6620.18,2560
2026-04-07T10:00:00+00:00,6620.18,6623.55,6599.3099999999995,6615.92,5767
2026-04-07T10:15:00+00:00,6615.92,6621.5599999999995,6601.93,6611.18,6818
2026-04-07T10:30:00+00:00,6611.18,6612.3099999999995,6593.68,6598.44,6196
2026-04-07T10:45:00+00:00,6598.44,6598.94,6573.18,6577.43,7883
2026-04-07T11:00:00+00:00,6577.43,6587.3,6576.67,6583.82,5807
2026-04-07T11:15:00+00:00,6583.82,6590.67,6582.55,6582.82,4274
2026-04-07T11:30:00+00:00,6582.82,6583.57,6570.8099999999995,6580.94,5662
2026-04-07T11:45:00+00:00,6580.94,6581.42,6576.05,6579.0599999999995,3321
2026-04-07T12:00:00+00:00,6579.0599999999995,6584.17,6562.0599999999995,6570.94,6833
2026-04-07T12:15:00+00:00,6570.94,6588.05,6567.3,6587.44,7340
2026-04-07T12:30:00+00:00,6587.44,6588.94,6578.55,6581.3,3911
2026-04-07T12:45:00+00:00,6581.3,6599.3,6575.57,6583.42,5776
2026-04-07T13:00:00+00:00,6583.42,6591.3,6580.43,6586.94,5927
2026-04-07T13:15:00+00:00,6586.94,6589.93,6582.32,6588.82,4699
2026-04-07T13:30:00+00:00,6588.82,6598.099999999999,6570.849999999999,6571.849999999999,20883
2026-04-07T13:45:00+00:00,6571.849999999999,6581.349999999999,6561.849999999999,6562.349999999999,17493
2026-04-07T14:00:00+00:00,6562.349999999999,6563.98,6541.11,6549.12,16574
2026-04-07T14:15:00+00:00,6549.12,6569.73,6547.86,6566.24,15010
2026-04-07T14:30:00+00:00,6566.24,6575.61,6559.73,6562.849999999999,14093
2026-04-07T14:45:00+00:00,6562.849999999999,6573.599999999999,6547.61,6547.849999999999,12442
2026-04-07T15:00:00+00:00,6547.849999999999,6548.62,6532.349999999999,6541.349999999999,13070
2026-04-07T15:15:00+00:00,6541.349999999999,6559.87,6539.599999999999,6554.099999999999,12437
2026-04-07T15:30:00+00:00,6554.099999999999,6559.37,6547.599999999999,6548.86,9793
2026-04-07T15:45:00+00:00,6548.86,6565.49,6547.849999999999,6560.099999999999,8465
2026-04-07T16:00:00+00:00,6560.099999999999,6591.87,6559.86,6573.87,13760
2026-04-07T16:15:00+00:00,6573.87,6587.11,6570.37,6581.37,11022
2026-04-07T16:30:00+00:00,6581.37,6585.62,6575.599999999999,6582.86,6974
2026-04-07T16:45:00+00:00,6582.86,6591.12,6582.36,6582.87,6966
2026-04-07T17:00:00+00:00,6582.87,6590.87,6580.099999999999,6584.599999999999,9085
2026-04-07T17:15:00+00:00,6584.599999999999,6586.87,6576.86,6580.22,6282
2026-04-07T17:30:00+00:00,6580.22,6605.73,6578.86,6589.849999999999,10257
2026-04-07T17:45:00+00:00,6589.849999999999,6595.37,6586.099999999999,6589.61,6840
2026-04-07T18:00:00+00:00,6589.61,6592.36,6583.099999999999,6586.86,5292
2026-04-07T18:15:00+00:00,6586.86,6591.62,6582.349999999999,6583.86,5775
2026-04-07T18:30:00+00:00,6583.86,6585.47,6573.62,6576.86,5574
2026-04-07T18:45:00+00:00,6576.86,6577.37,6556.36,6562.099999999999,7751
2026-04-07T19:00:00+00:00,6562.099999999999,6567.87,6556.349999999999,6566.86,9572
2026-04-07T19:15:00+00:00,6566.86,6603.98,6565.72,6589.24,15943
2026-04-07T19:30:00+00:00,6589.24,6595.099999999999,6581.849999999999,6590.61,10660
2026-04-07T19:45:00+00:00,6590.61,6618.22,6587.349999999999,6615.099999999999,17302
2026-04-07T20:00:00+00:00,6615.099999999999,6623.69,6608.68,6621.92,8140
2026-04-07T20:15:00+00:00,6621.92,6625.0599999999995,6613.0599999999995,6616.8,3548
2026-04-07T20:30:00+00:00,6616.8,6632.92,6616.3,6623.8099999999995,4136
2026-04-07T20:45:00+00:00,6623.8099999999995,6628.82,6620.05,6623.03,3764
2026-04-07T22:00:00+00:00,6623.03,6694.57,6623.03,6675.07,13384
2026-04-07T22:15:00+00:00,6675.07,6677.94,6670.05,6673.19,4920
2026-04-07T22:30:00+00:00,6673.19,6732.93,6617.34,6718.57,16340
2026-04-07T22:45:00+00:00,6718.57,6754.67,6712.3,6753.19,11274
2026-04-07T23:00:00+00:00,6753.19,6762.18,6745.33,6756.5599999999995,10055
2026-04-07T23:15:00+00:00,6756.5599999999995,6780.07,6755.68,6770.32,8317
2026-04-07T23:30:00+00:00,6770.32,6773.3,6761.17,6761.17,6253
2026-04-07T23:45:00+00:00,6761.17,6769.55,6759.42,6765.68,6371
2026-04-08T00:00:00+00:00,6765.68,6771.32,6756.05,6760.68,7956
2026-04-08T00:15:00+00:00,6760.68,6760.8099999999995,6753.07,6755.0599999999995,5930
2026-04-08T00:30:00+00:00,6755.0599999999995,6760.94,6749.8099999999995,6756.67,4278
2026-04-08T00:45:00+00:00,6756.67,6768.07,6755.32,6765.05,3720
2026-04-08T01:00:00+00:00,6765.05,6772.57,6762.3099999999995,6768.0599999999995,3597
2026-04-08T01:15:00+00:00,6768.0599999999995,6770.92,6760.3099999999995,6762.5599999999995,3407
2026-04-08T01:30:00+00:00,6762.5599999999995,6769.07,6761.3,6768.05,2782
2026-04-08T01:45:00+00:00,6768.05,6774.3099999999995,6768.05,6770.5599999999995,2340
2026-04-08T02:00:00+00:00,6770.5599999999995,6775.07,6770.5599999999995,6774.44,1859
2026-04-08T02:15:00+00:00,6774.44,6776.32,6772.3099999999995,6772.93,1718
2026-04-08T02:30:00+00:00,6772.93,6778.57,6771.93,6777.05,1834
2026-04-08T02:45:00+00:00,6777.05,6779.32,6776.55,6778.94,994
2026-04-08T03:00:00+00:00,6778.94,6780.32,6777.5599999999995,6778.07,1274
2026-04-08T03:15:00+00:00,6778.07,6779.07,6773.32,6774.92,1496
2026-04-08T03:30:00+00:00,6774.92,6776.3099999999995,6774.3,6774.8,994
2026-04-08T03:45:00+00:00,6774.8,6776.94,6773.8,6776.5599999999995,820
2026-04-08T04:00:00+00:00,6776.5599999999995,6782.82,6776.55,6781.5599999999995,1446
2026-04-08T04:15:00+00:00,6781.5599999999995,6785.5599999999995,6780.32,6783.94,1605
2026-04-08T04:30:00+00:00,6783.94,6786.07,6783.0599999999995,6784.55,981
2026-04-08T04:45:00+00:00,6784.55,6785.32,6780.68,6781.05,1506
2026-04-08T05:00:00+00:00,6781.05,6782.93,6779.3,6782.42,1746
2026-04-08T05:15:00+00:00,6782.42,6790.05,6781.8,6789.18,1528
2026-04-08T05:30:00+00:00,6789.18,6794.05,6787.05,6790.69,2443
2026-04-08T05:45:00+00:00,6790.69,6798.82,6789.5599999999995,6797.57,2602
2026-04-08T06:00:00+00:00,6797.57,6799.32,6792.05,6797.93,3690
2026-04-08T06:15:00+00:00,6797.93,6798.82,6790.55,6792.3099999999995,2915
2026-04-08T06:30:00+00:00,6792.3099999999995,6795.07,6790.05,6793.05,2836
2026-04-08T06:45:00+00:00,6793.05,6796.32,6790.55,6791.32,2627
2026-04-08T07:00:00+00:00,6791.32,6791.82,6783.05,6785.68,5674
2026-04-08T07:15:00+00:00,6785.68,6794.3099999999995,6783.05,6787.43,5423
2026-04-08T07:30:00+00:00,6787.43,6787.57,6781.5599999999995,6783.69,4079
2026-04-08T07:45:00+00:00,6783.69,6786.57,6778.92,6780.19,2963
2026-04-08T08:00:00+00:00,6780.19,6783.8,6778.69,6782.8099999999995,4144
2026-04-08T08:15:00+00:00,6782.8099999999995,6788.07,6781.8099999999995,6786.0599999999995,3513
2026-04-08T08:30:00+00:00,6786.0599999999995,6789.82,6778.55,6781.42,4273
2026-04-08T08:45:00+00:00,6781.42,6796.05,6780.8,6795.3,3399
2026-04-08T09:00:00+00:00,6795.3,6801.8099999999995,6791.8099999999995,6800.57,3230
2026-04-08T09:15:00+00:00,6800.57,6802.0599999999995,6796.8,6796.93,2203
2026-04-08T09:30:00+00:00,6796.93,6798.07,6789.3099999999995,6790.69,2672
2026-04-08T09:45:00+00:00,6790.69,6799.32,6790.0599999999995,6793.3099999999995,3123
2026-04-08T10:00:00+00:00,6793.3099999999995,6795.82,6790.0599999999995,6791.0599999999995,2617
2026-04-08T10:15:00+00:00,6791.0599999999995,6796.69,6788.8,6796.0599999999995,2450
2026-04-08T10:30:00+00:00,6796.0599999999995,6797.57,6793.18,6796.93,1688
2026-04-08T10:45:00+00:00,6796.93,6799.0599999999995,6794.3,6795.05,1967
2026-04-08T11:00:00+00:00,6795.05,6797.57,6790.05,6795.5599999999995,2517
2026-04-08T11:15:00+00:00,6795.5599999999995,6808.3099999999995,6793.8,6806.55,4180
2026-04-08T11:30:00+00:00,6806.55,6808.57,6801.8,6803.05,4248
2026-04-08T11:45:00+00:00,6803.05,6807.5599999999995,6800.17,6800.8,3134
2026-04-08T12:00:00+00:00,6800.8,6806.8,6799.0599999999995,6803.92,4535
2026-04-08T12:15:00+00:00,6803.92,6804.07,6782.3,6792.69,10855
2026-04-08T12:30:00+00:00,6792.69,6796.57,6786.92,6790.42,4707
2026-04-08T12:45:00+00:00,6790.42,6796.57,6789.8,6793.17,4679
2026-04-08T13:00:00+00:00,6793.17,6797.8099999999995,6792.42,6795.55,4086
2026-04-08T13:15:00+00:00,6795.55,6798.07,6788.55,6790.8,4973
2026-04-08T13:30:00+00:00,6790.8,6798.12,6774.599999999999,6777.87,28799
2026-04-08T13:45:00+00:00,6777.87,6791.37,6766.599999999999,6773.099999999999,24015
2026-04-08T14:00:00+00:00,6773.099999999999,6779.61,6767.599999999999,6776.11,20872
2026-04-08T14:15:00+00:00,6776.11,6780.099999999999,6766.849999999999,6767.87,15641
2026-04-08T14:30:00+00:00,6767.87,6770.61,6758.47,6760.86,18465
2026-04-08T14:45:00+00:00,6760.86,6763.099999999999,6741.61,6755.36,17194
2026-04-08T15:00:00+00:00,6755.36,6766.47,6751.36,6757.87,13857
2026-04-08T15:15:00+00:00,6757.87,6762.62,6754.099999999999,6756.87,11114
2026-04-08T15:30:00+00:00,6756.87,6769.87,6756.599999999999,6768.87,9970
2026-04-08T15:45:00+00:00,6768.87,6777.87,6768.87,6775.37,4925
2026-04-08T16:00:00+00:00,6775.37,6783.62,6775.349999999999,6775.61,5567
2026-04-08T16:15:00+00:00,6775.61,6777.62,6771.099999999999,6776.62,6255
2026-04-08T16:30:00+00:00,6776.62,6785.61,6775.12,6785.12,4069
2026-04-08T16:45:00+00:00,6785.12,6789.12,6784.599999999999,6787.349999999999,3382
2026-04-08T17:00:00+00:00,6787.349999999999,6791.12,6783.599999999999,6785.36,4002
2026-04-08T17:15:00+00:00,6785.36,6787.37,6774.599999999999,6777.12,6976
2026-04-08T17:30:00+00:00,6777.12,6783.86,6774.11,6782.62,7918
2026-04-08T17:45:00+00:00,6782.62,6785.12,6780.099999999999,6784.349999999999,3793
2026-04-08T18:00:00+00:00,6784.349999999999,6791.37,6780.34,6789.849999999999,5090
2026-04-08T18:15:00+00:00,6789.849999999999,6792.87,6769.58,6775.37,16085
2026-04-08T18:30:00+00:00,6775.37,6779.87,6765.37,6766.37,7921
2026-04-08T18:45:00+00:00,6766.37,6769.87,6754.599999999999,6755.47,7624
2026-04-08T19:00:00+00:00,6755.47,6770.62,6754.099999999999,6769.36,9300
2026-04-08T19:15:00+00:00,6769.36,6771.099999999999,6759.599999999999,6761.099999999999,7437
2026-04-08T19:30:00+00:00,6761.099999999999,6776.12,6760.599999999999,6772.62,8126
2026-04-08T19:45:00+00:00,6772.62,6786.49,6772.36,6785.12,7607
2026-04-08T20:00:00+00:00,6785.12,6788.32,6780.55,6781.82,3412
2026-04-08T20:15:00+00:00,6781.82,6785.07,6780.55,6781.0599999999995,1056
2026-04-08T20:30:00+00:00,6781.0599999999995,6781.82,6778.55,6778.5599999999995,722
2026-04-08T20:45:00+00:00,6778.5599999999995,6779.07,6775.8,6777.79,911
2026-04-08T22:00:00+00:00,6777.79,6785.13,6776.4,6779.12,1907
2026-04-08T22:15:00+00:00,6779.12,6780.88,6771.73,6775.86,1538
2026-04-08T22:30:00+00:00,6775.86,6781.88,6775.86,6777.74,1072
2026-04-08T22:45:00+00:00,6777.74,6778.63,6776.36,6777.88,531
2026-04-08T23:00:00+00:00,6777.88,6782.87,6776.11,6780.23,1052
2026-04-08T23:15:00+00:00,6780.23,6781.63,6776.61,6776.99,815
2026-04-08T23:30:00+00:00,6776.99,6777.88,6775.36,6775.87,818
2026-04-08T23:45:00+00:00,6775.87,6777.88,6774.11,6774.87,974
2026-04-09T00:00:00+00:00,6774.87,6775.86,6768.61,6773.61,2917
2026-04-09T00:15:00+00:00,6773.61,6778.36,6772.11,6773.73,3750
2026-04-09T00:30:00+00:00,6773.73,6779.37,6773.61,6777.5,3535
2026-04-09T00:45:00+00:00,6777.5,6778.13,6772.36,6773.61,2687
2026-04-09T01:00:00+00:00,6773.61,6776,6769.11,6770.38,2295
2026-04-09T01:15:00+00:00,6770.38,6771.13,6765.63,6768.13,1988
2026-04-09T01:30:00+00:00,6768.13,6773.13,6767.12,6770.38,1882
2026-04-09T01:45:00+00:00,6770.38,6774.38,6767.37,6773,1811
2026-04-09T02:00:00+00:00,6773,6775.63,6771.61,6772.86,1719
2026-04-09T02:15:00+00:00,6772.86,6775.25,6771.62,6772.13,1337
2026-04-09T02:30:00+00:00,6772.13,6774.13,6771.98,6773.37,942
2026-04-09T02:45:00+00:00,6773.37,6776.88,6772.11,6772.12,1111
2026-04-09T03:00:00+00:00,6772.12,6773.88,6770.86,6771.87,766
2026-04-09T03:15:00+00:00,6771.87,6771.87,6769.25,6769.86,725
2026-04-09T03:30:00+00:00,6769.86,6772.99,6769.61,6770.99,675
2026-04-09T03:45:00+00:00,6770.99,6773.75,6768.11,6772.38,1534
2026-04-09T04:00:00+00:00,6772.38,6773.38,6770.86,6772.63,924
2026-04-09T04:15:00+00:00,6772.63,6772.87,6769.73,6771.24,725
2026-04-09T04:30:00+00:00,6771.24,6772.38,6769.62,6771.61,719
2026-04-09T04:45:00+00:00,6771.61,6773.12,6770.61,6770.75,629
2026-04-09T05:00:00+00:00,6770.75,6771.98,6766.86,6770.86,1183
2026-04-09T05:15:00+00:00,6770.86,6775.24,6770.73,6774.99,1501
2026-04-09T05:30:00+00:00,6774.99,6778.13,6773.86,6776.62,1388
2026-04-09T05:45:00+00:00,6776.62,6776.73,6771.86,6773.62,1017
2026-04-09T06:00:00+00:00,6773.62,6779.13,6773.11,6773.99,2065
2026-04-09T06:15:00+00:00,6773.99,6774.61,6771.48,6773.63,1549
2026-04-09T06:30:00+00:00,6773.63,6774.87,6771.11,6773.36,2225
2026-04-09T06:45:00+00:00,6773.36,6773.63,6768.11,6773.12,1825
2026-04-09T07:00:00+00:00,6773.12,6775.37,6766.36,6768.11,2674
2026-04-09T07:15:00+00:00,6768.11,6768.49,6762.11,6766,2360
2026-04-09T07:30:00+00:00,6766,6767.38,6758.61,6759.12,2669
2026-04-09T07:45:00+00:00,6759.12,6761.38,6756.11,6760.62,2402
2026-04-09T08:00:00+00:00,6760.62,6762.38,6755.11,6755.63,2833
2026-04-09T08:15:00+00:00,6755.63,6758.87,6754.61,6755.49,2351
2026-04-09T08:30:00+00:00,6755.49,6763.13,6755.36,6763,2252
2026-04-09T08:45:00+00:00,6763,6763.87,6756.12,6757.12,1818
2026-04-09T09:00:00+00:00,6757.12,6762.12,6754.61,6761.87,2141
2026-04-09T09:15:00+00:00,6761.87,6764.5,6760.86,6763.87,1720
2026-04-09T09:30:00+00:00,6763.87,6764.37,6760.11,6761.75,1493
2026-04-09T09:45:00+00:00,6761.75,6764.38,6760.62,6763.87,1279
2026-04-09T10:00:00+00:00,6763.87,6765.88,6761.86,6763.25,2172
2026-04-09T10:15:00+00:00,6763.25,6765.63,6760.4,6764.36,2147
2026-04-09T10:30:00+00:00,6764.36,6765.24,6760.86,6764.36,1674
2026-04-09T10:45:00+00:00,6764.36,6766.49,6756.86,6757.62,2442
2026-04-09T11:00:00+00:00,6757.62,6761.63,6756.36,6758.62,2391
2026-04-09T11:15:00+00:00,6758.62,6760.13,6756.61,6757.61,1993
2026-04-09T11:30:00+00:00,6757.61,6768.38,6757.61,6766.88,3040
2026-04-09T11:45:00+00:00,6766.88,6769.63,6764.87,6767.37,2499
2026-04-09T12:00:00+00:00,6767.37,6771.37,6767.11,6768.38,2380
2026-04-09T12:15:00+00:00,6768.38,6770.63,6766.61,6768.25,2265
2026-04-09T12:30:00+00:00,6768.25,6774.87,6762.88,6768.88,5091
2026-04-09T12:45:00+00:00,6768.88,6772.37,6765.73,6768.88,3372
2026-04-09T13:00:00+00:00,6768.88,6770.88,6766.37,6769.75,4187
2026-04-09T13:15:00+00:00,6769.75,6775.13,6767.36,6774.62,3165
2026-04-09T13:30:00+00:00,6774.62,6783.68,6770.91,6781.18,16290
2026-04-09T13:45:00+00:00,6781.18,6782.91,6772.41,6778.67,13305
2026-04-09T14:00:00+00:00,6778.67,6782.93,6772.92,6773.66,11479
2026-04-09T14:15:00+00:00,6773.66,6773.93,6765.16,6768.68,10257
2026-04-09T14:30:00+00:00,6768.68,6772.16,6763.79,6768.42,8600
2026-04-09T14:45:00+00:00,6768.42,6780.93,6767.92,6778.92,7514
2026-04-09T15:00:00+00:00,6778.92,6783.93,6771.91,6782.68,6685
2026-04-09T15:15:00+00:00,6782.68,6791.68,6782.66,6785.43,7369
2026-04-09T15:30:00+00:00,6785.43,6806.92,6783.16,6800.68,20946
2026-04-09T15:45:00+00:00,6800.68,6815.18,6797.16,6814.43,9680
2026-04-09T16:00:00+00:00,6814.43,6833.93,6814.17,6821.43,9454
2026-04-09T16:15:00+00:00,6821.43,6830.43,6820.67,6825.16,6111
2026-04-09T16:30:00+00:00,6825.16,6826.18,6816.66,6819.66,5480
2026-04-09T16:45:00+00:00,6819.66,6827.43,6815.65,6824.92,5383
2026-04-09T17:00:00+00:00,6824.92,6833.68,6823.66,6830.43,4662
2026-04-09T17:15:00+00:00,6830.43,6836.91,6829.16,6829.17,4805
2026-04-09T17:30:00+00:00,6829.17,6837.93,6822.66,6832.67,5207
2026-04-09T17:45:00+00:00,6832.67,6835.68,6829.66,6831.67,3565
2026-04-09T18:00:00+00:00,6831.67,6832.43,6812.91,6819.18,10943
2026-04-09T18:15:00+00:00,6819.18,6822.18,6812.16,6814.67,8715
2026-04-09T18:30:00+00:00,6814.67,6820.18,6810.15,6815.91,5838
2026-04-09T18:45:00+00:00,6815.91,6819.43,6813.91,6817.42,4649
2026-04-09T19:00:00+00:00,6817.42,6828.68,6815.41,6826.43,4212
2026-04-09T19:15:00+00:00,6826.43,6828.41,6821.91,6825.16,3876
2026-04-09T19:30:00+00:00,6825.16,6833.18,6824.66,6830.16,4834
2026-04-09T19:45:00+00:00,6830.16,6832.43,6823.67,6823.93,6650
2026-04-09T20:00:00+00:00,6823.93,6825.38,6818.36,6821.38,2180
2026-04-09T20:15:00+00:00,6821.38,6822.38,6819.11,6821.74,965
2026-04-09T20:30:00+00:00,6821.74,6825.12,6821.61,6824.61,584
2026-04-09T20:45:00+00:00,6824.61,6824.88,6819.63,6822.73,711
2026-04-09T22:00:00+00:00,6822.73,6825.28,6819.29,6824.76,1693
2026-04-09T22:15:00+00:00,6824.76,6825.28,6818.51,6818.76,969
2026-04-09T22:30:00+00:00,6818.76,6822.4,6818.2699999999995,6820.51,1465
2026-04-09T22:45:00+00:00,6820.51,6820.7699999999995,6815.76,6816.7699999999995,1047
2026-04-09T23:00:00+00:00,6816.7699999999995,6817.53,6814.01,6817.38,686
2026-04-09T23:15:00+00:00,6817.38,6818.28,6816.26,6816.76,423
2026-04-09T23:30:00+00:00,6816.76,6818.03,6816.01,6817.01,453
2026-04-09T23:45:00+00:00,6817.01,6821.4,6816.5199999999995,6818.89,950
2026-04-10T00:00:00+00:00,6818.89,6819.15,6815.01,6817.28,1809
2026-04-10T00:15:00+00:00,6817.28,6821.28,6815.9,6820.88,1340
2026-04-10T00:30:00+00:00,6820.88,6824.26,6820.01,6822.28,1087
2026-04-10T00:45:00+00:00,6822.28,6828.26,6821.03,6827.15,1145
2026-04-10T01:00:00+00:00,6827.15,6827.28,6823.76,6824.7699999999995,1258
2026-04-10T01:15:00+00:00,6824.7699999999995,6828.78,6823.76,6828.5199999999995,1067
2026-04-10T01:30:00+00:00,6828.5199999999995,6832.28,6827.53,6831.28,1523
2026-04-10T01:45:00+00:00,6831.28,6831.53,6828.26,6829.01,921
2026-04-10T02:00:00+00:00,6829.01,6829.78,6825.51,6826.0199999999995,984
2026-04-10T02:15:00+00:00,6826.0199999999995,6826.28,6822.76,6824.51,894
2026-04-10T02:30:00+00:00,6824.51,6826.7699999999995,6824.01,6826.0199999999995,669
2026-04-10T02:45:00+00:00,6826.0199999999995,6826.78,6825.51,6826.0199999999995,423
2026-04-10T03:00:00+00:00,6826.0199999999995,6828.53,6826.0199999999995,6828.39,475
2026-04-10T03:15:00+00:00,6828.39,6828.78,6825.51,6825.63,402
2026-04-10T03:30:00+00:00,6825.63,6831.28,6825.5199999999995,6829.2699999999995,871
2026-04-10T03:45:00+00:00,6829.2699999999995,6830.53,6828.5199999999995,6829.53,610
2026-04-10T04:00:00+00:00,6829.53,6830.03,6826.76,6827.51,693
2026-04-10T04:15:00+00:00,6827.51,6828.76,6826.7699999999995,6827.51,493
2026-04-10T04:30:00+00:00,6827.51,6828.03,6824.51,6825.7699999999995,479
2026-04-10T04:45:00+00:00,6825.7699999999995,6826.53,6824.78,6825.53,458
2026-04-10T05:00:00+00:00,6825.53,6828.89,6825.51,6827.26,700
2026-04-10T05:15:00+00:00,6827.26,6828.5199999999995,6825.51,6825.78,516
2026-04-10T05:30:00+00:00,6825.78,6828.03,6825.2699999999995,6826.28,869
2026-04-10T05:45:00+00:00,6826.28,6827.28,6824.2699999999995,6824.78,523
2026-04-10T06:00:00+00:00,6824.78,6825.53,6821.26,6821.53,1201
2026-04-10T06:15:00+00:00,6821.53,6821.9,6819.5199999999995,6820.5199999999995,1049
2026-04-10T06:30:00+00:00,6820.5199999999995,6821.53,6817.26,6819.28,1083
2026-04-10T06:45:00+00:00,6819.28,6820.53,6817.0199999999995,6819.26,1185
2026-04-10T07:00:00+00:00,6819.26,6822.53,6818.88,6820.0199999999995,1571
2026-04-10T07:15:00+00:00,6820.0199999999995,6823.78,6818.01,6823.5199999999995,1274
2026-04-10T07:30:00+00:00,6823.5199999999995,6825.78,6822.01,6822.78,1344
2026-04-10T07:45:00+00:00,6822.78,6826.78,6821.26,6824.51,1542
2026-04-10T08:00:00+00:00,6824.51,6825.0199999999995,6817.76,6818.63,1905
2026-04-10T08:15:00+00:00,6818.63,6821.15,6816.0199999999995,6820.03,1485
2026-04-10T08:30:00+00:00,6820.03,6822.03,6819.26,6821.01,1085
2026-04-10T08:45:00+00:00,6821.01,6821.0199999999995,6813.5199999999995,6814.38,1760
2026-04-10T09:00:00+00:00,6814.38,6817.78,6814.38,6815.78,1057
2026-04-10T09:15:00+00:00,6815.78,6829.78,6815.51,6821.76,5852
2026-04-10T09:30:00+00:00,6821.76,6822.53,6817.26,6821.76,2126
2026-04-10T09:45:00+00:00,6821.76,6827.01,6821.26,6825.53,2005
2026-04-10T10:00:00+00:00,6825.53,6827.0199999999995,6820.76,6821.38,1374
2026-04-10T10:15:00+00:00,6821.38,6829.53,6821.26,6827.38,1434
2026-04-10T10:30:00+00:00,6827.38,6828.53,6824.51,6827.0199999999995,1528
2026-04-10T10:45:00+00:00,6827.0199999999995,6829.53,6826.26,6827.26,1376
2026-04-10T11:00:00+00:00,6827.26,6831.78,6827.13,6829.51,1718
2026-04-10T11:15:00+00:00,6829.51,6833.38,6829.01,6831.5199999999995,1181
2026-04-10T11:30:00+00:00,6831.5199999999995,6833.78,6828.76,6829.28,1249
2026-04-10T11:45:00+00:00,6829.28,6830.78,6825.26,6827.15,1435
2026-04-10T12:00:00+00:00,6827.15,6829.53,6825.26,6829.0199999999995,1663
2026-04-10T12:15:00+00:00,6829.0199999999995,6842.0199999999995,6827.51,6835.8,2338
2026-04-10T12:30:00+00:00,6835.8,6848.78,6832.51,6835.78,6006
2026-04-10T12:45:00+00:00,6835.78,6837.53,6833.01,6834.2699999999995,3009
2026-04-10T13:00:00+00:00,6834.2699999999995,6838.26,6832.01,6837.0199999999995,2443
2026-04-10T13:15:00+00:00,6837.0199999999995,6838.03,6833.76,6837.76,2522
2026-04-10T13:30:00+00:00,6837.76,6844.58,6829.8099999999995,6833.58,13729
2026-04-10T13:45:00+00:00,6833.58,6835.08,6826.8099999999995,6832.8099999999995,9253
2026-04-10T14:00:00+00:00,6832.8099999999995,6838.08,6825.5599999999995,6837.58,10225
2026-04-10T14:15:00+00:00,6837.58,6841.0599999999995,6834.3099999999995,6840.57,5773
2026-04-10T14:30:00+00:00,6840.57,6844.83,6829.3099999999995,6834.07,8077
2026-04-10T14:45:00+00:00,6834.07,6840.33,6831.5599999999995,6838.82,7186
2026-04-10T15:00:00+00:00,6838.82,6842.58,6834.32,6841.32,4604
2026-04-10T15:15:00+00:00,6841.32,6845.83,6836.8099999999995,6837.8099999999995,4970
2026-04-10T15:30:00+00:00,6837.8099999999995,6840.08,6825.5599999999995,6829.8099999999995,8327
2026-04-10T15:45:00+00:00,6829.8099999999995,6832.5599999999995,6816.5599999999995,6819.57,6209
2026-04-10T16:00:00+00:00,6819.57,6826.33,6816.0599999999995,6824.3099999999995,5658
2026-04-10T16:15:00+00:00,6824.3099999999995,6826.08,6819.07,6820.3099999999995,3800
2026-04-10T16:30:00+00:00,6820.3099999999995,6822.33,6809.8099999999995,6811.83,4530
2026-04-10T16:45:00+00:00,6811.83,6821.83,6811.0599999999995,6819.83,4754
2026-04-10T17:00:00+00:00,6819.83,6820.0599999999995,6811.0599999999995,6816.0599999999995,3731
2026-04-10T17:15:00+00:00,6816.0599999999995,6817.33,6810.8099999999995,6811.3099999999995,3295
2026-04-10T17:30:00+00:00,6811.3099999999995,6817.83,6809.3099999999995,6816.57,3597
2026-04-10T17:45:00+00:00,6816.57,6820.859999999999,6815.83,6819.839999999998,2665.1721414373887
2026-04-10T18:00:00+00:00,6819.839999999998,6820.109999999999,6813.839999999998,6817.109999999999,3155
2026-04-10T18:15:00+00:00,6817.109999999999,6822.609999999999,6817.089999999998,6819.5999999999985,3130
2026-04-10T18:30:00+00:00,6819.5999999999985,6820.339999999998,6814.089999999998,6816.109999999999,2663
2026-04-10T18:45:00+00:00,6816.109999999999,6819.359999999999,6815.589999999998,6818.839999999998,1658
2026-04-10T19:00:00+00:00,6818.839999999998,6825.359999999999,6818.339999999998,6825.109999999999,2259
2026-04-10T19:15:00+00:00,6825.109999999999,6825.3499999999985,6819.839999999998,6821.8499999999985,1829
2026-04-10T19:30:00+00:00,6821.8499999999985,6822.109999999999,6812.589999999998,6816.339999999998,2811
2026-04-10T19:45:00+00:00,6816.339999999998,6821.109999999999,6812.089999999998,6818.839999999998,4946
2026-04-10T20:00:00+00:00,6818.839999999998,6820.1799999999985,6814.299999999998,6819.309999999999,2004
2026-04-10T20:15:00+00:00,6819.309999999999,6823.41,6819.039999999999,6821.64,940
2026-04-10T20:30:00+00:00,6821.64,6824.24,6821.26,6824,509
2026-04-12T22:00:00+00:00,6824,6824,6735.16,6750.27,10593
2026-04-12T22:15:00+00:00,6750.27,6750.4,6733.88,6736.27,3898
2026-04-12T22:30:00+00:00,6736.27,6743.4,6732.13,6740.39,3470
2026-04-12T22:45:00+00:00,6740.39,6743.89,6739.14,6743.39,1489
2026-04-12T23:00:00+00:00,6743.39,6743.4,6738.42,6741,1464
2026-04-12T23:15:00+00:00,6741,6742.4,6738.63,6741.38,1043
2026-04-12T23:30:00+00:00,6741.38,6741.63,6737.4,6739.4,804
2026-04-12T23:45:00+00:00,6739.4,6749.89,6737.38,6749.4,2298
2026-04-13T00:00:00+00:00,6749.4,6753.5,6742.39,6753.01,3687
2026-04-13T00:15:00+00:00,6753.01,6755.27,6751.41,6752.88,2543
2026-04-13T00:30:00+00:00,6752.88,6758.15,6751.38,6756.65,2031
2026-04-13T00:45:00+00:00,6756.65,6765.64,6756.15,6765.39,2052
2026-04-13T01:00:00+00:00,6765.39,6772.65,6765.39,6770.15,2911
2026-04-13T01:15:00+00:00,6770.15,6770.4,6767.64,6769.27,1690
2026-04-13T01:30:00+00:00,6769.27,6772.15,6765.13,6766.13,1788
2026-04-13T01:45:00+00:00,6766.13,6771.4,6765.38,6770.02,1339
2026-04-13T02:00:00+00:00,6770.02,6770.4,6765.88,6766.4,1212
2026-04-13T02:15:00+00:00,6766.4,6768.65,6765.63,6767.51,896
2026-04-13T02:30:00+00:00,6767.51,6768.9,6766.63,6768.38,676
2026-04-13T02:45:00+00:00,6768.38,6771.15,6767.38,6770.64,749
2026-04-13T03:00:00+00:00,6770.64,6772.14,6766.63,6766.88,890
2026-04-13T03:15:00+00:00,6766.88,6770.25,6766.63,6769.39,547
2026-04-13T03:30:00+00:00,6769.39,6769.65,6766.63,6768.63,642
2026-04-13T03:45:00+00:00,6768.63,6768.77,6765.88,6766.51,478
2026-04-13T04:00:00+00:00,6766.51,6767.9,6764.5,6767.38,788
2026-04-13T04:15:00+00:00,6767.38,6770.39,6766.89,6769.52,779
2026-04-13T04:30:00+00:00,6769.52,6770.9,6768.75,6769.38,690
2026-04-13T04:45:00+00:00,6769.38,6775.88,6768.63,6772.65,993
2026-04-13T05:00:00+00:00,6772.65,6773.4,6769.88,6770.63,1042
2026-04-13T05:15:00+00:00,6770.63,6774.65,6767.4,6772.63,886
2026-04-13T05:30:00+00:00,6772.63,6772.9,6769.64,6771.39,934
2026-04-13T05:45:00+00:00,6771.39,6774.65,6771.38,6773.39,786
2026-04-13T06:00:00+00:00,6773.39,6777.26,6773.38,6775.89,1809
2026-04-13T06:15:00+00:00,6775.89,6781.9,6775.65,6779.9,1716
2026-04-13T06:30:00+00:00,6779.9,6780.9,6777.13,6777.63,1248
2026-04-13T06:45:00+00:00,6777.63,6779.65,6776.89,6779.38,1158
2026-04-13T07:00:00+00:00,6779.38,6782.15,6779.38,6780.39,1986
2026-04-13T07:15:00+00:00,6780.39,6782.76,6775.14,6780.89,1743
2026-04-13T07:30:00+00:00,6780.89,6782.14,6777.88,6779.64,1427
2026-04-13T07:45:00+00:00,6779.64,6780.14,6775.63,6777.4,1420
2026-04-13T08:00:00+00:00,6777.4,6783.9,6776.88,6780.52,2931
2026-04-13T08:15:00+00:00,6780.52,6784.65,6778.88,6783.4,1930
2026-04-13T08:30:00+00:00,6783.4,6784.13,6775.13,6778.77,2163
2026-04-13T08:45:00+00:00,6778.77,6780.65,6776.89,6778.4,1518
2026-04-13T09:00:00+00:00,6778.4,6784.9,6778.38,6780.02,2449
2026-04-13T09:15:00+00:00,6780.02,6784.14,6779.38,6782,1157
2026-04-13T09:30:00+00:00,6782,6784.02,6779.13,6780,995
2026-04-13T09:45:00+00:00,6780,6780.5,6777.15,6778.64,911
2026-04-13T10:00:00+00:00,6778.64,6779.75,6777.13,6778.38,1144
2026-04-13T10:15:00+00:00,6778.38,6778.65,6776.38,6778.51,951
2026-04-13T10:30:00+00:00,6778.51,6780.15,6776.13,6777.39,1135
2026-04-13T10:45:00+00:00,6777.39,6786.39,6776.63,6786,1516
2026-04-13T11:00:00+00:00,6786,6796.25,6785.13,6786.63,3448
2026-04-13T11:15:00+00:00,6786.63,6787.4,6779.75,6780.65,2229
2026-04-13T11:30:00+00:00,6780.65,6781.4,6772.52,6776.89,2692
2026-04-13T11:45:00+00:00,6776.89,6778.65,6768.88,6769.89,3282
2026-04-13T12:00:00+00:00,6769.89,6777.13,6767.39,6776.38,3406
2026-04-13T12:15:00+00:00,6776.38,6777.9,6774.88,6777.38,1567
2026-04-13T12:30:00+00:00,6777.38,6782.39,6776.38,6781.63,2451
2026-04-13T12:45:00+00:00,6781.63,6789.65,6781.38,6787.65,3235
2026-04-13T13:00:00+00:00,6787.65,6792.65,6786.64,6792.14,2092
2026-04-13T13:15:00+00:00,6792.14,6799.9,6789.39,6799.64,2159
2026-04-13T13:30:00+00:00,6799.64,6804.95,6791.68,6795.44,13454
2026-04-13T13:45:00+00:00,6795.44,6823.81,6792.93,6823.32,22207
2026-04-13T14:00:00+00:00,6823.32,6826.45,6814.68,6817.2,12458
2026-04-13T14:15:00+00:00,6817.2,6822.45,6810.16,6822.2,12393
2026-04-13T14:30:00+00:00,6822.2,6827.45,6819.43,6826.18,7293
2026-04-13T14:45:00+00:00,6826.18,6833.2,6821.19,6831.94,6409
2026-04-13T15:00:00+00:00,6831.94,6832.2,6822.93,6826.69,6937
2026-04-13T15:15:00+00:00,6826.69,6828.2,6821.18,6821.45,4925
2026-04-13T15:30:00+00:00,6821.45,6829.2,6818.68,6821.7,6781
2026-04-13T15:45:00+00:00,6821.7,6822.95,6819.43,6821.18,3546
2026-04-13T16:00:00+00:00,6821.18,6830.45,6816.43,6825.19,8533
2026-04-13T16:15:00+00:00,6825.19,6842.95,6823.45,6840.43,8437
2026-04-13T16:30:00+00:00,6840.43,6849.93,6833.43,6842.43,13909
2026-04-13T16:45:00+00:00,6842.43,6854.95,6841.43,6849.69,9678
2026-04-13T17:00:00+00:00,6849.69,6852.45,6847.45,6849.95,3867
2026-04-13T17:15:00+00:00,6849.95,6854.95,6849.43,6851.44,2954
2026-04-13T17:30:00+00:00,6851.44,6853.7,6847.42,6848.19,2922
2026-04-13T17:45:00+00:00,6848.19,6849.95,6845.43,6848.19,2762
2026-04-13T18:00:00+00:00,6848.19,6853.18,6848.18,6852.44,2394
2026-04-13T18:15:00+00:00,6852.44,6853.45,6848.93,6850.68,2168
2026-04-13T18:30:00+00:00,6850.68,6854.95,6849.43,6854.68,1871
2026-04-13T18:45:00+00:00,6854.68,6861.7,6854.68,6859.7,3522
2026-04-13T19:00:00+00:00,6859.7,6862.7,6857.18,6858.7,2875
2026-04-13T19:15:00+00:00,6858.7,6865.45,6858.18,6864.94,2177
2026-04-13T19:30:00+00:00,6864.94,6872.2,6863.19,6868.69,3053
2026-04-13T19:45:00+00:00,6868.69,6889.95,6864.68,6886.45,7905
2026-04-13T20:00:00+00:00,6886.45,6890.38,6884.38,6888.39,2747
2026-04-13T20:15:00+00:00,6888.39,6890.9,6886.63,6888.63,781
2026-04-13T20:30:00+00:00,6888.63,6891.89,6888.38,6890.89,650
2026-04-13T20:45:00+00:00,6890.89,6893.4,6890.88,6892.5,408
2026-04-13T22:00:00+00:00,6892.5,6895.57,6889.98,6893.21,1372
2026-04-13T22:15:00+00:00,6893.21,6893.97,6891.46,6891.71,326.9734951301293
2026-04-13T22:30:00+00:00,6891.71,6893.97,6891.22,6892.22,425
2026-04-13T22:45:00+00:00,6892.22,6893.97,6890.95,6893.21,474
2026-04-13T23:00:00+00:00,6893.21,6897.47,6891.21,6894.97,1050
2026-04-13T23:15:00+00:00,6894.97,6895.97,6893.7,6893.7,366
2026-04-13T23:30:00+00:00,6893.7,6894.71,6892.7,6894.34,512
2026-04-13T23:45:00+00:00,6894.34,6895.72,6890.95,6891.46,803
2026-04-14T00:00:00+00:00,6891.46,6891.47,6886.45,6889.95,1509
2026-04-14T00:15:00+00:00,6889.95,6891.46,6887.96,6888.96,1267
2026-04-14T00:30:00+00:00,6888.96,6893.72,6888.71,6892.21,1091
2026-04-14T00:45:00+00:00,6892.21,6892.47,6890.2,6891.7,740
2026-04-14T01:00:00+00:00,6891.7,6891.7,6887.96,6890.71,860
2026-04-14T01:15:00+00:00,6890.71,6891.72,6889.45,6890.34,551
2026-04-14T01:30:00+00:00,6890.34,6891.22,6888.45,6890.7,799
2026-04-14T01:45:00+00:00,6890.7,6891.72,6889.21,6889.72,445
2026-04-14T02:00:00+00:00,6889.72,6892.97,6888.95,6892.46,509
2026-04-14T02:15:00+00:00,6892.46,6892.97,6890.57,6892.2,429
2026-04-14T02:30:00+00:00,6892.2,6893.22,6890.96,6892.22,386
2026-04-14T02:45:00+00:00,6892.22,6892.72,6890.7,6891.46,329
2026-04-14T03:00:00+00:00,6891.46,6891.46,6888.7,6889.47,393
2026-04-14T03:15:00+00:00,6889.47,6889.84,6887.97,6888.84,302
2026-04-14T03:30:00+00:00,6888.84,6889.22,6887.95,6888.96,341
2026-04-14T03:45:00+00:00,6888.96,6890.47,6888.45,6889.96,439
2026-04-14T04:00:00+00:00,6889.96,6890.22,6889.2,6889.46,216
2026-04-14T04:15:00+00:00,6889.46,6891.47,6889.46,6890.47,392
2026-04-14T04:30:00+00:00,6890.47,6890.97,6889.7,6889.95,295
2026-04-14T04:45:00+00:00,6889.95,6891.22,6889.95,6891.22,193
2026-04-14T05:00:00+00:00,6891.22,6891.46,6890.45,6891.21,255
2026-04-14T05:15:00+00:00,6891.21,6891.72,6889.2,6890.47,529
2026-04-14T05:30:00+00:00,6890.47,6890.7,6887.45,6888.58,659
2026-04-14T05:45:00+00:00,6888.58,6889.72,6887.7,6887.71,470
2026-04-14T06:00:00+00:00,6887.71,6888.58,6886.7,6887.46,718
2026-04-14T06:15:00+00:00,6887.46,6889.72,6885.95,6888.96,797
2026-04-14T06:30:00+00:00,6888.96,6893.22,6888.2,6891.97,843
2026-04-14T06:45:00+00:00,6891.97,6892.34,6889.45,6891.7,680
2026-04-14T07:00:00+00:00,6891.7,6902.07,6890.45,6899.45,4727
2026-04-14T07:15:00+00:00,6899.45,6901.97,6897.2,6899.71,2235
2026-04-14T07:30:00+00:00,6899.71,6903.95,6898.2,6899.22,2063
2026-04-14T07:45:00+00:00,6899.22,6900.97,6897.2,6899.22,1465
2026-04-14T08:00:00+00:00,6899.22,6902.57,6897.45,6901.45,2237
2026-04-14T08:15:00+00:00,6901.45,6903.2,6898.7,6902.7,1501
2026-04-14T08:30:00+00:00,6902.7,6904.72,6900.2,6903.46,1520
2026-04-14T08:45:00+00:00,6903.46,6906.22,6903.33,6905.7,1069
2026-04-14T09:00:00+00:00,6905.7,6907.97,6905.45,6906.84,1032
2026-04-14T09:15:00+00:00,6906.84,6907.47,6902.45,6902.95,1087
2026-04-14T09:30:00+00:00,6902.95,6902.95,6899.71,6900.47,981
2026-04-14T09:45:00+00:00,6900.47,6900.47,6898.46,6899.21,767
2026-04-14T10:00:00+00:00,6899.21,6902.47,6896.95,6901.57,1114
2026-04-14T10:15:00+00:00,6901.57,6902.97,6899.21,6901.21,1081
2026-04-14T10:30:00+00:00,6901.21,6902.22,6893.95,6894.46,2153
2026-04-14T10:45:00+00:00,6894.46,6897.96,6893.97,6895.21,948
2026-04-14T11:00:00+00:00,6895.21,6898.95,6893.95,6897.46,1180
2026-04-14T11:15:00+00:00,6897.46,6903.08,6897.2,6902.22,899
2026-04-14T11:30:00+00:00,6902.22,6903.22,6900.2,6901.2,730
2026-04-14T11:45:00+00:00,6901.2,6911.07,6900.7,6904.83,3175
2026-04-14T12:00:00+00:00,6904.83,6910.47,6904.7,6906.2,2282
2026-04-14T12:15:00+00:00,6906.2,6910.33,6902.96,6909.97,2380
2026-04-14T12:30:00+00:00,6909.97,6915.34,6904.95,6906.72,2856
2026-04-14T12:45:00+00:00,6906.72,6907.2,6902.45,6905.72,2029
2026-04-14T13:00:00+00:00,6905.72,6906.73,6903.2,6905.96,1502
2026-04-14T13:15:00+00:00,6905.96,6908.46,6903.45,6903.47,1584
2026-04-14T13:30:00+00:00,6903.47,6927.02,6903.47,6925.77,15949
2026-04-14T13:45:00+00:00,6925.77,6926.26,6921.27,6922.25,8252
2026-04-14T14:00:00+00:00,6922.25,6936.77,6922,6936.51,8001
2026-04-14T14:15:00+00:00,6936.51,6938.02,6933.22,6937.5,5400
2026-04-14T14:30:00+00:00,6937.5,6941.52,6933.75,6936.51,4364
2026-04-14T14:45:00+00:00,6936.51,6944.77,6936.26,6943.01,3406
2026-04-14T15:00:00+00:00,6943.01,6943.52,6936.75,6937.51,4065
2026-04-14T15:15:00+00:00,6937.51,6952.77,6937.01,6950.75,4897
2026-04-14T15:30:00+00:00,6950.75,6959.27,6950.25,6956.26,3528
2026-04-14T15:45:00+00:00,6956.26,6961,6955.99,6956.51,3046
2026-04-14T16:00:00+00:00,6956.51,6959.52,6955.63,6958.02,1878
2026-04-14T16:15:00+00:00,6958.02,6965.02,6957.5,6964,2276
2026-04-14T16:30:00+00:00,6964,6965.27,6959.75,6962.75,2344
2026-04-14T16:45:00+00:00,6962.75,6964.27,6956,6957.26,2300
2026-04-14T17:00:00+00:00,6957.26,6961.52,6957.26,6960.26,2154
2026-04-14T17:15:00+00:00,6960.26,6968.27,6959.76,6965.27,2315
2026-04-14T17:30:00+00:00,6965.27,6968.76,6965.26,6968.02,1537
2026-04-14T17:45:00+00:00,6968.02,6968.52,6963.75,6965.25,1772
2026-04-14T18:00:00+00:00,6965.25,6967.27,6963,6963.26,2187
2026-04-14T18:15:00+00:00,6963.26,6963.64,6949.27,6954.02,5418
2026-04-14T18:30:00+00:00,6954.02,6959.77,6953,6953.76,3078
2026-04-14T18:45:00+00:00,6953.76,6956.02,6951,6955.51,2037
2026-04-14T19:00:00+00:00,6955.51,6965.52,6954.75,6963.02,3051
2026-04-14T19:15:00+00:00,6963.02,6970.77,6962.75,6970.5,2425
2026-04-14T19:30:00+00:00,6970.5,6974.02,6965.25,6968.76,3738
2026-04-14T19:45:00+00:00,6968.76,6972.27,6963,6972.02,5719
2026-04-14T20:00:00+00:00,6972.02,6972.97,6966.45,6968.96,2228
2026-04-14T20:15:00+00:00,6968.96,6971.22,6968.46,6971.21,410
2026-04-14T20:30:00+00:00,6971.21,6971.72,6969.45,6970.95,336
2026-04-14T20:45:00+00:00,6970.95,6970.97,6969.71,6970.07,252
2026-04-14T22:00:00+00:00,6970.07,6975.17,6968.53,6973.4,1919
2026-04-14T22:15:00+00:00,6973.4,6975.53,6973.15,6973.42,522
2026-04-14T22:30:00+00:00,6973.42,6974.42,6971.65,6973.9,424
2026-04-14T22:45:00+00:00,6973.9,6974.42,6971.65,6972.17,289
2026-04-14T23:00:00+00:00,6972.17,6974.67,6971.9,6973.42,264
2026-04-14T23:15:00+00:00,6973.42,6975.16,6973.4,6974.67,265
2026-04-14T23:30:00+00:00,6974.67,6979.16,6973.42,6976.66,1579
2026-04-14T23:45:00+00:00,6976.66,6980.42,6975.16,6975.53,1066
2026-04-15T00:00:00+00:00,6975.53,6976.42,6972.66,6975.03,1326
2026-04-15T00:15:00+00:00,6975.03,6976.17,6973.42,6975.04,1024
2026-04-15T00:30:00+00:00,6975.04,6975.67,6971.9,6972.4,957
2026-04-15T00:45:00+00:00,6972.4,6976.4,6972.15,6975.67,766
2026-04-15T01:00:00+00:00,6975.67,6979.41,6973.92,6979.03,929
2026-04-15T01:15:00+00:00,6979.03,6979.42,6976.68,6978.42,811
2026-04-15T01:30:00+00:00,6978.42,6978.67,6975.65,6977.67,915
2026-04-15T01:45:00+00:00,6977.67,6979.17,6977.4,6978.15,554
2026-04-15T02:00:00+00:00,6978.15,6978.17,6975.16,6975.92,676
2026-04-15T02:15:00+00:00,6975.92,6976.42,6973.91,6973.91,517
2026-04-15T02:30:00+00:00,6973.91,6974.17,6970.66,6972.17,850
2026-04-15T02:45:00+00:00,6972.17,6973.17,6971.16,6971.66,448
2026-04-15T03:00:00+00:00,6971.66,6973.41,6971.4,6972.16,344
2026-04-15T03:15:00+00:00,6972.16,6973.17,6971.65,6972.41,292
2026-04-15T03:30:00+00:00,6972.41,6974.92,6972.16,6974.91,536
2026-04-15T03:45:00+00:00,6974.91,6977.92,6974.15,6976.67,353
2026-04-15T04:00:00+00:00,6976.67,6977.42,6975.41,6976.9,319
2026-04-15T04:15:00+00:00,6976.9,6977.67,6976.4,6977.16,214.112064194798
2026-04-15T04:30:00+00:00,6977.16,6977.65,6976.17,6976.41,219
2026-04-15T04:45:00+00:00,6976.41,6976.65,6973.9,6974.41,459
2026-04-15T05:00:00+00:00,6974.41,6983.65,6972.4,6975.42,3793
2026-04-15T05:15:00+00:00,6975.42,6975.92,6970.15,6971.42,1333
2026-04-15T05:30:00+00:00,6971.42,6971.92,6967.4,6968.66,1220
2026-04-15T05:45:00+00:00,6968.66,6970.92,6967.65,6970.65,937
2026-04-15T06:00:00+00:00,6970.65,6973.17,6969.65,6970.52,1109
2026-04-15T06:15:00+00:00,6970.52,6973.17,6969.91,6972.92,749
2026-04-15T06:30:00+00:00,6972.92,6974.65,6972.65,6974.17,760
2026-04-15T06:45:00+00:00,6974.17,6974.17,6971.4,6972.04,751
2026-04-15T07:00:00+00:00,6972.04,6973.02,6969.9,6971.9,1360
2026-04-15T07:15:00+00:00,6971.9,6972.17,6968.4,6969.4,1080
2026-04-15T07:30:00+00:00,6969.4,6972.17,6969.16,6971.16,924
2026-04-15T07:45:00+00:00,6971.16,6973.67,6966.16,6972.17,1660
2026-04-15T08:00:00+00:00,6972.17,6974.17,6970.65,6972.16,1269
2026-04-15T08:15:00+00:00,6972.16,6974.66,6969.91,6974.15,1215
2026-04-15T08:30:00+00:00,6974.15,6976.15,6973.65,6974.15,928
2026-04-15T08:45:00+00:00,6974.15,6977.17,6973.4,6975.4,605
2026-04-15T09:00:00+00:00,6975.4,6976.92,6966.65,6969.42,3128
2026-04-15T09:15:00+00:00,6969.42,6971.67,6967.4,6968.41,1659
2026-04-15T09:30:00+00:00,6968.41,6969.92,6966.15,6967.4,1084
2026-04-15T09:45:00+00:00,6967.4,6969.4,6966.91,6967.15,931
2026-04-15T10:00:00+00:00,6967.15,6971.92,6966.28,6968.91,1525
2026-04-15T10:15:00+00:00,6968.91,6969.15,6959.65,6961.65,3959
2026-04-15T10:30:00+00:00,6961.65,6968.67,6958.65,6968.41,2986
2026-04-15T10:45:00+00:00,6968.41,6970.28,6966.17,6968.65,1784
2026-04-15T11:00:00+00:00,6968.65,6972.91,6968.4,6972.16,1498
2026-04-15T11:15:00+00:00,6972.16,6972.92,6968.27,6970.15,1697
2026-04-15T11:30:00+00:00,6970.15,6974.67,6969.9,6971.67,1925
2026-04-15T11:45:00+00:00,6971.67,6984.27,6970.29,6975.9,5368
2026-04-15T12:00:00+00:00,6975.9,6977.67,6969.15,6971.92,3637
2026-04-15T12:15:00+00:00,6971.92,6974.17,6969.43,6971.79,1617
2026-04-15T12:30:00+00:00,6971.79,6978.42,6971.15,6977.42,1617
2026-04-15T12:45:00+00:00,6977.42,6977.67,6974.66,6975.4,1217
2026-04-15T13:00:00+00:00,6975.4,6977.67,6972.9,6977.17,1406
2026-04-15T13:15:00+00:00,6977.17,6981.91,6975.41,6980.91,1833
2026-04-15T13:30:00+00:00,6980.91,6991.72,6970.7,6972.21,13617
2026-04-15T13:45:00+00:00,6972.21,6985.09,6972.21,6984.72,11117
2026-04-15T14:00:00+00:00,6984.72,6987.97,6978.2,6987.7,7084
2026-04-15T14:15:00+00:00,6987.7,6997.97,6986.45,6997.7,6316
2026-04-15T14:30:00+00:00,6997.7,6999.22,6987.7,6995.95,5400
2026-04-15T14:45:00+00:00,6995.95,6999.72,6994.46,6995.97,3401
2026-04-15T15:00:00+00:00,6995.97,7001.72,6992.95,7001.72,4739
2026-04-15T15:15:00+00:00,7001.72,7004.47,7000.22,7002.46,3370
2026-04-15T15:30:00+00:00,7002.46,7004.22,6997.2,7002.96,3879
2026-04-15T15:45:00+00:00,7002.96,7004.47,6997.7,6998.72,2874
2026-04-15T16:00:00+00:00,6998.72,7003.47,6996.72,7002.47,2267
2026-04-15T16:15:00+00:00,7002.47,7006.97,7000.95,7002.47,2368
2026-04-15T16:30:00+00:00,7002.47,7003.96,6992.45,6992.72,4282
2026-04-15T16:45:00+00:00,6992.72,6996.96,6986.2,6994.22,6058
2026-04-15T17:00:00+00:00,6994.22,7002.97,6993.2,7000.45,3308
2026-04-15T17:15:00+00:00,7000.45,7004.97,6999.46,7002.96,2338
2026-04-15T17:30:00+00:00,7002.96,7008.97,7001.95,7003.46,2475
2026-04-15T17:45:00+00:00,7003.46,7007.47,7003.45,7003.72,1868
2026-04-15T18:00:00+00:00,7003.72,7015.47,7000.7,7011.96,7582
2026-04-15T18:15:00+00:00,7011.96,7015.47,7010.7,7013.7,2658
2026-04-15T18:30:00+00:00,7013.7,7020.95,7013.7,7017.72,2662
2026-04-15T18:45:00+00:00,7017.72,7027.47,7017.72,7025.22,1967
2026-04-15T19:00:00+00:00,7025.22,7028.47,7022.7,7023.34,2761
2026-04-15T19:15:00+00:00,7023.34,7028.97,7022.22,7028.46,1795
2026-04-15T19:30:00+00:00,7028.46,7029.97,7021.2,7023.71,2560
2026-04-15T19:45:00+00:00,7023.71,7031.45,7021.95,7026.95,5824
2026-04-15T20:00:00+00:00,7026.95,7029.17,7021.15,7022.66,1856
2026-04-15T20:15:00+00:00,7022.66,7025.42,7022.66,7023.9,396
2026-04-15T20:30:00+00:00,7023.9,7026.92,7023.67,7025.16,335
2026-04-15T20:45:00+00:00,7025.16,7026.42,7023.4,7025.01,382
2026-04-15T22:00:00+00:00,7025.01,7028.7,7022.1,7027.59,1176
2026-04-15T22:15:00+00:00,7027.59,7029.1,7026.34,7028.46,515
2026-04-15T22:30:00+00:00,7028.46,7032.34,7028.46,7030.83,517
2026-04-15T22:45:00+00:00,7030.83,7032.34,7030.83,7032.34,283
2026-04-15T23:00:00+00:00,7032.34,7033.099999999999,7031.079999999999,7031.829999999999,384.78587443946185
2026-04-15T23:15:00+00:00,7031.829999999999,7032.599999999999,7030.329999999999,7031.589999999999,273
2026-04-15T23:30:00+00:00,7031.589999999999,7033.849999999999,7031.079999999999,7033.579999999999,272
2026-04-15T23:45:00+00:00,7033.579999999999,7036.329999999999,7033.329999999999,7035.339999999999,487
2026-04-16T00:00:00+00:00,7035.339999999999,7036.349999999999,7032.579999999999,7035.599999999999,1049
2026-04-16T00:15:00+00:00,7035.599999999999,7038.589999999999,7034.079999999999,7034.589999999999,1081
2026-04-16T00:30:00+00:00,7034.589999999999,7038.839999999999,7034.589999999999,7038.079999999999,628
2026-04-16T00:45:00+00:00,7038.079999999999,7042.339999999999,7037.329999999999,7040.339999999999,760
2026-04-16T01:00:00+00:00,7040.339999999999,7040.849999999999,7037.589999999999,7039.829999999999,814
2026-04-16T01:15:00+00:00,7039.829999999999,7042.099999999999,7039.589999999999,7040.329999999999,548
2026-04-16T01:30:00+00:00,7040.329999999999,7043.839999999999,7038.589999999999,7042.099999999999,789
2026-04-16T01:45:00+00:00,7042.099999999999,7042.339999999999,7038.829999999999,7039.079999999999,503
2026-04-16T02:00:00+00:00,7039.079999999999,7041.349999999999,7039.079999999999,7039.839999999999,600
2026-04-16T02:15:00+00:00,7039.839999999999,7040.349999999999,7038.829999999999,7040.089999999999,527
2026-04-16T02:30:00+00:00,7040.089999999999,7042.079999999999,7039.329999999999,7041.099999999999,453
2026-04-16T02:45:00+00:00,7041.099999999999,7041.599999999999,7037.119999999999,7038.579999999999,487
2026-04-16T03:00:00+00:00,7038.579999999999,7042.099999999999,7038.329999999999,7040.079999999999,536
2026-04-16T03:15:00+00:00,7040.079999999999,7040.829999999999,7038.839999999999,7039.349999999999,314
2026-04-16T03:30:00+00:00,7039.349999999999,7040.099999999999,7037.849999999999,7038.599999999999,577
2026-04-16T03:45:00+00:00,7038.599999999999,7039.839999999999,7037.829999999999,7037.829999999999,300
2026-04-16T04:00:00+00:00,7037.829999999999,7038.099999999999,7036.579999999999,7037.849999999999,410
2026-04-16T04:15:00+00:00,7037.849999999999,7039.099999999999,7036.829999999999,7037.089999999999,329
2026-04-16T04:30:00+00:00,7037.089999999999,7037.599999999999,7036.089999999999,7037.589999999999,258.95823095823096
2026-04-16T04:45:00+00:00,7037.589999999999,7038.099999999999,7037.079999999999,7037.839999999999,245
2026-04-16T05:00:00+00:00,7037.839999999999,7038.329999999999,7034.829999999999,7035.219999999999,611
2026-04-16T05:15:00+00:00,7035.219999999999,7039.079999999999,7035.089999999999,7038.829999999999,382
2026-04-16T05:30:00+00:00,7038.829999999999,7041.099999999999,7038.329999999999,7038.589999999999,1008
2026-04-16T05:45:00+00:00,7038.589999999999,7040.579999999999,7038.329999999999,7039.589999999999,498
2026-04-16T06:00:00+00:00,7039.589999999999,7044.329999999999,7039.589999999999,7043.329999999999,1294
2026-04-16T06:15:00+00:00,7043.329999999999,7044.099999999999,7041.079999999999,7043.079999999999,900
2026-04-16T06:30:00+00:00,7043.079999999999,7044.849999999999,7040.579999999999,7043.089999999999,903
2026-04-16T06:45:00+00:00,7043.089999999999,7044.329999999999,7042.829999999999,7043.349999999999,556
2026-04-16T07:00:00+00:00,7043.349999999999,7043.829999999999,7039.329999999999,7039.339999999999,1141
2026-04-16T07:15:00+00:00,7039.339999999999,7042.829999999999,7039.199999999999,7041.849999999999,766
2026-04-16T07:30:00+00:00,7041.849999999999,7043.589999999999,7040.339999999999,7042.579999999999,963
2026-04-16T07:45:00+00:00,7042.579999999999,7042.839999999999,7035.579999999999,7037.099999999999,918
2026-04-16T08:00:00+00:00,7037.099999999999,7038.579999999999,7032.089999999999,7032.589999999999,1888
2026-04-16T08:15:00+00:00,7032.589999999999,7034.349999999999,7030.079999999999,7031.599999999999,1431
2026-04-16T08:30:00+00:00,7031.599999999999,7032.849999999999,7028.349999999999,7032.599999999999,879
2026-04-16T08:45:00+00:00,7032.599999999999,7034.849999999999,7032.329999999999,7034.079999999999,647
2026-04-16T09:00:00+00:00,7034.079999999999,7036.849999999999,7033.579999999999,7035.339999999999,798
2026-04-16T09:15:00+00:00,7035.339999999999,7036.099999999999,7033.089999999999,7033.589999999999,647
2026-04-16T09:30:00+00:00,7033.589999999999,7034.839999999999,7032.839999999999,7033.589999999999,635
2026-04-16T09:45:00+00:00,7033.589999999999,7034.849999999999,7031.329999999999,7034.829999999999,680
2026-04-16T10:00:00+00:00,7034.829999999999,7037.349999999999,7034.579999999999,7035.339999999999,559
2026-04-16T10:15:00+00:00,7035.339999999999,7035.849999999999,7032.829999999999,7033.349999999999,740
2026-04-16T10:30:00+00:00,7033.349999999999,7033.589999999999,7027.849999999999,7028.589999999999,1449
2026-04-16T10:45:00+00:00,7028.589999999999,7031.849999999999,7025.579999999999,7031.089999999999,1417
2026-04-16T11:00:00+00:00,7031.089999999999,7033.599999999999,7031.089999999999,7033.079999999999,1135
2026-04-16T11:15:00+00:00,7033.079999999999,7034.579999999999,7029.079999999999,7031.579999999999,773
2026-04-16T11:30:00+00:00,7031.579999999999,7035.959999999999,7031.449999999999,7033.349999999999,1100
2026-04-16T11:45:00+00:00,7033.349999999999,7036.339999999999,7032.079999999999,7035.089999999999,1274
2026-04-16T12:00:00+00:00,7035.089999999999,7037.459999999999,7031.949999999999,7033.839999999999,1334
2026-04-16T12:15:00+00:00,7033.839999999999,7037.339999999999,7033.329999999999,7036.959999999999,703
2026-04-16T12:30:00+00:00,7036.959999999999,7039.599999999999,7034.089999999999,7037.849999999999,1577
2026-04-16T12:45:00+00:00,7037.849999999999,7037.849999999999,7033.619999999999,7035.829999999999,1222
2026-04-16T13:00:00+00:00,7035.829999999999,7040.099999999999,7035.829999999999,7038.079999999999,1161
2026-04-16T13:15:00+00:00,7038.079999999999,7039.089999999999,7034.079999999999,7038.199999999999,1947
2026-04-16T13:30:00+00:00,7038.199999999999,7040.399999999999,7028.359999999999,7035.629999999999,13591
2026-04-16T13:45:00+00:00,7035.629999999999,7036.509999999999,7012.879999999999,7022.629999999999,14515
2026-04-16T14:00:00+00:00,7022.629999999999,7029.139999999999,7014.879999999999,7024.139999999999,12810
2026-04-16T14:15:00+00:00,7024.139999999999,7026.149999999999,7014.149999999999,7019.139999999999,7752
2026-04-16T14:30:00+00:00,7019.139999999999,7022.899999999999,7016.129999999999,7022.379999999999,7926
2026-04-16T14:45:00+00:00,7022.379999999999,7029.629999999999,7021.129999999999,7026.879999999999,5952
2026-04-16T15:00:00+00:00,7026.879999999999,7042.399999999999,7026.879999999999,7042.129999999999,4686
2026-04-16T15:15:00+00:00,7042.129999999999,7048.149999999999,7035.629999999999,7035.629999999999,4939
2026-04-16T15:30:00+00:00,7035.629999999999,7051.629999999999,7034.119999999999,7041.629999999999,10136
2026-04-16T15:45:00+00:00,7041.629999999999,7051.149999999999,7037.879999999999,7050.399999999999,4259
2026-04-16T16:00:00+00:00,7050.399999999999,7053.149999999999,7048.629999999999,7052.389999999999,2723
2026-04-16T16:15:00+00:00,7052.389999999999,7055.649999999999,7046.849999999999,7048.149999999999,2601
2026-04-16T16:30:00+00:00,7048.149999999999,7048.649999999999,7029.639999999999,7041.629999999999,9654
2026-04-16T16:45:00+00:00,7041.629999999999,7044.399999999999,7035.379999999999,7036.139999999999,4490
2026-04-16T17:00:00+00:00,7036.139999999999,7036.649999999999,7028.109999999999,7028.649999999999,6282
2026-04-16T17:15:00+00:00,7028.649999999999,7037.399999999999,7025.879999999999,7034.899999999999,5700
2026-04-16T17:30:00+00:00,7034.899999999999,7042.149999999999,7033.879999999999,7041.389999999999,3510
2026-04-16T17:45:00+00:00,7041.389999999999,7043.139999999999,7029.379999999999,7034.149999999999,5163
2026-04-16T18:00:00+00:00,7034.149999999999,7040.009999999999,7027.379999999999,7033.379999999999,8042
2026-04-16T18:15:00+00:00,7033.379999999999,7035.399999999999,7022.649999999999,7026.129999999999,5552
2026-04-16T18:30:00+00:00,7026.129999999999,7037.399999999999,7025.629999999999,7035.879999999999,4117
2026-04-16T18:45:00+00:00,7035.879999999999,7038.389999999999,7031.879999999999,7035.399999999999,2954
2026-04-16T19:00:00+00:00,7035.399999999999,7039.649999999999,7034.139999999999,7036.249999999999,3328
2026-04-16T19:15:00+00:00,7036.249999999999,7040.149999999999,7036.129999999999,7037.129999999999,2311
2026-04-16T19:30:00+00:00,7037.129999999999,7044.149999999999,7036.389999999999,7041.399999999999,2540
2026-04-16T19:45:00+00:00,7041.399999999999,7047.389999999999,7039.399999999999,7043.129999999999,5474
2026-04-16T20:00:00+00:00,7043.129999999999,7044.959999999999,7041.079999999999,7041.849999999999,2785
2026-04-16T20:15:00+00:00,7041.849999999999,7043.599999999999,7041.339999999999,7043.089999999999,362
2026-04-16T20:30:00+00:00,7043.089999999999,7046.099999999999,7042.829999999999,7045.089999999999,260
2026-04-16T20:45:00+00:00,7045.089999999999,7046.349999999999,7044.579999999999,7044.929999999999,184
2026-04-16T22:00:00+00:00,7044.929999999999,7048.829999999999,7043.0599999999995,7048.319999999999,1057
2026-04-16T22:15:00+00:00,7048.319999999999,7049.829999999999,7047.3099999999995,7049.3099999999995,436
2026-04-16T22:30:00+00:00,7049.3099999999995,7050.449999999999,7049.0599999999995,7050.079999999999,339
2026-04-16T22:45:00+00:00,7050.079999999999,7050.329999999999,7049.0599999999995,7049.579999999999,285
2026-04-16T23:00:00+00:00,7049.579999999999,7051.079999999999,7048.8099999999995,7049.0599999999995,305
2026-04-16T23:15:00+00:00,7049.0599999999995,7052.079999999999,7048.819999999999,7050.319999999999,265
2026-04-16T23:30:00+00:00,7050.319999999999,7052.819999999999,7049.329999999999,7051.579999999999,357
2026-04-16T23:45:00+00:00,7051.579999999999,7051.829999999999,7049.8099999999995,7050.8099999999995,399
2026-04-17T00:00:00+00:00,7050.8099999999995,7051.069999999999,7045.569999999999,7046.319999999999,1440
2026-04-17T00:15:00+00:00,7046.319999999999,7051.329999999999,7045.319999999999,7050.579999999999,1132
2026-04-17T00:30:00+00:00,7050.579999999999,7051.679999999999,7049.5599999999995,7049.819999999999,748
2026-04-17T00:45:00+00:00,7049.819999999999,7051.319999999999,7049.3099999999995,7050.199999999999,475
2026-04-17T01:00:00+00:00,7050.199999999999,7051.829999999999,7049.3099999999995,7050.8099999999995,650
2026-04-17T01:15:00+00:00,7050.8099999999995,7051.829999999999,7048.569999999999,7049.439999999999,863
2026-04-17T01:30:00+00:00,7049.439999999999,7051.8099999999995,7049.3099999999995,7051.0599999999995,630
2026-04-17T01:45:00+00:00,7051.0599999999995,7052.069999999999,7049.689999999999,7050.569999999999,550
2026-04-17T02:00:00+00:00,7050.569999999999,7051.449999999999,7047.0599999999995,7048.319999999999,543
2026-04-17T02:15:00+00:00,7048.319999999999,7048.819999999999,7044.8099999999995,7046.069999999999,687
2026-04-17T02:30:00+00:00,7046.069999999999,7048.069999999999,7045.829999999999,7046.579999999999,384
2026-04-17T02:45:00+00:00,7046.579999999999,7047.079999999999,7045.3099999999995,7046.079999999999,309
2026-04-17T03:00:00+00:00,7046.079999999999,7046.829999999999,7043.819999999999,7044.569999999999,406
2026-04-17T03:15:00+00:00,7044.569999999999,7046.069999999999,7043.8099999999995,7045.079999999999,365
2026-04-17T03:30:00+00:00,7045.079999999999,7045.579999999999,7043.829999999999,7044.829999999999,389
2026-04-17T03:45:00+00:00,7044.829999999999,7045.829999999999,7044.689999999999,7045.5599999999995,286
2026-04-17T04:00:00+00:00,7045.5599999999995,7048.329999999999,7044.819999999999,7048.329999999999,306
2026-04-17T04:15:00+00:00,7048.329999999999,7050.329999999999,7048.179999999999,7049.319999999999,242
2026-04-17T04:30:00+00:00,7049.319999999999,7050.3099999999995,7048.319999999999,7048.569999999999,253
2026-04-17T04:45:00+00:00,7048.569999999999,7049.579999999999,7046.679999999999,7046.829999999999,331
2026-04-17T05:00:00+00:00,7046.829999999999,7047.079999999999,7042.8099999999995,7045.069999999999,743
2026-04-17T05:15:00+00:00,7045.069999999999,7046.829999999999,7044.5599999999995,7046.579999999999,376
2026-04-17T05:30:00+00:00,7046.579999999999,7049.329999999999,7044.199999999999,7048.569999999999,567
2026-04-17T05:45:00+00:00,7048.569999999999,7049.329999999999,7048.3099999999995,7048.819999999999,379
2026-04-17T06:00:00+00:00,7048.819999999999,7051.079999999999,7048.0599999999995,7050.199999999999,920
2026-04-17T06:15:00+00:00,7050.199999999999,7051.079999999999,7047.079999999999,7047.819999999999,846
2026-04-17T06:30:00+00:00,7047.819999999999,7047.819999999999,7044.569999999999,7047.069999999999,917
2026-04-17T06:45:00+00:00,7047.069999999999,7049.329999999999,7046.699999999999,7047.3099999999995,519
2026-04-17T07:00:00+00:00,7047.3099999999995,7053.829999999999,7047.3099999999995,7051.3099999999995,1321
2026-04-17T07:15:00+00:00,7051.3099999999995,7051.579999999999,7048.3099999999995,7050.079999999999,888
2026-04-17T07:30:00+00:00,7050.079999999999,7052.0599999999995,7049.449999999999,7051.319999999999,893
2026-04-17T07:45:00+00:00,7051.319999999999,7055.079999999999,7049.3099999999995,7054.069999999999,1097
2026-04-17T08:00:00+00:00,7054.069999999999,7055.329999999999,7052.0599999999995,7053.189999999999,982
2026-04-17T08:15:00+00:00,7053.189999999999,7055.579999999999,7052.069999999999,7054.8099999999995,746
2026-04-17T08:30:00+00:00,7054.8099999999995,7057.829999999999,7053.3099999999995,7057.569999999999,784
2026-04-17T08:45:00+00:00,7057.569999999999,7058.329999999999,7055.819999999999,7058.069999999999,567
2026-04-17T09:00:00+00:00,7058.069999999999,7059.819999999999,7056.3099999999995,7057.079999999999,513
2026-04-17T09:15:00+00:00,7057.079999999999,7059.199999999999,7055.3099999999995,7059.069999999999,532
2026-04-17T09:30:00+00:00,7059.069999999999,7059.329999999999,7056.3099999999995,7058.819999999999,587
2026-04-17T09:45:00+00:00,7058.819999999999,7061.329999999999,7057.3099999999995,7060.449999999999,864
2026-04-17T10:00:00+00:00,7060.449999999999,7062.819999999999,7059.3099999999995,7062.189999999999,686
2026-04-17T10:15:00+00:00,7062.189999999999,7062.329999999999,7057.929999999999,7058.5599999999995,514
2026-04-17T10:30:00+00:00,7058.5599999999995,7058.569999999999,7055.5599999999995,7056.819999999999,622
2026-04-17T10:45:00+00:00,7056.819999999999,7060.079999999999,7056.0599999999995,7059.069999999999,591
2026-04-17T11:00:00+00:00,7059.069999999999,7062.329999999999,7058.8099999999995,7061.069999999999,848
2026-04-17T11:15:00+00:00,7061.069999999999,7063.579999999999,7060.5599999999995,7062.829999999999,691
2026-04-17T11:30:00+00:00,7062.829999999999,7065.829999999999,7062.569999999999,7065.579999999999,951
2026-04-17T11:45:00+00:00,7065.579999999999,7069.579999999999,7065.0599999999995,7068.569999999999,888
2026-04-17T12:00:00+00:00,7068.569999999999,7074.079999999999,7067.0599999999995,7073.069999999999,1481
2026-04-17T12:15:00+00:00,7073.069999999999,7081.5599999999995,7069.319999999999,7081.5599999999995,4016
2026-04-17T12:30:00+00:00,7081.5599999999995,7086.439999999999,7077.3099999999995,7077.579999999999,3510
2026-04-17T12:45:00+00:00,7077.579999999999,7104.329999999999,7076.8099999999995,7103.319999999999,15830
2026-04-17T13:00:00+00:00,7103.319999999999,7114.829999999999,7095.0599999999995,7112.829999999999,10627
2026-04-17T13:15:00+00:00,7112.829999999999,7112.939999999999,7086.5599999999995,7088.579999999999,11158
2026-04-17T13:30:00+00:00,7088.579999999999,7102.879999999999,7086.609999999999,7098.239999999999,23803
2026-04-17T13:45:00+00:00,7098.239999999999,7111.129999999999,7084.599999999999,7110.859999999999,21251
2026-04-17T14:00:00+00:00,7110.859999999999,7121.989999999999,7108.859999999999,7119.359999999999,9116
2026-04-17T14:15:00+00:00,7119.359999999999,7123.109999999999,7113.369999999999,7120.879999999999,8301
2026-04-17T14:30:00+00:00,7120.879999999999,7138.629999999999,7120.369999999999,7137.359999999999,7988
2026-04-17T14:45:00+00:00,7137.359999999999,7142.129999999999,7130.609999999999,7133.359999999999,6606
2026-04-17T15:00:00+00:00,7133.359999999999,7140.379999999999,7129.859999999999,7131.119999999999,9719
2026-04-17T15:15:00+00:00,7131.119999999999,7135.879999999999,7127.109999999999,7134.859999999999,6674
2026-04-17T15:30:00+00:00,7134.859999999999,7142.379999999999,7133.089999999999,7133.369999999999,5940
2026-04-17T15:45:00+00:00,7133.369999999999,7142.379999999999,7133.369999999999,7136.609999999999,7426
2026-04-17T16:00:00+00:00,7136.609999999999,7145.629999999999,7134.359999999999,7142.619999999999,4457
2026-04-17T16:15:00+00:00,7142.619999999999,7144.879999999999,7138.609999999999,7144.609999999999,3518
2026-04-17T16:30:00+00:00,7144.609999999999,7151.629999999999,7144.609999999999,7151.379999999999,2833
2026-04-17T16:45:00+00:00,7151.379999999999,7153.129999999999,7148.359999999999,7148.619999999999,2187
2026-04-17T17:00:00+00:00,7148.619999999999,7151.129999999999,7136.359999999999,7141.609999999999,7378
2026-04-17T17:15:00+00:00,7141.609999999999,7143.129999999999,7119.089999999999,7127.869999999999,14656
2026-04-17T17:30:00+00:00,7127.869999999999,7132.619999999999,7124.859999999999,7128.109999999999,8244
2026-04-17T17:45:00+00:00,7128.109999999999,7136.9,7127.619999999999,7132.889999999999,3809.2786704744867
2026-04-17T18:00:00+00:00,7132.889999999999,7134.9,7123.379999999999,7124.65,5014
2026-04-17T18:15:00+00:00,7124.65,7133.629999999999,7121.11,7127.879999999999,7242
2026-04-17T18:30:00+00:00,7127.879999999999,7133.879999999999,7127.379999999999,7131.15,4044
2026-04-17T18:45:00+00:00,7131.15,7131.65,7121.629999999999,7126.15,4437
2026-04-17T19:00:00+00:00,7126.15,7128.9,7119.4,7121.15,3798
2026-04-17T19:15:00+00:00,7121.15,7125.629999999999,7120.379999999999,7122.129999999999,3473
2026-04-17T19:30:00+00:00,7122.129999999999,7133.15,7122.129999999999,7132.4,3693
2026-04-17T19:45:00+00:00,7132.4,7133.65,7126.639999999999,7129.629999999999,6377
2026-04-17T20:00:00+00:00,7129.629999999999,7134.58,7129.08,7133.589999999999,1768
2026-04-17T20:15:00+00:00,7133.589999999999,7134.099999999999,7127.08,7129.31,791
2026-04-17T20:30:00+00:00,7129.31,7132.57,7128.56,7130.32,320
2026-04-19T22:00:00+00:00,7130.32,7130.32,7054.67,7073.15,11651
2026-04-19T22:15:00+00:00,7073.15,7077.4,7071.4,7072.16,2340
2026-04-19T22:30:00+00:00,7072.16,7084.67,7070.67,7083.15,1551
2026-04-19T22:45:00+00:00,7083.15,7085.41,7079.9,7080.15,1310
2026-04-19T23:00:00+00:00,7080.15,7083.66,7076.16,7077.17,1313
2026-04-19T23:15:00+00:00,7077.17,7078.67,7075.65,7077.42,947
2026-04-19T23:30:00+00:00,7077.42,7077.92,7074.15,7076.04,913
2026-04-19T23:45:00+00:00,7076.04,7077.91,7072.15,7076.27,1279
2026-04-20T00:00:00+00:00,7076.27,7078.17,7071.03,7074.28,3442
2026-04-20T00:15:00+00:00,7074.28,7081.92,7073.91,7081.27,2874
2026-04-20T00:30:00+00:00,7081.27,7082.91,7078.42,7080.67,1716
2026-04-20T00:45:00+00:00,7080.67,7083.42,7080.4,7082.17,1054
2026-04-20T01:00:00+00:00,7082.17,7091.17,7081.65,7090.66,2447
2026-04-20T01:15:00+00:00,7090.66,7091.16,7087.9,7088.9,1290
2026-04-20T01:30:00+00:00,7088.9,7094.67,7088.67,7093.66,1230
2026-04-20T01:45:00+00:00,7093.66,7096.15,7093.15,7093.92,841
2026-04-20T02:00:00+00:00,7093.92,7094.15,7090.42,7091.15,829
2026-04-20T02:15:00+00:00,7091.15,7093.42,7090.67,7092.03,579
2026-04-20T02:30:00+00:00,7092.03,7092.66,7090.65,7091.42,599
2026-04-20T02:45:00+00:00,7091.42,7091.91,7089.15,7091.4,557
2026-04-20T03:00:00+00:00,7091.4,7092.67,7089.9,7090.79,609
2026-04-20T03:15:00+00:00,7090.79,7092.65,7089.41,7091.67,519
2026-04-20T03:30:00+00:00,7091.67,7093.16,7090.4,7090.66,508
2026-04-20T03:45:00+00:00,7090.66,7090.66,7088.4,7088.79,556
2026-04-20T04:00:00+00:00,7088.79,7089.92,7087.15,7088.9,585
2026-04-20T04:15:00+00:00,7088.9,7089.15,7087.15,7087.91,422
2026-04-20T04:30:00+00:00,7087.91,7088.92,7085.42,7088.67,495
2026-04-20T04:45:00+00:00,7088.67,7091.17,7087.28,7089.92,708
2026-04-20T05:00:00+00:00,7089.92,7090.42,7088.15,7088.79,667
2026-04-20T05:15:00+00:00,7088.79,7090.03,7084.65,7084.78,906
2026-04-20T05:30:00+00:00,7084.78,7085.42,7079.15,7079.41,1585
2026-04-20T05:45:00+00:00,7079.41,7084.79,7079.16,7083.42,1393
2026-04-20T06:00:00+00:00,7083.42,7088.92,7083.15,7086.4,1795
2026-04-20T06:15:00+00:00,7086.4,7087.67,7085.52,7087.15,1353
2026-04-20T06:30:00+00:00,7087.15,7090.67,7086.4,7087.42,1742
2026-04-20T06:45:00+00:00,7087.42,7098.15,7085.65,7093.9,3188
2026-04-20T07:00:00+00:00,7093.9,7099.42,7092.92,7097.53,4707
2026-04-20T07:15:00+00:00,7097.53,7100.67,7092.16,7093.67,2938
2026-04-20T07:30:00+00:00,7093.67,7094.66,7084.41,7088.15,4469
2026-04-20T07:45:00+00:00,7088.15,7088.67,7084.15,7088.42,2061
2026-04-20T08:00:00+00:00,7088.42,7089.41,7079.65,7086.41,3181
2026-04-20T08:15:00+00:00,7086.41,7092.16,7084.4,7091.28,2903
2026-04-20T08:30:00+00:00,7091.28,7093.17,7088.15,7092.16,1668
2026-04-20T08:45:00+00:00,7092.16,7100.67,7091.66,7098.9,2455
2026-04-20T09:00:00+00:00,7098.9,7103.42,7096.4,7097.66,2096
2026-04-20T09:15:00+00:00,7097.66,7098.66,7094.9,7097.78,1388
2026-04-20T09:30:00+00:00,7097.78,7100.65,7096.65,7100.41,1193
2026-04-20T09:45:00+00:00,7100.41,7100.42,7097.4,7097.65,935
2026-04-20T10:00:00+00:00,7097.65,7105.78,7097.16,7102.04,1590
2026-04-20T10:15:00+00:00,7102.04,7105.15,7098.42,7099.92,1536
2026-04-20T10:30:00+00:00,7099.92,7100.67,7095.54,7096.52,786
2026-04-20T10:45:00+00:00,7096.52,7098.42,7094.92,7095.91,1024
2026-04-20T11:00:00+00:00,7095.91,7096.42,7090.4,7095.52,1720
2026-04-20T11:15:00+00:00,7095.52,7096.42,7091.17,7091.53,1172
2026-04-20T11:30:00+00:00,7091.53,7097.03,7090.9,7096.65,2644
2026-04-20T11:45:00+00:00,7096.65,7100.17,7096.17,7098.65,1875
2026-04-20T12:00:00+00:00,7098.65,7103.42,7096.16,7098.9,2644
2026-04-20T12:15:00+00:00,7098.9,7103.42,7097.41,7099.66,2036
2026-04-20T12:30:00+00:00,7099.66,7105.17,7099.41,7104.04,2221
2026-04-20T12:45:00+00:00,7104.04,7110.42,7103.9,7105.9,1568
2026-04-20T13:00:00+00:00,7105.9,7116.92,7104.4,7110.41,5779
2026-04-20T13:15:00+00:00,7110.41,7117.67,7109.15,7117.67,3909
2026-04-20T13:30:00+00:00,7117.67,7123.96,7111.96,7118.2,20493
2026-04-20T13:45:00+00:00,7118.2,7128.97,7114.19,7126.47,13572
2026-04-20T14:00:00+00:00,7126.47,7126.97,7116.44,7122.46,9816
2026-04-20T14:15:00+00:00,7122.46,7126.22,7117.7,7119.47,10471
2026-04-20T14:30:00+00:00,7119.47,7120.22,7108.95,7110.97,10564
2026-04-20T14:45:00+00:00,7110.97,7117.97,7094.42,7101.46,19443
2026-04-20T15:00:00+00:00,7101.46,7105.97,7091.2,7097.2,13606
2026-04-20T15:15:00+00:00,7097.2,7114.72,7093.71,7112.72,14100
2026-04-20T15:30:00+00:00,7112.72,7112.72,7102.2,7105.21,9446
2026-04-20T15:45:00+00:00,7105.21,7108.45,7100.95,7105.72,4879
2026-04-20T16:00:00+00:00,7105.72,7107.22,7100.2,7105.47,4209
2026-04-20T16:15:00+00:00,7105.47,7107.72,7099.7,7106.22,3792
2026-04-20T16:30:00+00:00,7106.22,7110.72,7103.7,7106.72,4279
2026-04-20T16:45:00+00:00,7106.72,7108.97,7104.7,7106.2,2658
2026-04-20T17:00:00+00:00,7106.2,7111.22,7102.45,7110.22,4253
2026-04-20T17:15:00+00:00,7110.22,7113.72,7109.2,7109.7,2889
2026-04-20T17:30:00+00:00,7109.7,7112.7,7105.7,7109.47,4267
2026-04-20T17:45:00+00:00,7109.47,7110.47,7106.7,7107.22,2259
2026-04-20T18:00:00+00:00,7107.22,7112.72,7104.7,7111.71,4051
2026-04-20T18:15:00+00:00,7111.71,7116.22,7110.2,7113.08,2817
2026-04-20T18:30:00+00:00,7113.08,7113.97,7108.71,7111.2,3260
2026-04-20T18:45:00+00:00,7111.2,7115.97,7110.22,7112.7,1721
2026-04-20T19:00:00+00:00,7112.7,7115.47,7111.7,7114.45,1603
2026-04-20T19:15:00+00:00,7114.45,7114.97,7109.7,7110.22,1461
2026-04-20T19:30:00+00:00,7110.22,7111.97,7106.45,7107.21,2034
2026-04-20T19:45:00+00:00,7107.21,7118.72,7106.21,7117.96,4194
2026-04-20T20:00:00+00:00,7117.96,7119.16,7116.16,7116.16,1396
2026-04-20T20:15:00+00:00,7116.16,7117.67,7114.9,7117.17,382
2026-04-20T20:30:00+00:00,7117.17,7129.92,7114.65,7127.15,2875
2026-04-20T20:45:00+00:00,7127.15,7127.15,7120.9,7121.77,1027
2026-04-20T22:00:00+00:00,7121.77,7131.57,7120.8,7127.93,1832
2026-04-20T22:15:00+00:00,7127.93,7129.06,7126.3,7127.18,463
2026-04-20T22:30:00+00:00,7127.18,7128.31,7125.57,7127.81,347
2026-04-20T22:45:00+00:00,7127.81,7129.32,7127.31,7129.05,272
2026-04-20T23:00:00+00:00,7129.05,7129.31,7127.55,7128.55,233
2026-04-20T23:15:00+00:00,7128.55,7129.06,7126.06,7126.32,248
2026-04-20T23:30:00+00:00,7126.32,7127.3,7125.56,7126.56,260
2026-04-20T23:45:00+00:00,7126.56,7126.57,7124.8,7125.81,324
2026-04-21T00:00:00+00:00,7125.81,7128.57,7124.55,7126.57,1300
2026-04-21T00:15:00+00:00,7126.57,7127.32,7122.81,7123.05,975
2026-04-21T00:30:00+00:00,7123.05,7124.32,7120.81,7123.57,851
2026-04-21T00:45:00+00:00,7123.57,7131.07,7123.55,7129.05,2710
2026-04-21T01:00:00+00:00,7129.05,7129.32,7126.55,7127.06,961
2026-04-21T01:15:00+00:00,7127.06,7130.57,7126.3,7130.56,731
2026-04-21T01:30:00+00:00,7130.56,7133.07,7130.05,7132.82,1002
2026-04-21T01:45:00+00:00,7132.82,7133.07,7128.05,7129.3,668
2026-04-21T02:00:00+00:00,7129.3,7131.07,7128.8,7130.81,501
2026-04-21T02:15:00+00:00,7130.81,7131.32,7129.57,7130.81,343
2026-04-21T02:30:00+00:00,7130.81,7131.32,7128.67,7130.8,498
2026-04-21T02:45:00+00:00,7130.8,7131.07,7128.3,7128.57,346
2026-04-21T03:00:00+00:00,7128.57,7129.32,7127.06,7127.32,341
2026-04-21T03:15:00+00:00,7127.32,7127.57,7124.05,7126.07,637
2026-04-21T03:30:00+00:00,7126.07,7126.81,7124.8,7125.82,340
2026-04-21T03:45:00+00:00,7125.82,7127.82,7125.82,7127.56,199
2026-04-21T04:00:00+00:00,7127.56,7129.32,7127.55,7128.56,241
2026-04-21T04:15:00+00:00,7128.56,7131.07,7128.56,7130.57,223
2026-04-21T04:30:00+00:00,7130.57,7131.82,7130.55,7130.82,205
2026-04-21T04:45:00+00:00,7130.82,7132.07,7130.68,7131.31,205
2026-04-21T05:00:00+00:00,7131.31,7135.07,7130.8,7135.07,626
2026-04-21T05:15:00+00:00,7135.07,7135.82,7133.3,7134.56,518
2026-04-21T05:30:00+00:00,7134.56,7134.57,7133.06,7133.31,284
2026-04-21T05:45:00+00:00,7133.31,7133.31,7130.8,7131.31,626
2026-04-21T06:00:00+00:00,7131.31,7136.07,7130.06,7135.31,1226
2026-04-21T06:15:00+00:00,7135.31,7136.57,7133.56,7133.92,749
2026-04-21T06:30:00+00:00,7133.92,7135.57,7133.81,7134.3,642
2026-04-21T06:45:00+00:00,7134.3,7134.94,7133.17,7133.55,504
2026-04-21T07:00:00+00:00,7133.55,7133.82,7127.06,7128.67,1856
2026-04-21T07:15:00+00:00,7128.67,7131.82,7128.05,7129.57,1202
2026-04-21T07:30:00+00:00,7129.57,7131.07,7127.32,7130.07,1184
2026-04-21T07:45:00+00:00,7130.07,7133.82,7128.81,7128.81,1369
2026-04-21T08:00:00+00:00,7128.81,7129.8,7125.06,7125.82,1773
2026-04-21T08:15:00+00:00,7125.82,7133.3,7125.82,7132.3,1114
2026-04-21T08:30:00+00:00,7132.3,7137.55,7130.8,7135.8,1291
2026-04-21T08:45:00+00:00,7135.8,7137.44,7134.31,7134.56,1083
2026-04-21T09:00:00+00:00,7134.56,7134.81,7129.07,7130.55,1295
2026-04-21T09:15:00+00:00,7130.55,7132.57,7130.18,7131.82,779
2026-04-21T09:30:00+00:00,7131.82,7133.82,7131.55,7132.81,577
2026-04-21T09:45:00+00:00,7132.81,7140.07,7132.31,7139.3,1495
2026-04-21T10:00:00+00:00,7139.3,7142.57,7138.57,7140.17,1211
2026-04-21T10:15:00+00:00,7140.17,7140.57,7138.8,7140.06,693
2026-04-21T10:30:00+00:00,7140.06,7144.32,7139.8,7143.55,734
2026-04-21T10:45:00+00:00,7143.55,7148.07,7143.55,7146.56,845
2026-04-21T11:00:00+00:00,7146.56,7148.32,7140.8,7143.43,3318
2026-04-21T11:15:00+00:00,7143.43,7149.32,7141.81,7149.31,1433
2026-04-21T11:30:00+00:00,7149.31,7153.57,7148.8,7150.8,1230
2026-04-21T11:45:00+00:00,7150.8,7151.82,7145.82,7146.31,1198
2026-04-21T12:00:00+00:00,7146.31,7147.82,7143.05,7143.3,1463
2026-04-21T12:15:00+00:00,7143.3,7145.06,7137.3,7144.69,2096
2026-04-21T12:30:00+00:00,7144.69,7147.07,7132.55,7135.56,5008
2026-04-21T12:45:00+00:00,7135.56,7138.57,7131.3,7134.8,3797
2026-04-21T13:00:00+00:00,7134.8,7136.07,7131.05,7132.06,2325
2026-04-21T13:15:00+00:00,7132.06,7134.56,7130.8,7133.05,2559
2026-04-21T13:30:00+00:00,7133.05,7134.62,7117.85,7127.1,17631
2026-04-21T13:45:00+00:00,7127.1,7139.12,7124.1,7138.24,10563
2026-04-21T14:00:00+00:00,7138.24,7142.62,7135.35,7140.86,7030
2026-04-21T14:15:00+00:00,7140.86,7143.36,7131.85,7136.12,6341
2026-04-21T14:30:00+00:00,7136.12,7138.37,7127.37,7129.1,9269
2026-04-21T14:45:00+00:00,7129.1,7129.62,7104.85,7106.11,12582
2026-04-21T15:00:00+00:00,7106.11,7110.87,7091.35,7109.1,18825
2026-04-21T15:15:00+00:00,7109.1,7112.11,7092.6,7096.87,13512
2026-04-21T15:30:00+00:00,7096.87,7104.12,7090.11,7099.36,13528
2026-04-21T15:45:00+00:00,7099.36,7104.87,7094.34,7097.11,9630
2026-04-21T16:00:00+00:00,7097.11,7109.12,7096.1,7098.86,11118
2026-04-21T16:15:00+00:00,7098.86,7101.87,7092.6,7093.61,6069
2026-04-21T16:30:00+00:00,7093.61,7101.62,7086.35,7088.61,6498
2026-04-21T16:45:00+00:00,7088.61,7096.12,7084.62,7085.36,5567
2026-04-21T17:00:00+00:00,7085.36,7092.62,7072.85,7076.35,15000
2026-04-21T17:15:00+00:00,7076.35,7079.12,7067.35,7076.12,9474
2026-04-21T17:30:00+00:00,7076.12,7103.86,7075.85,7094.86,17842
2026-04-21T17:45:00+00:00,7094.86,7095.62,7082.6,7087.62,8391
2026-04-21T18:00:00+00:00,7087.62,7094.12,7084.35,7089.1,6572
2026-04-21T18:15:00+00:00,7089.1,7091.62,7076.35,7080.61,9994
2026-04-21T18:30:00+00:00,7080.61,7087.37,7080.35,7084.12,4699
2026-04-21T18:45:00+00:00,7084.12,7098.61,7079.85,7092.87,12414
2026-04-21T19:00:00+00:00,7092.87,7103.37,7091.86,7096.22,9518
2026-04-21T19:15:00+00:00,7096.22,7108.12,7092.6,7107.35,9023
2026-04-21T19:30:00+00:00,7107.35,7109.12,7055.85,7061.37,18782
2026-04-21T19:45:00+00:00,7061.37,7077.87,7060.6,7071.36,23658
2026-04-21T20:00:00+00:00,7071.36,7109.59,7062.55,7095.81,19107
2026-04-21T20:15:00+00:00,7095.81,7100.82,7091.3,7092.69,8471
2026-04-21T20:30:00+00:00,7092.69,7096.31,7090.8,7091.55,2296
2026-04-21T20:45:00+00:00,7091.55,7098.93,7089.05,7093.16,1869
2026-04-21T22:00:00+00:00,7093.16,7101.93,7093.16,7100.56,2238
2026-04-21T22:15:00+00:00,7100.56,7101.18,7098.18,7099.18,546
2026-04-21T22:30:00+00:00,7099.18,7100.45,7097.45,7098.3,407
2026-04-21T22:45:00+00:00,7098.3,7099.07,7092.95,7095.82,742
2026-04-21T23:00:00+00:00,7095.82,7099.31,7094.44,7098.18,505
2026-04-21T23:15:00+00:00,7098.18,7099.7,7096.43,7097.56,491
2026-04-21T23:30:00+00:00,7097.56,7100.94,7095.93,7100.45,580
2026-04-21T23:45:00+00:00,7100.45,7102.95,7100.31,7102.68,792
2026-04-22T00:00:00+00:00,7102.68,7109.45,7102.68,7107.82,1658
2026-04-22T00:15:00+00:00,7107.82,7111.06,7105.94,7107.93,1266
2026-04-22T00:30:00+00:00,7107.93,7110.32,7107.69,7108.68,817
2026-04-22T00:45:00+00:00,7108.68,7108.7,7104.94,7105.93,776
2026-04-22T01:00:00+00:00,7105.93,7109.31,7105.68,7107.69,1054
2026-04-22T01:15:00+00:00,7107.69,7108.32,7105.93,7107.45,755
2026-04-22T01:30:00+00:00,7107.45,7113.45,7106.93,7110.45,1097
2026-04-22T01:45:00+00:00,7110.45,7111.82,7108.44,7111.18,847
2026-04-22T02:00:00+00:00,7111.18,7113.68,7110.69,7113.32,736
2026-04-22T02:15:00+00:00,7113.32,7114.44,7111.44,7113.93,573
2026-04-22T02:30:00+00:00,7113.93,7114.45,7111.18,7111.43,526
2026-04-22T02:45:00+00:00,7111.43,7112.2,7110.93,7111.19,333
2026-04-22T03:00:00+00:00,7111.19,7112.95,7109.19,7109.44,453
2026-04-22T03:15:00+00:00,7109.44,7110.2,7108.44,7109.43,472
2026-04-22T03:30:00+00:00,7109.43,7111.95,7107.05,7109.05,592
2026-04-22T03:45:00+00:00,7109.05,7109.7,7107.18,7107.43,379
2026-04-22T04:00:00+00:00,7107.43,7109.44,7105.7,7108.93,527
2026-04-22T04:15:00+00:00,7108.93,7109.43,7105.55,7105.69,583
2026-04-22T04:30:00+00:00,7105.69,7106.18,7103.7,7105.43,384
2026-04-22T04:45:00+00:00,7105.43,7106.68,7101.18,7101.68,643
2026-04-22T05:00:00+00:00,7101.68,7106.19,7100.2,7105.18,700
2026-04-22T05:15:00+00:00,7105.18,7119.19,7104.93,7111.94,4632
2026-04-22T05:30:00+00:00,7111.94,7115.19,7111.31,7114.2,1187
2026-04-22T05:45:00+00:00,7114.2,7115.2,7112.2,7112.44,695
2026-04-22T06:00:00+00:00,7112.44,7112.94,7106.31,7107.19,1211
2026-04-22T06:15:00+00:00,7107.19,7109.94,7105.45,7109.7,871
2026-04-22T06:30:00+00:00,7109.7,7115.2,7109.7,7112.93,1373
2026-04-22T06:45:00+00:00,7112.93,7115.06,7111.8,7113.55,734
2026-04-22T07:00:00+00:00,7113.55,7116.7,7112.7,7115.68,1660
2026-04-22T07:15:00+00:00,7115.68,7116.93,7111.18,7116.18,1459
2026-04-22T07:30:00+00:00,7116.18,7118.43,7112.93,7117.8,1541
2026-04-22T07:45:00+00:00,7117.8,7118.45,7113.43,7113.95,1524
2026-04-22T08:00:00+00:00,7113.95,7115.81,7110.69,7111.94,2124
2026-04-22T08:15:00+00:00,7111.94,7111.95,7106.18,7106.82,1955
2026-04-22T08:30:00+00:00,7106.82,7108.94,7101.68,7106.55,2430
2026-04-22T08:45:00+00:00,7106.55,7110.68,7104.43,7110.05,1170
2026-04-22T09:00:00+00:00,7110.05,7117.18,7109.18,7115.68,3156
2026-04-22T09:15:00+00:00,7115.68,7118.19,7113.93,7117.2,1166
2026-04-22T09:30:00+00:00,7117.2,7117.94,7115.18,7117.69,1079
2026-04-22T09:45:00+00:00,7117.69,7118.18,7105.68,7109.93,2293
2026-04-22T10:00:00+00:00,7109.93,7113.18,7104.44,7106.69,2836
2026-04-22T10:15:00+00:00,7106.69,7111.69,7106.68,7111.18,1508
2026-04-22T10:30:00+00:00,7111.18,7115.05,7109.93,7110.68,1330
2026-04-22T10:45:00+00:00,7110.68,7111.94,7109.57,7110.45,1122
2026-04-22T11:00:00+00:00,7110.45,7111.95,7107.2,7108.06,1869
2026-04-22T11:15:00+00:00,7108.06,7111.45,7107.19,7108.7,1442
2026-04-22T11:30:00+00:00,7108.7,7111.2,7107.43,7108.2,1832
2026-04-22T11:45:00+00:00,7108.2,7114.45,7107.93,7113.44,1549
2026-04-22T12:00:00+00:00,7113.44,7128.2,7113.43,7126.95,2157
2026-04-22T12:15:00+00:00,7126.95,7128.32,7119.93,7120.32,2214
2026-04-22T12:30:00+00:00,7120.32,7122.2,7114.43,7115.2,3870
2026-04-22T12:45:00+00:00,7115.2,7117.44,7109.7,7110.55,2479
2026-04-22T13:00:00+00:00,7110.55,7122.45,7109.18,7113.69,5529
2026-04-22T13:15:00+00:00,7113.69,7124.32,7111.18,7121.7,6970
2026-04-22T13:30:00+00:00,7121.7,7123.74,7112.48,7117.48,18138
2026-04-22T13:45:00+00:00,7117.48,7125.25,7112.5,7124.24,11424
2026-04-22T14:00:00+00:00,7124.24,7132,7118,7131.5,8849
2026-04-22T14:15:00+00:00,7131.5,7137.75,7131.48,7135.98,7682
2026-04-22T14:30:00+00:00,7135.98,7137.25,7124.86,7127.74,11772
2026-04-22T14:45:00+00:00,7127.74,7133.75,7125.23,7130.75,6968
2026-04-22T15:00:00+00:00,7130.75,7133,7123.23,7129,8351
2026-04-22T15:15:00+00:00,7129,7135.75,7125.98,7132.49,5741
2026-04-22T15:30:00+00:00,7132.49,7134.75,7122.85,7123.23,5447
2026-04-22T15:45:00+00:00,7123.23,7130.75,7121.73,7126.5,4383
2026-04-22T16:00:00+00:00,7126.5,7131.6,7124.23,7129.49,3883
2026-04-22T16:15:00+00:00,7129.49,7130.49,7120.45,7121.48,3761
2026-04-22T16:30:00+00:00,7121.48,7127,7118.23,7120.98,5201
2026-04-22T16:45:00+00:00,7120.98,7124.25,7118.23,7119.36,4419
2026-04-22T17:00:00+00:00,7119.36,7134.25,7119.23,7129.73,7764
2026-04-22T17:15:00+00:00,7129.73,7134.5,7126.23,7130.73,3211
2026-04-22T17:30:00+00:00,7130.73,7133.5,7129.23,7132.48,2157
2026-04-22T17:45:00+00:00,7132.48,7134.5,7128.23,7129.99,3529
2026-04-22T18:00:00+00:00,7129.99,7132,7128.48,7129.49,1751
2026-04-22T18:15:00+00:00,7129.49,7129.49,7121.98,7124.24,2785
2026-04-22T18:30:00+00:00,7124.24,7129.5,7123.48,7128.5,1950
2026-04-22T18:45:00+00:00,7128.5,7130.86,7124.96,7126.23,1697
2026-04-22T19:00:00+00:00,7126.23,7130,7121.73,7129.24,5257
2026-04-22T19:15:00+00:00,7129.24,7135.5,7128.98,7134.49,2479
2026-04-22T19:30:00+00:00,7134.49,7135.5,7130.98,7134.23,2450
2026-04-22T19:45:00+00:00,7134.23,7144.5,7133.73,7142,6330
2026-04-22T20:00:00+00:00,7142,7144.45,7134.93,7135.18,5099
2026-04-22T20:15:00+00:00,7135.18,7136.95,7131.44,7134.94,1567
2026-04-22T20:30:00+00:00,7134.94,7136.69,7127.69,7133.2,1273
2026-04-22T20:45:00+00:00,7133.2,7136.45,7132.68,7136.04,695
2026-04-22T22:00:00+00:00,7136.04,7137.02,7131.26,7133.77,1775
2026-04-22T22:15:00+00:00,7133.77,7136.27,7133.26,7133.26,604
2026-04-22T22:30:00+00:00,7133.26,7134.02,7131.65,7132.78,546
2026-04-22T22:45:00+00:00,7132.78,7134.53,7132.51,7133.479999999999,344.08112206216833
2026-04-22T23:00:00+00:00,7133.479999999999,7134.739999999999,7132.229999999999,7134.239999999999,330
2026-04-22T23:15:00+00:00,7134.239999999999,7135.979999999999,7133.749999999998,7135.499999999998,308.6239941477688
2026-04-22T23:30:00+00:00,7135.499999999998,7135.499999999998,7133.739999999998,7134.609999999998,197
2026-04-22T23:45:00+00:00,7134.609999999998,7136.249999999998,7134.359999999998,7135.499999999998,434
2026-04-23T00:00:00+00:00,7135.499999999998,7135.999999999998,7095.739999999998,7096.119999999998,5586
2026-04-23T00:15:00+00:00,7096.119999999998,7127.629999999997,7078.489999999998,7126.0099999999975,17858
2026-04-23T00:30:00+00:00,7126.0099999999975,7131.239999999998,7121.989999999998,7124.7599999999975,5617
2026-04-23T00:45:00+00:00,7124.7599999999975,7128.999999999998,7122.879999999997,7127.619999999998,3350
2026-04-23T01:00:00+00:00,7127.619999999998,7128.0099999999975,7119.5099999999975,7121.859999999998,3388
2026-04-23T01:15:00+00:00,7121.859999999998,7123.129999999997,7117.239999999998,7118.249999999998,2225
2026-04-23T01:30:00+00:00,7118.249999999998,7121.5099999999975,7114.489999999998,7117.879999999997,3016
2026-04-23T01:45:00+00:00,7117.879999999997,7118.5099999999975,7112.489999999998,7114.239999999998,2057
2026-04-23T02:00:00+00:00,7114.239999999998,7114.2599999999975,7106.489999999998,7106.749999999998,2066
2026-04-23T02:15:00+00:00,7106.749999999998,7115.2599999999975,7105.0099999999975,7109.249999999998,3965
2026-04-23T02:30:00+00:00,7109.249999999998,7113.0099999999975,7105.989999999998,7108.749999999998,3009
2026-04-23T02:45:00+00:00,7108.749999999998,7111.0099999999975,7105.2599999999975,7106.119999999998,2357
2026-04-23T03:00:00+00:00,7106.119999999998,7109.239999999998,7100.5099999999975,7101.739999999998,2466
2026-04-23T03:15:00+00:00,7101.739999999998,7102.239999999998,7096.989999999998,7097.5099999999975,2079
2026-04-23T03:30:00+00:00,7097.5099999999975,7098.7599999999975,7091.7599999999975,7094.499999999998,2842
2026-04-23T03:45:00+00:00,7094.499999999998,7101.0099999999975,7094.0099999999975,7099.999999999998,2445
2026-04-23T04:00:00+00:00,7099.999999999998,7104.2599999999975,7096.359999999998,7103.999999999998,1783
2026-04-23T04:15:00+00:00,7103.999999999998,7105.249999999998,7102.489999999998,7104.119999999998,1121
2026-04-23T04:30:00+00:00,7104.119999999998,7107.7599999999975,7103.749999999998,7106.499999999998,885
2026-04-23T04:45:00+00:00,7106.499999999998,7108.369999999998,7105.489999999998,7107.989999999998,755
2026-04-23T05:00:00+00:00,7107.989999999998,7109.989999999998,7106.989999999998,7108.499999999998,1134
2026-04-23T05:15:00+00:00,7108.499999999998,7109.0099999999975,7104.239999999998,7106.7599999999975,1259
2026-04-23T05:30:00+00:00,7106.7599999999975,7109.0099999999975,7103.739999999998,7104.7599999999975,1730
2026-04-23T05:45:00+00:00,7104.7599999999975,7113.2599999999975,7104.489999999998,7111.109999999998,1764
2026-04-23T06:00:00+00:00,7111.109999999998,7114.2599999999975,7110.989999999998,7113.249999999998,1972
2026-04-23T06:15:00+00:00,7113.249999999998,7117.2599999999975,7112.739999999998,7116.379999999997,1422
2026-04-23T06:30:00+00:00,7116.379999999997,7117.5099999999975,7115.249999999998,7115.499999999998,1015
2026-04-23T06:45:00+00:00,7115.499999999998,7117.5099999999975,7113.2599999999975,7116.249999999998,1542
2026-04-23T07:00:00+00:00,7116.249999999998,7117.5099999999975,7113.989999999998,7117.249999999998,2549
2026-04-23T07:15:00+00:00,7117.249999999998,7118.0099999999975,7113.499999999998,7115.999999999998,1812
2026-04-23T07:30:00+00:00,7115.999999999998,7118.749999999998,7113.239999999998,7118.379999999997,2498
2026-04-23T07:45:00+00:00,7118.379999999997,7121.7599999999975,7115.7599999999975,7117.879999999997,2341
2026-04-23T08:00:00+00:00,7117.879999999997,7119.0099999999975,7110.489999999998,7114.369999999998,2790
2026-04-23T08:15:00+00:00,7114.369999999998,7119.5099999999975,7113.489999999998,7115.0099999999975,2359
2026-04-23T08:30:00+00:00,7115.0099999999975,7115.5099999999975,7105.7599999999975,7106.2599999999975,2684
2026-04-23T08:45:00+00:00,7106.2599999999975,7108.0099999999975,7103.749999999998,7105.739999999998,2024
2026-04-23T09:00:00+00:00,7105.739999999998,7106.0099999999975,7098.489999999998,7100.999999999998,2990
2026-04-23T09:15:00+00:00,7100.999999999998,7111.0099999999975,7100.489999999998,7108.499999999998,3052
2026-04-23T09:30:00+00:00,7108.499999999998,7113.2599999999975,7107.989999999998,7109.2599999999975,1900
2026-04-23T09:45:00+00:00,7109.2599999999975,7110.2599999999975,7107.249999999998,7108.0099999999975,1647
2026-04-23T10:00:00+00:00,7108.0099999999975,7108.7599999999975,7102.019999999998,7103.0099999999975,2495
2026-04-23T10:15:00+00:00,7103.0099999999975,7110.2599999999975,7102.999999999998,7107.249999999998,2113
2026-04-23T10:30:00+00:00,7107.249999999998,7115.0099999999975,7106.249999999998,7108.489999999998,2408
2026-04-23T10:45:00+00:00,7108.489999999998,7115.739999999998,7107.739999999998,7114.5099999999975,2163
2026-04-23T11:00:00+00:00,7114.5099999999975,7117.989999999998,7111.749999999998,7114.619999999998,2667
2026-04-23T11:15:00+00:00,7114.619999999998,7115.489999999998,7108.5099999999975,7111.239999999998,1959
2026-04-23T11:30:00+00:00,7111.239999999998,7117.2599999999975,7106.999999999998,7116.999999999998,4103
2026-04-23T11:45:00+00:00,7116.999999999998,7133.5099999999975,7116.239999999998,7130.989999999998,4881
2026-04-23T12:00:00+00:00,7130.989999999998,7141.859999999998,7129.7599999999975,7137.5099999999975,4672
2026-04-23T12:15:00+00:00,7137.5099999999975,7137.5099999999975,7128.739999999998,7131.5099999999975,2810
2026-04-23T12:30:00+00:00,7131.5099999999975,7134.2599999999975,7127.489999999998,7128.989999999998,3486
2026-04-23T12:45:00+00:00,7128.989999999998,7130.989999999998,7109.2599999999975,7124.859999999998,9568
2026-04-23T13:00:00+00:00,7124.859999999998,7127.739999999998,7116.249999999998,7121.609999999998,3254
2026-04-23T13:15:00+00:00,7121.609999999998,7126.619999999998,7119.249999999998,7124.989999999998,4024
2026-04-23T13:30:00+00:00,7124.989999999998,7136.559999999998,7122.549999999997,7136.559999999998,14099
2026-04-23T13:45:00+00:00,7136.559999999998,7143.809999999998,7131.789999999998,7132.539999999998,9694
2026-04-23T14:00:00+00:00,7132.539999999998,7134.309999999998,7122.039999999998,7131.809999999998,12687
2026-04-23T14:15:00+00:00,7131.809999999998,7140.059999999998,7131.029999999998,7135.789999999998,8555
2026-04-23T14:30:00+00:00,7135.789999999998,7142.179999999998,7134.789999999998,7140.049999999997,7448
2026-04-23T14:45:00+00:00,7140.049999999997,7151.309999999998,7139.2599999999975,7147.789999999998,5767
2026-04-23T15:00:00+00:00,7147.789999999998,7150.809999999998,7144.789999999998,7146.799999999997,4622
2026-04-23T15:15:00+00:00,7146.799999999997,7153.549999999997,7145.789999999998,7150.539999999998,4227
2026-04-23T15:30:00+00:00,7150.539999999998,7154.309999999998,7145.289999999998,7146.299999999997,4350
2026-04-23T15:45:00+00:00,7146.299999999997,7146.559999999998,7137.289999999998,7141.559999999998,9330
2026-04-23T16:00:00+00:00,7141.559999999998,7142.799999999997,7133.289999999998,7139.309999999998,5603
2026-04-23T16:15:00+00:00,7139.309999999998,7141.059999999998,7134.289999999998,7137.549999999997,4311
2026-04-23T16:30:00+00:00,7137.549999999997,7143.059999999998,7136.299999999997,7139.789999999998,3409
2026-04-23T16:45:00+00:00,7139.789999999998,7142.309999999998,7135.789999999998,7139.059999999998,3748
2026-04-23T17:00:00+00:00,7139.059999999998,7141.299999999997,7103.0099999999975,7107.289999999998,25744
2026-04-23T17:15:00+00:00,7107.289999999998,7107.299999999997,7088.539999999998,7090.039999999998,24278
2026-04-23T17:30:00+00:00,7090.039999999998,7106.679999999998,7063.039999999998,7067.289999999998,26895
2026-04-23T17:45:00+00:00,7067.289999999998,7100.559999999998,7052.409999999998,7096.299999999997,42050
2026-04-23T18:00:00+00:00,7096.299999999997,7112.809999999998,7092.159999999998,7108.059999999998,24547
2026-04-23T18:15:00+00:00,7108.059999999998,7116.059999999998,7106.279999999998,7115.309999999998,12842
2026-04-23T18:30:00+00:00,7115.309999999998,7125.059999999998,7111.049999999997,7116.809999999998,8122
2026-04-23T18:45:00+00:00,7116.809999999998,7117.309999999998,7097.289999999998,7101.049999999997,8353
2026-04-23T19:00:00+00:00,7101.049999999997,7112.059999999998,7097.539999999998,7112.049999999997,10890
2026-04-23T19:15:00+00:00,7112.049999999997,7116.559999999998,7111.789999999998,7114.049999999997,5145
2026-04-23T19:30:00+00:00,7114.049999999997,7119.309999999998,7101.019999999998,7103.539999999998,8949
2026-04-23T19:45:00+00:00,7103.539999999998,7119.559999999998,7094.309999999998,7115.049999999997,11267
2026-04-23T20:00:00+00:00,7115.049999999997,7117.499999999998,7105.989999999998,7106.749999999998,5882
2026-04-23T20:15:00+00:00,7106.749999999998,7112.2599999999975,7101.489999999998,7109.249999999998,2593
2026-04-23T20:30:00+00:00,7109.249999999998,7111.5099999999975,7107.739999999998,7110.489999999998,1153
2026-04-23T20:45:00+00:00,7110.489999999998,7111.249999999998,7102.499999999998,7105.479999999998,1244
2026-04-23T22:00:00+00:00,7105.479999999998,7120.689999999998,7105.479999999998,7119.549999999997,2357
2026-04-23T22:15:00+00:00,7119.549999999997,7120.819999999998,7116.549999999997,7117.559999999998,637
2026-04-23T22:30:00+00:00,7117.559999999998,7119.809999999998,7115.419999999997,7117.549999999997,686
2026-04-23T22:45:00+00:00,7117.549999999997,7121.319999999998,7117.549999999997,7119.939999999998,600
2026-04-23T23:00:00+00:00,7119.939999999998,7121.059999999998,7118.049999999997,7118.549999999997,534
2026-04-23T23:15:00+00:00,7118.549999999997,7121.069999999998,7117.549999999997,7120.799999999997,368
2026-04-23T23:30:00+00:00,7120.799999999997,7125.069999999998,7120.799999999997,7123.429999999998,546
2026-04-23T23:45:00+00:00,7123.429999999998,7126.929999999998,7123.429999999998,7126.809999999998,605
2026-04-24T00:00:00+00:00,7126.809999999998,7131.819999999998,7124.059999999998,7131.679999999998,1972
2026-04-24T00:15:00+00:00,7131.679999999998,7133.549999999997,7129.799999999997,7133.049999999997,1428
2026-04-24T00:30:00+00:00,7133.049999999997,7134.819999999998,7129.059999999998,7130.319999999998,1374
2026-04-24T00:45:00+00:00,7130.319999999998,7132.319999999998,7127.549999999997,7129.809999999998,1577
2026-04-24T01:00:00+00:00,7129.809999999998,7131.069999999998,7128.049999999997,7129.179999999998,1855
2026-04-24T01:15:00+00:00,7129.179999999998,7131.059999999998,7127.049999999997,7129.819999999998,1202
2026-04-24T01:30:00+00:00,7129.819999999998,7130.569999999998,7124.299999999997,7127.549999999997,2125
2026-04-24T01:45:00+00:00,7127.549999999997,7131.179999999998,7127.299999999997,7130.059999999998,1384
2026-04-24T02:00:00+00:00,7130.059999999998,7130.319999999998,7122.799999999997,7123.569999999998,1599
2026-04-24T02:15:00+00:00,7123.569999999998,7124.569999999998,7117.799999999997,7118.559999999998,1638
2026-04-24T02:30:00+00:00,7118.559999999998,7121.819999999998,7118.049999999997,7119.679999999998,1198
2026-04-24T02:45:00+00:00,7119.679999999998,7119.809999999998,7113.799999999997,7115.929999999998,1322
2026-04-24T03:00:00+00:00,7115.929999999998,7118.069999999998,7112.919999999997,7113.799999999997,1286
2026-04-24T03:15:00+00:00,7113.799999999997,7115.569999999998,7111.549999999997,7111.809999999998,1230
2026-04-24T03:30:00+00:00,7111.809999999998,7113.819999999998,7109.799999999997,7111.549999999997,1804
2026-04-24T03:45:00+00:00,7111.549999999997,7116.069999999998,7111.549999999997,7112.559999999998,1173
2026-04-24T04:00:00+00:00,7112.559999999998,7116.299999999997,7110.559999999998,7115.439999999998,1476
2026-04-24T04:15:00+00:00,7115.439999999998,7115.689999999998,7110.549999999997,7111.689999999998,1005
2026-04-24T04:30:00+00:00,7111.689999999998,7115.069999999998,7111.559999999998,7114.679999999998,1186
2026-04-24T04:45:00+00:00,7114.679999999998,7118.569999999998,7114.549999999997,7117.799999999997,994
2026-04-24T05:00:00+00:00,7117.799999999997,7118.049999999997,7113.299999999997,7116.559999999998,1416
2026-04-24T05:15:00+00:00,7116.559999999998,7119.819999999998,7115.799999999997,7118.549999999997,1233
2026-04-24T05:30:00+00:00,7118.549999999997,7123.069999999998,7118.549999999997,7122.309999999998,886
2026-04-24T05:45:00+00:00,7122.309999999998,7124.819999999998,7121.799999999997,7124.309999999998,554
2026-04-24T06:00:00+00:00,7124.309999999998,7125.819999999998,7121.669999999997,7124.319999999998,1272
2026-04-24T06:15:00+00:00,7124.319999999998,7124.939999999998,7119.549999999997,7120.049999999997,1051
2026-04-24T06:30:00+00:00,7120.049999999997,7123.299999999997,7119.929999999998,7121.169999999997,1231
2026-04-24T06:45:00+00:00,7121.169999999997,7121.429999999998,7118.549999999997,7120.669999999997,1089
2026-04-24T07:00:00+00:00,7120.669999999997,7127.069999999998,7119.799999999997,7126.439999999998,2184
2026-04-24T07:15:00+00:00,7126.439999999998,7128.819999999998,7123.069999999998,7127.819999999998,1403
2026-04-24T07:30:00+00:00,7127.819999999998,7127.819999999998,7121.049999999997,7122.179999999998,1643
2026-04-24T07:45:00+00:00,7122.179999999998,7127.679999999998,7121.299999999997,7127.069999999998,1390
2026-04-24T08:00:00+00:00,7127.069999999998,7128.169999999997,7120.069999999998,7120.549999999997,3256
2026-04-24T08:15:00+00:00,7120.549999999997,7132.809999999998,7120.549999999997,7122.929999999998,4040
2026-04-24T08:30:00+00:00,7122.929999999998,7123.069999999998,7115.799999999997,7116.189999999998,2652
2026-04-24T08:45:00+00:00,7116.189999999998,7121.799999999997,7114.819999999998,7116.939999999998,2236
2026-04-24T09:00:00+00:00,7116.939999999998,7119.559999999998,7113.799999999997,7118.689999999998,2027
2026-04-24T09:15:00+00:00,7118.689999999998,7120.069999999998,7108.799999999997,7116.049999999997,3370
2026-04-24T09:30:00+00:00,7116.049999999997,7119.559999999998,7114.319999999998,7119.319999999998,1617
2026-04-24T09:45:00+00:00,7119.319999999998,7120.069999999998,7115.549999999997,7117.189999999998,1585
2026-04-24T10:00:00+00:00,7117.189999999998,7119.069999999998,7115.049999999997,7117.799999999997,1838
2026-04-24T10:15:00+00:00,7117.799999999997,7125.069999999998,7117.299999999997,7124.299999999997,1704
2026-04-24T10:30:00+00:00,7124.299999999997,7125.309999999998,7121.559999999998,7123.929999999998,1428
2026-04-24T10:45:00+00:00,7123.929999999998,7126.069999999998,7122.059999999998,7124.319999999998,1175
2026-04-24T11:00:00+00:00,7124.319999999998,7149.069999999998,7124.059999999998,7144.069999999998,11986
2026-04-24T11:15:00+00:00,7144.069999999998,7160.939999999998,7139.799999999997,7160.429999999998,11403
2026-04-24T11:30:00+00:00,7160.429999999998,7162.809999999998,7146.569999999998,7148.059999999998,5494
2026-04-24T11:45:00+00:00,7148.059999999998,7148.069999999998,7142.299999999997,7144.549999999997,3471
2026-04-24T12:00:00+00:00,7144.549999999997,7150.049999999997,7142.049999999997,7148.559999999998,3725
2026-04-24T12:15:00+00:00,7148.559999999998,7151.309999999998,7140.579999999998,7146.809999999998,5192
2026-04-24T12:30:00+00:00,7146.809999999998,7147.319999999998,7134.309999999998,7137.169999999997,4220
2026-04-24T12:45:00+00:00,7137.169999999997,7140.679999999998,7127.809999999998,7135.809999999998,5811
2026-04-24T13:00:00+00:00,7135.809999999998,7143.819999999998,7135.549999999997,7139.309999999998,4612
2026-04-24T13:15:00+00:00,7139.309999999998,7143.819999999998,7135.299999999997,7136.049999999997,4111
2026-04-24T13:30:00+00:00,7136.049999999997,7140.109999999998,7124.349999999998,7128.369999999998,18257
2026-04-24T13:45:00+00:00,7128.369999999998,7134.119999999998,7118.599999999998,7127.989999999998,14189
2026-04-24T14:00:00+00:00,7127.989999999998,7135.619999999998,7119.859999999998,7129.239999999998,20679
2026-04-24T14:15:00+00:00,7129.239999999998,7135.369999999998,7123.7199999999975,7127.599999999998,12461
2026-04-24T14:30:00+00:00,7127.599999999998,7139.869999999998,7123.099999999998,7138.609999999998,13648
2026-04-24T14:45:00+00:00,7138.609999999998,7145.119999999998,7135.849999999998,7143.359999999998,8196
2026-04-24T15:00:00+00:00,7143.359999999998,7147.869999999998,7140.859999999998,7146.869999999998,6570
2026-04-24T15:15:00+00:00,7146.869999999998,7150.619999999998,7144.099999999998,7147.609999999998,6094
2026-04-24T15:30:00+00:00,7147.609999999998,7164.4699999999975,7144.109999999998,7163.369999999998,7577
2026-04-24T15:45:00+00:00,7163.369999999998,7170.869999999998,7155.349999999998,7167.099999999998,21676
2026-04-24T16:00:00+00:00,7167.099999999998,7169.119999999998,7160.349999999998,7162.599999999998,7046
2026-04-24T16:15:00+00:00,7162.599999999998,7165.369999999998,7158.849999999998,7162.369999999998,3547
2026-04-24T16:30:00+00:00,7162.369999999998,7168.119999999998,7157.849999999998,7160.369999999998,4309
2026-04-24T16:45:00+00:00,7160.369999999998,7167.359999999998,7159.099999999998,7165.119999999998,3797
2026-04-24T17:00:00+00:00,7165.119999999998,7167.119999999998,7161.349999999998,7162.369999999998,4277
2026-04-24T17:15:00+00:00,7162.369999999998,7162.619999999998,7156.349999999998,7159.599999999998,3169
2026-04-24T17:30:00+00:00,7159.599999999998,7164.869999999998,7156.349999999998,7164.359999999998,4039
2026-04-24T17:45:00+00:00,7164.359999999998,7173.669999999997,7162.399999999997,7165.409999999997,4363.100618556701
2026-04-24T18:00:00+00:00,7165.409999999997,7166.919999999997,7161.399999999997,7163.899999999997,2953
2026-04-24T18:15:00+00:00,7163.899999999997,7164.919999999997,7158.129999999997,7158.919999999997,2871
2026-04-24T18:30:00+00:00,7158.919999999997,7165.159999999997,7158.649999999997,7162.149999999997,2300
2026-04-24T18:45:00+00:00,7162.149999999997,7164.669999999997,7160.159999999997,7164.159999999997,2362
2026-04-24T19:00:00+00:00,7164.159999999997,7172.669999999997,7164.159999999997,7170.899999999997,2626
2026-04-24T19:15:00+00:00,7170.899999999997,7173.409999999997,7164.149999999997,7166.159999999997,2801
2026-04-24T19:30:00+00:00,7166.159999999997,7168.419999999997,7163.159999999997,7166.649999999997,3059
2026-04-24T19:45:00+00:00,7166.649999999997,7172.169999999997,7164.399999999997,7167.899999999997,5235
2026-04-24T20:00:00+00:00,7167.899999999997,7170.359999999997,7163.849999999997,7165.849999999997,1347
2026-04-24T20:15:00+00:00,7165.849999999997,7167.83,7163.57,7164.34,495
2026-04-24T20:30:00+00:00,7164.34,7169.33,7164.34,7169.08,237
2026-04-26T22:00:00+00:00,7169.08,7169.08,7146.66,7149.43,3998
2026-04-26T22:15:00+00:00,7149.43,7153.43,7149.16,7153.16,956
2026-04-26T22:30:00+00:00,7153.16,7155.43,7150.92,7154.68,839
2026-04-26T22:45:00+00:00,7154.68,7157.93,7153.93,7157.42,465
2026-04-26T23:00:00+00:00,7157.42,7157.93,7152.91,7153.41,623
2026-04-26T23:15:00+00:00,7153.41,7156.42,7153.17,7153.66,542
2026-04-26T23:30:00+00:00,7153.66,7153.66,7150.41,7152.04,673
2026-04-26T23:45:00+00:00,7152.04,7154.43,7150.92,7153.93,661
2026-04-27T00:00:00+00:00,7153.93,7157.93,7152.41,7156.93,2726
2026-04-27T00:15:00+00:00,7156.93,7158.42,7154.41,7157.16,1455
2026-04-27T00:30:00+00:00,7157.16,7161.68,7156.16,7160.43,1272
2026-04-27T00:45:00+00:00,7160.43,7168.43,7159.91,7165.91,1577
2026-04-27T01:00:00+00:00,7165.91,7177.17,7165.91,7168.41,4387
2026-04-27T01:15:00+00:00,7168.41,7173.43,7165.16,7173.17,2164
2026-04-27T01:30:00+00:00,7173.17,7178.68,7172.41,7177.41,1714
2026-04-27T01:45:00+00:00,7177.41,7183.17,7176.66,7182.79,1592
2026-04-27T02:00:00+00:00,7182.79,7183.68,7178.41,7180.41,1071
2026-04-27T02:15:00+00:00,7180.41,7182.18,7177.18,7179.41,998
2026-04-27T02:30:00+00:00,7179.41,7181.43,7178.55,7178.91,773
2026-04-27T02:45:00+00:00,7178.91,7180.42,7178.16,7178.66,489
2026-04-27T03:00:00+00:00,7178.66,7182.17,7176.92,7177.92,1190
2026-04-27T03:15:00+00:00,7177.92,7179.43,7177.41,7179.16,568
2026-04-27T03:30:00+00:00,7179.16,7179.92,7177.67,7179.28,667
2026-04-27T03:45:00+00:00,7179.28,7179.43,7177.91,7178.18,378
2026-04-27T04:00:00+00:00,7178.18,7178.42,7175.41,7176.41,601
2026-04-27T04:15:00+00:00,7176.41,7179.41,7176.18,7178.68,440
2026-04-27T04:30:00+00:00,7178.68,7180.42,7177.93,7178.79,565
2026-04-27T04:45:00+00:00,7178.79,7179.68,7174.92,7175.93,591
2026-04-27T05:00:00+00:00,7175.93,7176.18,7170.17,7170.41,1237
2026-04-27T05:15:00+00:00,7170.41,7171.43,7167.16,7167.17,1310
2026-04-27T05:30:00+00:00,7167.17,7168.43,7163.41,7165.93,1461
2026-04-27T05:45:00+00:00,7165.93,7167.66,7163.66,7164.92,1045
2026-04-27T06:00:00+00:00,7164.92,7165.92,7161.68,7165.18,1862
2026-04-27T06:15:00+00:00,7165.18,7166.92,7163.17,7165.91,1194
2026-04-27T06:30:00+00:00,7165.91,7166.18,7161.41,7163.67,2088
2026-04-27T06:45:00+00:00,7163.67,7165.41,7162.16,7163.42,905
2026-04-27T07:00:00+00:00,7163.42,7165.43,7160.41,7163.66,2654
2026-04-27T07:15:00+00:00,7163.66,7164.92,7161.16,7162.67,1612
2026-04-27T07:30:00+00:00,7162.67,7163.92,7160.66,7162.42,1527
2026-04-27T07:45:00+00:00,7162.42,7164.43,7161.67,7162.29,1159
2026-04-27T08:00:00+00:00,7162.29,7164.42,7156.66,7156.92,3362
2026-04-27T08:15:00+00:00,7156.92,7161.93,7156.66,7161.43,1589
2026-04-27T08:30:00+00:00,7161.43,7163.42,7160.91,7162.91,1449
2026-04-27T08:45:00+00:00,7162.91,7165.43,7162.91,7164.18,1058
2026-04-27T09:00:00+00:00,7164.18,7166.18,7162.91,7165.18,782
2026-04-27T09:15:00+00:00,7165.18,7165.43,7162.42,7163.91,833
2026-04-27T09:30:00+00:00,7163.91,7165.68,7163.41,7164.67,642
2026-04-27T09:45:00+00:00,7164.67,7166.43,7163.43,7164.18,561
2026-04-27T10:00:00+00:00,7164.18,7164.92,7161.92,7162.92,747
2026-04-27T10:15:00+00:00,7162.92,7166.43,7162.66,7164.18,644
2026-04-27T10:30:00+00:00,7164.18,7170.18,7163.91,7169.68,843
2026-04-27T10:45:00+00:00,7169.68,7170.43,7167.91,7169.16,1179
2026-04-27T11:00:00+00:00,7169.16,7171.18,7169.03,7169.42,1157
2026-04-27T11:15:00+00:00,7169.42,7173.18,7168.91,7171.93,1123
2026-04-27T11:30:00+00:00,7171.93,7173.43,7170.91,7172.16,1141
2026-04-27T11:45:00+00:00,7172.16,7173.79,7170.91,7171.92,728
2026-04-27T12:00:00+00:00,7171.92,7172.67,7168.28,7170.43,1367
2026-04-27T12:15:00+00:00,7170.43,7170.92,7160.66,7164.04,2734
2026-04-27T12:30:00+00:00,7164.04,7165.92,7160.42,7164.67,2963
2026-04-27T12:45:00+00:00,7164.67,7168.04,7162.16,7163.68,2733
2026-04-27T13:00:00+00:00,7163.68,7166.68,7158.41,7162.41,6380
2026-04-27T13:15:00+00:00,7162.41,7164.16,7160.16,7161.66,3122
2026-04-27T13:30:00+00:00,7161.66,7173.73,7158.46,7166.83,15730
2026-04-27T13:45:00+00:00,7166.83,7172.98,7155.85,7170.98,16337
2026-04-27T14:00:00+00:00,7170.98,7172.48,7164.96,7168.46,12454
2026-04-27T14:15:00+00:00,7168.46,7169.48,7163.46,7164.46,9744
2026-04-27T14:30:00+00:00,7164.46,7174.22,7160.71,7169.46,12045
2026-04-27T14:45:00+00:00,7169.46,7170.21,7163.22,7166.23,6454
2026-04-27T15:00:00+00:00,7166.23,7167.98,7157.71,7158.58,7368
2026-04-27T15:15:00+00:00,7158.58,7162.23,7152.45,7159.73,7121
2026-04-27T15:30:00+00:00,7159.73,7163.98,7157.22,7162.71,4692
2026-04-27T15:45:00+00:00,7162.71,7164.73,7160.46,7163.96,3272
2026-04-27T16:00:00+00:00,7163.96,7170.23,7161.71,7169.48,2981
2026-04-27T16:15:00+00:00,7169.48,7171.23,7167.46,7168.71,3240
2026-04-27T16:30:00+00:00,7168.71,7173.23,7168.71,7171.23,3741
2026-04-27T16:45:00+00:00,7171.23,7172.73,7168.71,7171.46,3261
2026-04-27T17:00:00+00:00,7171.46,7173.73,7170.96,7173.47,3078
2026-04-27T17:15:00+00:00,7173.47,7177.47,7168.97,7176.23,5551
2026-04-27T17:30:00+00:00,7176.23,7182.48,7175.96,7178.47,5129
2026-04-27T17:45:00+00:00,7178.47,7179.98,7176.48,7178.98,3283
2026-04-27T18:00:00+00:00,7178.98,7181.23,7177.46,7180.73,2557
2026-04-27T18:15:00+00:00,7180.73,7182.73,7180.21,7180.98,2306
2026-04-27T18:30:00+00:00,7180.98,7182.23,7177.96,7178.98,2212
2026-04-27T18:45:00+00:00,7178.98,7181.23,7177.21,7178.47,2425
2026-04-27T19:00:00+00:00,7178.47,7180.23,7176.96,7179.22,2577
2026-04-27T19:15:00+00:00,7179.22,7182.23,7179.21,7181.46,2563
2026-04-27T19:30:00+00:00,7181.46,7183.23,7178.96,7181.97,2929
2026-04-27T19:45:00+00:00,7181.97,7186.48,7180.21,7182.47,5378
2026-04-27T20:00:00+00:00,7182.47,7182.93,7178.41,7179.93,1170
2026-04-27T20:15:00+00:00,7179.93,7180.68,7177.41,7179.68,388
2026-04-27T20:30:00+00:00,7179.68,7182.68,7179.41,7182.18,374
2026-04-27T20:45:00+00:00,7182.18,7182.92,7180.16,7180.42,303
2026-04-27T22:00:00+00:00,7180.42,7194.12,7180.42,7193.25,3118
2026-04-27T22:15:00+00:00,7193.25,7196.88,7193.11,7194.63,808
2026-04-27T22:30:00+00:00,7194.63,7195.88,7193.37,7194.61,577
2026-04-27T22:45:00+00:00,7194.61,7194.87,7191.87,7192.5,444
2026-04-27T23:00:00+00:00,7192.5,7193.38,7190.88,7191.36,349
2026-04-27T23:15:00+00:00,7191.36,7194.12,7191.36,7193.37,372
2026-04-27T23:30:00+00:00,7193.37,7195.87,7192.86,7194.74,417
2026-04-27T23:45:00+00:00,7194.74,7195.38,7192.61,7193.11,680
2026-04-28T00:00:00+00:00,7193.11,7199.13,7192.62,7196.87,2454
2026-04-28T00:15:00+00:00,7196.87,7196.87,7188.11,7191.12,2287
2026-04-28T00:30:00+00:00,7191.12,7193.13,7189.36,7192.11,1559
2026-04-28T00:45:00+00:00,7192.11,7192.88,7189.63,7189.88,787
2026-04-28T01:00:00+00:00,7189.88,7190.87,7187.86,7190,1728
2026-04-28T01:15:00+00:00,7190,7192.12,7188.88,7191.61,961
2026-04-28T01:30:00+00:00,7191.61,7195.13,7189.74,7194,1267
2026-04-28T01:45:00+00:00,7194,7194.38,7184.11,7184.73,2608
2026-04-28T02:00:00+00:00,7184.73,7186.63,7183.11,7186.25,1605
2026-04-28T02:15:00+00:00,7186.25,7187.88,7185.61,7186.38,783
2026-04-28T02:30:00+00:00,7186.38,7186.38,7182.36,7183.12,1046
2026-04-28T02:45:00+00:00,7183.12,7184.13,7180.61,7181.88,995
2026-04-28T03:00:00+00:00,7181.88,7184.63,7180.73,7184.38,1249
2026-04-28T03:15:00+00:00,7184.38,7186.63,7183.62,7186.38,683
2026-04-28T03:30:00+00:00,7186.38,7187.88,7186.23,7186.38,711
2026-04-28T03:45:00+00:00,7186.38,7186.38,7183.61,7184.13,710
2026-04-28T04:00:00+00:00,7184.13,7186.63,7183,7185.86,759
2026-04-28T04:15:00+00:00,7185.86,7187.13,7185.61,7186.5,557
2026-04-28T04:30:00+00:00,7186.5,7188.63,7186.37,7188.36,452
2026-04-28T04:45:00+00:00,7188.36,7188.88,7185.12,7185.36,595
2026-04-28T05:00:00+00:00,7185.36,7186.37,7178.11,7180.36,1747
2026-04-28T05:15:00+00:00,7180.36,7181.63,7178.36,7180.61,983
2026-04-28T05:30:00+00:00,7180.61,7180.75,7172.13,7176.37,1972
2026-04-28T05:45:00+00:00,7176.37,7176.38,7173.38,7174.36,1300
2026-04-28T06:00:00+00:00,7174.36,7176.38,7172.11,7176,1923
2026-04-28T06:15:00+00:00,7176,7176.88,7173.61,7175.86,1391
2026-04-28T06:30:00+00:00,7175.86,7176.63,7167.86,7169.38,1892
2026-04-28T06:45:00+00:00,7169.38,7171.11,7167.12,7169.73,1548
2026-04-28T07:00:00+00:00,7169.73,7171.13,7166.73,7169.61,2808
2026-04-28T07:15:00+00:00,7169.61,7171.13,7166.61,7168.37,2561
2026-04-28T07:30:00+00:00,7168.37,7173.88,7167.73,7171.87,2172
2026-04-28T07:45:00+00:00,7171.87,7173.63,7169.61,7172.87,2292
2026-04-28T08:00:00+00:00,7172.87,7173.38,7164.36,7167.12,4300
2026-04-28T08:15:00+00:00,7167.12,7177.87,7167.12,7177.63,2601
2026-04-28T08:30:00+00:00,7177.63,7177.87,7174.87,7175.63,2177
2026-04-28T08:45:00+00:00,7175.63,7176.63,7173.36,7176.61,1469
2026-04-28T09:00:00+00:00,7176.61,7176.88,7172.61,7175.86,2226
2026-04-28T09:15:00+00:00,7175.86,7177.12,7170.11,7172.13,2097
2026-04-28T09:30:00+00:00,7172.13,7172.62,7166.36,7168.38,2731
2026-04-28T09:45:00+00:00,7168.38,7170.11,7163.88,7167.63,2407
2026-04-28T10:00:00+00:00,7167.63,7170.63,7162.61,7162.88,2256
2026-04-28T10:15:00+00:00,7162.88,7167.63,7162.11,7165.13,1999
2026-04-28T10:30:00+00:00,7165.13,7166.88,7162.38,7162.62,1826
2026-04-28T10:45:00+00:00,7162.62,7166.13,7162.13,7165.13,1897
2026-04-28T11:00:00+00:00,7165.13,7167.63,7154.61,7155.36,3846
2026-04-28T11:15:00+00:00,7155.36,7155.63,7142.87,7145.62,4877
2026-04-28T11:30:00+00:00,7145.62,7145.87,7136.61,7144.23,6440
2026-04-28T11:45:00+00:00,7144.23,7145.63,7131.36,7134.38,6394
2026-04-28T12:00:00+00:00,7134.38,7136.37,7127.11,7134.63,6908
2026-04-28T12:15:00+00:00,7134.63,7140.13,7125.5,7127.98,11393
2026-04-28T12:30:00+00:00,7127.98,7135.12,7123.61,7132.13,6476
2026-04-28T12:45:00+00:00,7132.13,7145.88,7131.61,7145.38,5231
2026-04-28T13:00:00+00:00,7145.38,7147.11,7139.11,7139.38,4935
2026-04-28T13:15:00+00:00,7139.38,7150.88,7136.61,7148.11,6285
2026-04-28T13:30:00+00:00,7148.11,7158.93,7137.66,7153.93,24552
2026-04-28T13:45:00+00:00,7153.93,7155.91,7139.66,7145.78,14244
2026-04-28T14:00:00+00:00,7145.78,7153.41,7140.91,7146.16,14705
2026-04-28T14:15:00+00:00,7146.16,7147.93,7139.66,7142.53,14100
2026-04-28T14:30:00+00:00,7142.53,7145.93,7126.41,7134.66,18077
2026-04-28T14:45:00+00:00,7134.66,7136.93,7122.16,7135.03,21138
2026-04-28T15:00:00+00:00,7135.03,7140.68,7128.66,7136.67,16679
2026-04-28T15:15:00+00:00,7136.67,7138.18,7128.04,7128.93,11452
2026-04-28T15:30:00+00:00,7128.93,7131.43,7124.16,7127.91,10269
2026-04-28T15:45:00+00:00,7127.91,7130.43,7123.66,7129.68,8640
2026-04-28T16:00:00+00:00,7129.68,7134.91,7127.66,7134.16,7982
2026-04-28T16:15:00+00:00,7134.16,7135.68,7130.42,7133.42,5773
2026-04-28T16:30:00+00:00,7133.42,7134.43,7123.16,7124.67,6789
2026-04-28T16:45:00+00:00,7124.67,7133.93,7123.66,7131.42,7804
2026-04-28T17:00:00+00:00,7131.42,7133.43,7124.16,7129.42,5912
2026-04-28T17:15:00+00:00,7129.42,7132.93,7125.16,7130.91,4674
2026-04-28T17:30:00+00:00,7130.91,7139.91,7130.66,7137.16,5336
2026-04-28T17:45:00+00:00,7137.16,7141.43,7135.66,7140.41,4122
2026-04-28T18:00:00+00:00,7140.41,7141.68,7137.66,7140.41,3623
2026-04-28T18:15:00+00:00,7140.41,7146.43,7140.41,7143.42,5627
2026-04-28T18:30:00+00:00,7143.42,7143.68,7138.16,7143.68,4065
2026-04-28T18:45:00+00:00,7143.68,7145.93,7142.42,7145.18,3178
2026-04-28T19:00:00+00:00,7145.18,7152.18,7144.16,7149.43,3679
2026-04-28T19:15:00+00:00,7149.43,7149.43,7144.16,7146.17,4235
2026-04-28T19:30:00+00:00,7146.17,7148.43,7142.41,7146.93,4404
2026-04-28T19:45:00+00:00,7146.93,7150.68,7144.43,7147.67,7022
2026-04-28T20:00:00+00:00,7147.67,7152.13,7143.61,7149.38,2184
2026-04-28T20:15:00+00:00,7149.38,7151.13,7148.11,7149.73,875
2026-04-28T20:30:00+00:00,7149.73,7150,7147.61,7148.13,574
2026-04-28T20:45:00+00:00,7148.13,7148.63,7146.87,7148.36,387
2026-04-28T22:00:00+00:00,7148.36,7154.75,7148.36,7153.62,1863
2026-04-28T22:15:00+00:00,7153.62,7154.02,7151.25,7151.5,366
2026-04-28T22:30:00+00:00,7151.5,7153.27,7151.25,7152.01,374
2026-04-28T22:45:00+00:00,7152.01,7153.02,7151.5,7152.75,155
2026-04-28T23:00:00+00:00,7152.75,7153.02,7151,7152.25,328
2026-04-28T23:15:00+00:00,7152.25,7152.77,7152.25,7152.63,125.63841059602649
2026-04-28T23:30:00+00:00,7152.63,7155.52,7152.51,7155.25,294
2026-04-28T23:45:00+00:00,7155.25,7156.52,7154.75,7156.25,292
2026-04-29T00:00:00+00:00,7156.25,7162.76,7156.25,7162.02,995
2026-04-29T00:15:00+00:00,7162.02,7163.76,7160,7163.52,709
2026-04-29T00:30:00+00:00,7163.52,7164.77,7162,7162.76,393.30973451327435
2026-04-29T00:45:00+00:00,7162.76,7162.77,7159.75,7160.27,604
2026-04-29T01:00:00+00:00,7160.27,7160.52,7146.03,7152.25,4113
2026-04-29T01:15:00+00:00,7152.25,7155.77,7151.25,7153.5,2140
2026-04-29T01:30:00+00:00,7153.5,7160.02,7152.75,7158.63,2332
2026-04-29T01:45:00+00:00,7158.63,7159.01,7154.25,7155.26,1232
2026-04-29T02:00:00+00:00,7155.26,7159.77,7155.25,7159.76,1381
2026-04-29T02:15:00+00:00,7159.76,7162.02,7158.5,7159.27,888
2026-04-29T02:30:00+00:00,7159.27,7159.52,7156.25,7157.52,899
2026-04-29T02:45:00+00:00,7157.52,7159.52,7157,7158.52,572
2026-04-29T03:00:00+00:00,7158.52,7162.27,7158.27,7161.02,696
2026-04-29T03:15:00+00:00,7161.02,7162.26,7160.51,7161.52,419
2026-04-29T03:30:00+00:00,7161.52,7161.75,7159,7159.51,308
2026-04-29T03:45:00+00:00,7159.51,7160.02,7158.25,7159.5,301
2026-04-29T04:00:00+00:00,7159.5,7161.76,7159.38,7161.25,327
2026-04-29T04:15:00+00:00,7161.25,7161.76,7160.5,7161.27,227
2026-04-29T04:30:00+00:00,7161.27,7163.77,7161.26,7162.01,396
2026-04-29T04:45:00+00:00,7162.01,7162.77,7161,7161.51,239
2026-04-29T05:00:00+00:00,7161.51,7162.52,7159.5,7159.75,414
2026-04-29T05:15:00+00:00,7159.75,7161.76,7159,7161.51,361
2026-04-29T05:30:00+00:00,7161.51,7163.77,7161.01,7163.51,455
2026-04-29T05:45:00+00:00,7163.51,7164.02,7162,7162.01,356
2026-04-29T06:00:00+00:00,7162.01,7165.27,7161.25,7161.75,779
2026-04-29T06:15:00+00:00,7161.75,7161.77,7159.51,7160.26,819
2026-04-29T06:30:00+00:00,7160.26,7162.27,7158,7160.75,835
2026-04-29T06:45:00+00:00,7160.75,7161.37,7156.25,7156.5,1062
2026-04-29T07:00:00+00:00,7156.5,7160.27,7154,7154.51,1914
2026-04-29T07:15:00+00:00,7154.51,7155.88,7152.5,7154.75,1471
2026-04-29T07:30:00+00:00,7154.75,7157.02,7151,7151,1912
2026-04-29T07:45:00+00:00,7151,7152.25,7146.25,7151.51,2456
2026-04-29T08:00:00+00:00,7151.51,7157.02,7146.01,7146.64,5005
2026-04-29T08:15:00+00:00,7146.64,7153.52,7143.26,7152.51,2922
2026-04-29T08:30:00+00:00,7152.51,7153.01,7143.51,7150.51,3132
2026-04-29T08:45:00+00:00,7150.51,7152.37,7148.01,7149.51,2204
2026-04-29T09:00:00+00:00,7149.51,7152.63,7147,7151,2268
2026-04-29T09:15:00+00:00,7151,7154.02,7149,7151.01,1955
2026-04-29T09:30:00+00:00,7151.01,7154.75,7148.01,7148.51,2365
2026-04-29T09:45:00+00:00,7148.51,7150.52,7144.25,7146.27,1811
2026-04-29T10:00:00+00:00,7146.27,7150.77,7143.5,7150.5,1920
2026-04-29T10:15:00+00:00,7150.5,7157.77,7150.5,7156.27,1702
2026-04-29T10:30:00+00:00,7156.27,7158.01,7152.02,7153.5,1316
2026-04-29T10:45:00+00:00,7153.5,7154.75,7151.5,7153.27,1320
2026-04-29T11:00:00+00:00,7153.27,7155.38,7150,7153.52,2171
2026-04-29T11:15:00+00:00,7153.52,7155.02,7151.02,7151.5,1457
2026-04-29T11:30:00+00:00,7151.5,7156.77,7148,7149.77,2164
2026-04-29T11:45:00+00:00,7149.77,7152.27,7146.75,7150.25,1646
2026-04-29T12:00:00+00:00,7150.25,7151.51,7147,7148,1753
2026-04-29T12:15:00+00:00,7148,7151.52,7143.75,7147.64,2576
2026-04-29T12:30:00+00:00,7147.64,7148.27,7138,7146.75,3622
2026-04-29T12:45:00+00:00,7146.75,7147.27,7143,7145.75,1886
2026-04-29T13:00:00+00:00,7145.75,7150.63,7145.75,7147.76,1760
2026-04-29T13:15:00+00:00,7147.76,7149.02,7138.76,7140.01,4290
2026-04-29T13:30:00+00:00,7140.01,7141.81,7129.3,7130.32,17732
2026-04-29T13:45:00+00:00,7130.32,7140.31,7126.55,7137.8,10440
2026-04-29T14:00:00+00:00,7137.8,7142.82,7132.8,7141.57,10433
2026-04-29T14:15:00+00:00,7141.57,7146.57,7139.55,7145.05,6368
2026-04-29T14:30:00+00:00,7145.05,7152.32,7143.05,7148.8,5881
2026-04-29T14:45:00+00:00,7148.8,7149.32,7144.3,7144.81,3983
2026-04-29T15:00:00+00:00,7144.81,7145.57,7131.8,7132.55,5640
2026-04-29T15:15:00+00:00,7132.55,7141.44,7131.05,7138.8,5875
2026-04-29T15:30:00+00:00,7138.8,7140.82,7134.05,7135.8,6649
2026-04-29T15:45:00+00:00,7135.8,7140.57,7122.05,7130.55,13618
2026-04-29T16:00:00+00:00,7130.55,7137.82,7129.06,7132.55,6696
2026-04-29T16:15:00+00:00,7132.55,7135.8,7126.02,7127.8,5023
2026-04-29T16:30:00+00:00,7127.8,7128.82,7119.06,7127.81,7974
2026-04-29T16:45:00+00:00,7127.81,7130.57,7124.3,7127.07,4376
2026-04-29T17:00:00+00:00,7127.07,7128.56,7122.05,7126.57,4172
2026-04-29T17:15:00+00:00,7126.57,7131.82,7123.8,7129.32,5016
2026-04-29T17:30:00+00:00,7129.32,7132.82,7127.8,7130.32,3605
2026-04-29T17:45:00+00:00,7130.32,7137.57,7130.05,7136.05,4809
2026-04-29T18:00:00+00:00,7136.05,7136.650000000001,7114.359999999999,7120.379999999999,10338.562794418274
2026-04-29T18:15:00+00:00,7120.379999999999,7129.3899999999985,7119.489999999999,7122.379999999999,7147
2026-04-29T18:30:00+00:00,7122.379999999999,7132.119999999999,7116.489999999999,7117.009999999998,14972
2026-04-29T18:45:00+00:00,7117.009999999998,7136.6399999999985,7113.8899999999985,7135.629999999999,11163
2026-04-29T19:00:00+00:00,7135.629999999999,7142.8899999999985,7129.619999999999,7142.379999999999,9286
2026-04-29T19:15:00+00:00,7142.379999999999,7144.8899999999985,7138.619999999999,7138.619999999999,6167
2026-04-29T19:30:00+00:00,7138.619999999999,7140.8899999999985,7130.869999999999,7135.629999999999,5979
2026-04-29T19:45:00+00:00,7135.629999999999,7147.369999999999,7134.119999999999,7147.1399999999985,7117
2026-04-29T20:00:00+00:00,7147.1399999999985,7167.439999999999,7111.829999999999,7114.579999999999,23449
2026-04-29T20:15:00+00:00,7114.579999999999,7139.459999999999,7108.069999999999,7138.569999999999,13424
2026-04-29T20:30:00+00:00,7138.569999999999,7144.339999999999,7132.319999999999,7138.339999999999,5467
2026-04-29T20:45:00+00:00,7138.339999999999,7141.089999999999,7117.689999999999,7118.1799999999985,5186
2026-04-29T22:00:00+00:00,7118.1799999999985,7163.299999999998,7118.1799999999985,7162.799999999998,6037
2026-04-29T22:15:00+00:00,7162.799999999998,7173.549999999998,7161.279999999999,7165.029999999999,3801
2026-04-29T22:30:00+00:00,7165.029999999999,7168.789999999999,7161.029999999999,7164.539999999999,2042
2026-04-29T22:45:00+00:00,7164.539999999999,7168.539999999999,7160.529999999999,7161.529999999999,1258
2026-04-29T23:00:00+00:00,7161.529999999999,7163.799999999998,7160.029999999999,7162.539999999999,1208
2026-04-29T23:15:00+00:00,7162.539999999999,7162.549999999998,7157.289999999999,7160.799999999998,720
2026-04-29T23:30:00+00:00,7160.799999999998,7167.049999999998,7160.789999999999,7166.779999999999,1051
2026-04-29T23:45:00+00:00,7166.779999999999,7170.549999999998,7164.539999999999,7169.789999999999,1437
2026-04-30T00:00:00+00:00,7169.789999999999,7175.779999999999,7168.049999999998,7172.529999999999,3157
2026-04-30T00:15:00+00:00,7172.529999999999,7175.289999999999,7171.279999999999,7173.549999999998,2029
2026-04-30T00:30:00+00:00,7173.549999999998,7177.779999999999,7173.549999999998,7175.289999999999,1638
2026-04-30T00:45:00+00:00,7175.289999999999,7178.049999999998,7175.039999999999,7176.289999999999,1219
2026-04-30T01:00:00+00:00,7176.289999999999,7177.029999999999,7173.029999999999,7173.799999999998,1610
2026-04-30T01:15:00+00:00,7173.799999999998,7175.549999999998,7173.529999999999,7175.029999999999,1169
2026-04-30T01:30:00+00:00,7175.029999999999,7177.799999999998,7171.029999999999,7173.289999999999,2031
2026-04-30T01:45:00+00:00,7173.289999999999,7176.799999999998,7171.529999999999,7176.399999999999,1304
2026-04-30T02:00:00+00:00,7176.399999999999,7177.049999999998,7172.779999999999,7174.799999999998,950
2026-04-30T02:15:00+00:00,7174.799999999998,7175.039999999999,7164.779999999999,7166.779999999999,953
2026-04-30T02:30:00+00:00,7166.779999999999,7166.779999999999,7142.529999999999,7154.039999999999,9941
2026-04-30T02:45:00+00:00,7154.039999999999,7156.169999999999,7147.529999999999,7154.399999999999,3973
2026-04-30T03:00:00+00:00,7154.399999999999,7158.789999999999,7149.789999999999,7151.789999999999,2360
2026-04-30T03:15:00+00:00,7151.789999999999,7152.799999999998,7148.789999999999,7152.029999999999,2010
2026-04-30T03:30:00+00:00,7152.029999999999,7155.049999999998,7150.279999999999,7152.919999999999,2023
2026-04-30T03:45:00+00:00,7152.919999999999,7153.539999999999,7148.779999999999,7149.039999999999,1463
2026-04-30T04:00:00+00:00,7149.039999999999,7149.299999999998,7137.279999999999,7140.289999999999,3484
2026-04-30T04:15:00+00:00,7140.289999999999,7141.299999999998,7130.779999999999,7132.289999999999,3586
2026-04-30T04:30:00+00:00,7132.289999999999,7132.549999999998,7123.529999999999,7127.649999999999,4218
2026-04-30T04:45:00+00:00,7127.649999999999,7130.049999999998,7121.789999999999,7122.299999999998,2449
2026-04-30T05:00:00+00:00,7122.299999999998,7135.289999999999,7122.289999999999,7135.039999999999,3522
2026-04-30T05:15:00+00:00,7135.039999999999,7135.789999999999,7126.029999999999,7127.799999999998,2287
2026-04-30T05:30:00+00:00,7127.799999999998,7134.789999999999,7127.549999999998,7130.649999999999,2548
2026-04-30T05:45:00+00:00,7130.649999999999,7131.299999999998,7120.279999999999,7120.539999999999,2056
2026-04-30T06:00:00+00:00,7120.539999999999,7121.669999999999,7110.799999999998,7114.409999999999,4184
2026-04-30T06:15:00+00:00,7114.409999999999,7120.539999999999,7114.029999999999,7119.669999999999,3491
2026-04-30T06:30:00+00:00,7119.669999999999,7135.049999999998,7119.649999999999,7128.529999999999,4356
2026-04-30T06:45:00+00:00,7128.529999999999,7131.539999999999,7123.289999999999,7130.409999999999,2869
2026-04-30T07:00:00+00:00,7130.409999999999,7139.539999999999,7126.779999999999,7135.549999999998,5455
2026-04-30T07:15:00+00:00,7135.549999999998,7140.799999999998,7132.029999999999,7140.289999999999,3827
2026-04-30T07:30:00+00:00,7140.289999999999,7143.049999999998,7138.029999999999,7140.529999999999,3449
2026-04-30T07:45:00+00:00,7140.529999999999,7141.909999999999,7134.779999999999,7138.029999999999,3009
2026-04-30T08:00:00+00:00,7138.029999999999,7146.289999999999,7137.649999999999,7142.529999999999,5092
2026-04-30T08:15:00+00:00,7142.529999999999,7142.529999999999,7136.529999999999,7142.029999999999,3753
2026-04-30T08:30:00+00:00,7142.029999999999,7147.799999999998,7141.029999999999,7145.549999999998,3378
2026-04-30T08:45:00+00:00,7145.549999999998,7148.049999999998,7142.029999999999,7142.049999999998,2710
2026-04-30T09:00:00+00:00,7142.049999999998,7145.669999999999,7139.279999999999,7141.039999999999,3542
2026-04-30T09:15:00+00:00,7141.039999999999,7150.549999999998,7135.649999999999,7149.919999999999,3227
2026-04-30T09:30:00+00:00,7149.919999999999,7161.799999999998,7148.289999999999,7149.799999999998,5985
2026-04-30T09:45:00+00:00,7149.799999999998,7154.799999999998,7146.529999999999,7148.289999999999,3396
2026-04-30T10:00:00+00:00,7148.289999999999,7157.299999999998,7148.159999999999,7152.299999999998,3368
2026-04-30T10:15:00+00:00,7152.299999999998,7160.169999999999,7150.779999999999,7158.789999999999,3065
2026-04-30T10:30:00+00:00,7158.789999999999,7164.149999999999,7152.529999999999,7154.039999999999,6898
2026-04-30T10:45:00+00:00,7154.039999999999,7161.029999999999,7152.529999999999,7157.319999999999,4695
2026-04-30T11:00:00+00:00,7157.319999999999,7172.279999999999,7157.029999999999,7165.159999999999,5490
2026-04-30T11:15:00+00:00,7165.159999999999,7177.539999999999,7164.299999999998,7176.539999999999,3825
2026-04-30T11:30:00+00:00,7176.539999999999,7177.039999999999,7168.029999999999,7169.029999999999,4031
2026-04-30T11:45:00+00:00,7169.029999999999,7174.799999999998,7168.279999999999,7171.549999999998,2786
2026-04-30T12:00:00+00:00,7171.549999999998,7179.549999999998,7170.299999999998,7178.789999999999,2468
2026-04-30T12:15:00+00:00,7178.789999999999,7188.539999999999,7178.549999999998,7186.559999999999,3502
2026-04-30T12:30:00+00:00,7186.559999999999,7187.549999999998,7174.279999999999,7176.549999999998,3837
2026-04-30T12:45:00+00:00,7176.549999999998,7182.789999999999,7175.529999999999,7181.279999999999,4217
2026-04-30T13:00:00+00:00,7181.279999999999,7186.799999999998,7178.049999999998,7179.289999999999,4035
2026-04-30T13:15:00+00:00,7179.289999999999,7181.549999999998,7176.529999999999,7177.529999999999,3344
2026-04-30T13:30:00+00:00,7177.529999999999,7177.839999999999,7144.089999999999,7158.579999999999,26996
2026-04-30T13:45:00+00:00,7158.579999999999,7162.0999999999985,7137.579999999999,7142.579999999999,22708
2026-04-30T14:00:00+00:00,7142.579999999999,7152.5999999999985,7136.589999999999,7146.5999999999985,21463
2026-04-30T14:15:00+00:00,7146.5999999999985,7153.709999999999,7134.589999999999,7150.329999999999,18637
2026-04-30T14:30:00+00:00,7150.329999999999,7158.3499999999985,7142.079999999999,7152.8499999999985,18548
2026-04-30T14:45:00+00:00,7152.8499999999985,7172.089999999999,7152.579999999999,7169.329999999999,11577
2026-04-30T15:00:00+00:00,7169.329999999999,7176.0999999999985,7165.839999999999,7173.839999999999,11510
2026-04-30T15:15:00+00:00,7173.839999999999,7176.5999999999985,7168.309999999999,7174.829999999999,8592
2026-04-30T15:30:00+00:00,7174.829999999999,7180.329999999999,7168.079999999999,7169.5999999999985,8522
2026-04-30T15:45:00+00:00,7169.5999999999985,7181.329999999999,7165.079999999999,7176.589999999999,7212
2026-04-30T16:00:00+00:00,7176.589999999999,7184.5999999999985,7171.3499999999985,7183.829999999999,5436
2026-04-30T16:15:00+00:00,7183.829999999999,7184.339999999999,7178.299999999998,7182.589999999999,3930
2026-04-30T16:30:00+00:00,7182.589999999999,7184.0999999999985,7176.799999999998,7178.329999999999,3723
2026-04-30T16:45:00+00:00,7178.329999999999,7179.5999999999985,7169.839999999999,7174.329999999999,4700
2026-04-30T17:00:00+00:00,7174.329999999999,7187.329999999999,7174.079999999999,7186.339999999999,5321
2026-04-30T17:15:00+00:00,7186.339999999999,7189.3499999999985,7182.5999999999985,7189.089999999999,3991
2026-04-30T17:30:00+00:00,7189.089999999999,7197.8499999999985,7189.079999999999,7195.329999999999,5693
2026-04-30T17:45:00+00:00,7195.329999999999,7202.8499999999985,7195.329999999999,7201.829999999999,3750
2026-04-30T18:00:00+00:00,7201.829999999999,7210.579999999999,7201.329999999999,7208.829999999999,4835
2026-04-30T18:15:00+00:00,7208.829999999999,7212.0999999999985,7207.079999999999,7209.589999999999,3333
2026-04-30T18:30:00+00:00,7209.589999999999,7218.079999999999,7209.329999999999,7216.579999999999,3921
2026-04-30T18:45:00+00:00,7216.579999999999,7219.0999999999985,7213.829999999999,7214.5999999999985,3096
2026-04-30T19:00:00+00:00,7214.5999999999985,7224.589999999999,7213.579999999999,7223.579999999999,5011
2026-04-30T19:15:00+00:00,7223.579999999999,7225.0999999999985,7221.079999999999,7222.089999999999,3149
2026-04-30T19:30:00+00:00,7222.089999999999,7225.5999999999985,7218.579999999999,7225.329999999999,3253
2026-04-30T19:45:00+00:00,7225.329999999999,7228.8499999999985,7214.579999999999,7215.579999999999,8274
2026-04-30T20:00:00+00:00,7215.579999999999,7224.049999999998,7215.289999999999,7222.049999999998,5865
2026-04-30T20:15:00+00:00,7222.049999999998,7228.539999999999,7221.029999999999,7226.649999999999,1645
2026-04-30T20:30:00+00:00,7226.649999999999,7230.049999999998,7219.809999999999,7221.299999999998,3428
2026-04-30T20:45:00+00:00,7221.299999999998,7225.799999999998,7220.779999999999,7223.749999999999,1377
2026-04-30T22:00:00+00:00,7223.749999999999,7240.799999999998,7223.749999999999,7239.169999999999,3333
2026-04-30T22:15:00+00:00,7239.169999999999,7239.799999999998,7233.559999999999,7234.809999999999,724
2026-04-30T22:30:00+00:00,7234.809999999999,7235.059999999999,7231.789999999999,7233.799999999998,729
2026-04-30T22:45:00+00:00,7233.799999999998,7233.809999999999,7223.789999999999,7227.299999999998,1364
2026-04-30T23:00:00+00:00,7227.299999999998,7230.299999999998,7226.539999999999,7227.289999999999,908
2026-04-30T23:15:00+00:00,7227.289999999999,7232.039999999999,7226.539999999999,7231.289999999999,628
2026-04-30T23:30:00+00:00,7231.289999999999,7234.559999999999,7230.039999999999,7231.559999999999,540
2026-04-30T23:45:00+00:00,7231.559999999999,7233.809999999999,7227.059999999999,7230.059999999999,1330
2026-05-01T00:00:00+00:00,7230.059999999999,7235.299999999998,7228.039999999999,7229.4299999999985,2458
2026-05-01T00:15:00+00:00,7229.4299999999985,7236.549999999998,7229.299999999998,7236.299999999998,1565
2026-05-01T00:30:00+00:00,7236.299999999998,7237.549999999998,7234.289999999999,7236.299999999998,972
2026-05-01T00:45:00+00:00,7236.299999999998,7238.309999999999,7234.539999999999,7235.289999999999,819
2026-05-01T01:00:00+00:00,7235.289999999999,7238.169999999999,7233.039999999999,7238.059999999999,988
2026-05-01T01:15:00+00:00,7238.059999999999,7240.059999999999,7236.789999999999,7239.309999999999,661
2026-05-01T01:30:00+00:00,7239.309999999999,7241.539999999999,7239.059999999999,7239.559999999999,548
2026-05-01T01:45:00+00:00,7239.559999999999,7240.559999999999,7238.789999999999,7240.289999999999,522.0861936278283
2026-05-01T02:00:00+00:00,7240.289999999999,7240.559999999999,7238.539999999999,7238.6799999999985,387
2026-05-01T02:15:00+00:00,7238.6799999999985,7239.809999999999,7237.539999999999,7238.039999999999,347
2026-05-01T02:30:00+00:00,7238.039999999999,7238.309999999999,7236.039999999999,7237.039999999999,363
2026-05-01T02:45:00+00:00,7237.039999999999,7238.799999999998,7235.789999999999,7238.309999999999,279.02150537634407
2026-05-01T03:00:00+00:00,7238.309999999999,7240.409999999999,7237.309999999999,7239.549999999998,489
2026-05-01T03:15:00+00:00,7239.549999999998,7241.309999999999,7239.289999999999,7240.789999999999,200.00850179482336
2026-05-01T03:30:00+00:00,7240.789999999999,7243.309999999999,7237.289999999999,7237.6799999999985,513
2026-05-01T03:45:00+00:00,7237.6799999999985,7238.559999999999,7236.789999999999,7237.559999999999,441
2026-05-01T04:00:00+00:00,7237.559999999999,7238.049999999998,7234.549999999998,7236.289999999999,580
2026-05-01T04:15:00+00:00,7236.289999999999,7237.299999999998,7236.039999999999,7236.159999999999,323
2026-05-01T04:30:00+00:00,7236.159999999999,7236.809999999999,7234.299999999998,7235.309999999999,297
2026-05-01T04:45:00+00:00,7235.309999999999,7236.309999999999,7234.789999999999,7235.409999999999,241
2026-05-01T05:00:00+00:00,7235.409999999999,7237.809999999999,7234.039999999999,7237.549999999998,519
2026-05-01T05:15:00+00:00,7237.549999999998,7237.559999999999,7234.799999999998,7237.289999999999,351
2026-05-01T05:30:00+00:00,7237.289999999999,7237.559999999999,7235.419999999999,7236.539999999999,332
2026-05-01T05:45:00+00:00,7236.539999999999,7236.539999999999,7233.789999999999,7234.559999999999,376
2026-05-01T06:00:00+00:00,7234.559999999999,7235.299999999998,7233.549999999998,7235.039999999999,612
2026-05-01T06:15:00+00:00,7235.039999999999,7235.789999999999,7232.539999999999,7232.799999999998,519
2026-05-01T06:30:00+00:00,7232.799999999998,7233.309999999999,7229.049999999998,7230.289999999999,612
2026-05-01T06:45:00+00:00,7230.289999999999,7230.809999999999,7228.539999999999,7229.559999999999,825
2026-05-01T07:00:00+00:00,7229.559999999999,7234.059999999999,7229.059999999999,7233.669999999999,1061
2026-05-01T07:15:00+00:00,7233.669999999999,7234.559999999999,7230.789999999999,7231.659999999999,788
2026-05-01T07:30:00+00:00,7231.659999999999,7231.809999999999,7227.289999999999,7227.6799999999985,778
2026-05-01T07:45:00+00:00,7227.6799999999985,7231.309999999999,7226.049999999998,7227.049999999998,881
2026-05-01T08:00:00+00:00,7227.049999999998,7230.039999999999,7226.539999999999,7229.049999999998,902
2026-05-01T08:15:00+00:00,7229.049999999998,7230.309999999999,7228.039999999999,7229.1799999999985,747
2026-05-01T08:30:00+00:00,7229.1799999999985,7229.1799999999985,7225.789999999999,7226.799999999998,702
2026-05-01T08:45:00+00:00,7226.799999999998,7228.059999999999,7225.049999999998,7227.809999999999,500
2026-05-01T09:00:00+00:00,7227.809999999999,7227.809999999999,7223.809999999999,7226.289999999999,735
2026-05-01T09:15:00+00:00,7226.289999999999,7229.809999999999,7226.289999999999,7228.809999999999,576
2026-05-01T09:30:00+00:00,7228.809999999999,7230.559999999999,7227.789999999999,7229.559999999999,582
2026-05-01T09:45:00+00:00,7229.559999999999,7231.6799999999985,7229.039999999999,7230.669999999999,439
2026-05-01T10:00:00+00:00,7230.669999999999,7231.049999999998,7228.789999999999,7230.409999999999,416
2026-05-01T10:15:00+00:00,7230.409999999999,7232.039999999999,7229.559999999999,7230.049999999998,642
2026-05-01T10:30:00+00:00,7230.049999999998,7230.9299999999985,7226.169999999999,7228.049999999998,813
2026-05-01T10:45:00+00:00,7228.049999999998,7231.559999999999,7227.539999999999,7231.419999999999,696
2026-05-01T11:00:00+00:00,7231.419999999999,7232.299999999998,7226.539999999999,7227.789999999999,973
2026-05-01T11:15:00+00:00,7227.789999999999,7232.059999999999,7226.569999999999,7230.4299999999985,878
2026-05-01T11:30:00+00:00,7230.4299999999985,7231.4299999999985,7228.539999999999,7230.289999999999,871
2026-05-01T11:45:00+00:00,7230.289999999999,7234.049999999998,7229.789999999999,7233.539999999999,716
2026-05-01T12:00:00+00:00,7233.539999999999,7249.049999999998,7231.789999999999,7243.6799999999985,2914
2026-05-01T12:15:00+00:00,7243.6799999999985,7246.059999999999,7240.059999999999,7243.559999999999,3505
2026-05-01T12:30:00+00:00,7243.559999999999,7243.799999999998,7235.539999999999,7235.789999999999,2367
2026-05-01T12:45:00+00:00,7235.789999999999,7238.299999999998,7234.309999999999,7235.789999999999,1304
2026-05-01T13:00:00+00:00,7235.789999999999,7243.049999999998,7235.289999999999,7239.559999999999,1631
2026-05-01T13:15:00+00:00,7239.559999999999,7242.809999999999,7238.539999999999,7241.799999999998,2079
2026-05-01T13:30:00+00:00,7241.799999999998,7255.089999999999,7236.339999999999,7253.8499999999985,16150
2026-05-01T13:45:00+00:00,7253.8499999999985,7270.589999999999,7247.589999999999,7270.459999999999,15634
2026-05-01T14:00:00+00:00,7270.459999999999,7275.859999999999,7266.969999999998,7273.859999999999,12725
2026-05-01T14:15:00+00:00,7273.859999999999,7278.229999999999,7271.089999999999,7271.859999999999,7623
2026-05-01T14:30:00+00:00,7271.859999999999,7272.109999999999,7252.089999999999,7258.5999999999985,13171
2026-05-01T14:45:00+00:00,7258.5999999999985,7262.859999999999,7255.339999999999,7256.109999999999,9797
2026-05-01T15:00:00+00:00,7256.109999999999,7258.859999999999,7249.339999999999,7258.589999999999,10892
2026-05-01T15:15:00+00:00,7258.589999999999,7262.609999999999,7256.589999999999,7261.839999999999,6001
2026-05-01T15:30:00+00:00,7261.839999999999,7269.859999999999,7260.589999999999,7269.359999999999,5455
2026-05-01T15:45:00+00:00,7269.359999999999,7273.359999999999,7256.089999999999,7262.8499999999985,9205
2026-05-01T16:00:00+00:00,7262.8499999999985,7265.219999999998,7252.839999999999,7254.0999999999985,5578
2026-05-01T16:15:00+00:00,7254.0999999999985,7260.859999999999,7247.589999999999,7250.209999999999,9583
2026-05-01T16:30:00+00:00,7250.209999999999,7252.359999999999,7245.339999999999,7245.589999999999,6773
2026-05-01T16:45:00+00:00,7245.589999999999,7252.5999999999985,7243.589999999999,7247.589999999999,4552
2026-05-01T17:00:00+00:00,7247.589999999999,7254.109999999999,7247.339999999999,7253.859999999999,3207
2026-05-01T17:15:00+00:00,7253.859999999999,7258.359999999999,7251.589999999999,7258.339999999999,2765
2026-05-01T17:30:00+00:00,7258.339999999999,7259.859999999999,7255.089999999999,7257.859999999999,2497
2026-05-01T17:45:00+00:00,7257.859999999999,7260.799999999998,7256.279999999999,7256.539999999998,2837.958063636983
2026-05-01T18:00:00+00:00,7256.539999999998,7257.799999999998,7246.029999999999,7246.669999999998,3743
2026-05-01T18:15:00+00:00,7246.669999999998,7250.799999999998,7243.529999999999,7249.789999999998,3793
2026-05-01T18:30:00+00:00,7249.789999999998,7250.549999999998,7239.529999999999,7240.539999999998,4392
2026-05-01T18:45:00+00:00,7240.539999999998,7241.799999999998,7236.279999999999,7239.799999999998,3915
2026-05-01T19:00:00+00:00,7239.799999999998,7249.549999999998,7239.029999999999,7248.779999999999,3413
2026-05-01T19:15:00+00:00,7248.779999999999,7254.289999999998,7248.279999999999,7252.549999999998,2731
2026-05-01T19:30:00+00:00,7252.549999999998,7253.549999999998,7248.279999999999,7249.789999999998,3036
2026-05-01T19:45:00+00:00,7249.789999999998,7250.049999999998,7232.779999999999,7234.799999999998,5923
2026-05-01T20:00:00+00:00,7234.799999999998,7235.249999999998,7229.229999999999,7231.249999999998,1905
2026-05-01T20:15:00+00:00,7231.249999999998,7231.749999999998,7225.23,7226.74,915
2026-05-01T20:30:00+00:00,7226.74,7226.99,7223.47,7224.48,685
2026-05-03T22:00:00+00:00,7224.48,7258.29,7224.48,7247.44,3579
2026-05-03T22:15:00+00:00,7247.44,7249.69,7241.42,7243.93,1529
2026-05-03T22:30:00+00:00,7243.93,7247.94,7242.81,7246.67,1010
2026-05-03T22:45:00+00:00,7246.67,7248.94,7243.18,7245.19,1056
2026-05-03T23:00:00+00:00,7245.19,7247.31,7239.44,7242.18,1042
2026-05-03T23:15:00+00:00,7242.18,7242.19,7239.68,7241.18,601
2026-05-03T23:30:00+00:00,7241.18,7244.19,7239.93,7240.67,909
2026-05-03T23:45:00+00:00,7240.67,7243.19,7238.68,7241.18,1013
2026-05-04T00:00:00+00:00,7241.18,7245.67,7237.42,7241.69,2988
2026-05-04T00:15:00+00:00,7241.69,7243.43,7233.67,7237.3,2679
2026-05-04T00:30:00+00:00,7237.3,7242.18,7236.92,7241.43,1917
2026-05-04T00:45:00+00:00,7241.43,7246.54,7241.17,7245.69,1462
2026-05-04T01:00:00+00:00,7245.69,7246.81,7238.67,7243.69,1869
2026-05-04T01:15:00+00:00,7243.69,7245.69,7240.42,7240.93,1721
2026-05-04T01:30:00+00:00,7240.93,7245.93,7239.92,7244.43,1671
2026-05-04T01:45:00+00:00,7244.43,7246.69,7243.54,7246.44,823
2026-05-04T02:00:00+00:00,7246.44,7247.18,7240.92,7244.43,1263
2026-05-04T02:15:00+00:00,7244.43,7244.44,7239.17,7239.93,1726
2026-05-04T02:30:00+00:00,7239.93,7244.19,7239.68,7243.69,1021
2026-05-04T02:45:00+00:00,7243.69,7248.05,7243.17,7245.19,939
2026-05-04T03:00:00+00:00,7245.19,7248.44,7245.17,7247.19,679
2026-05-04T03:15:00+00:00,7247.19,7247.44,7245.17,7245.79,507
2026-05-04T03:30:00+00:00,7245.79,7246.19,7242.92,7245.17,482
2026-05-04T03:45:00+00:00,7245.17,7247.44,7244.42,7246.3,1456
2026-05-04T04:00:00+00:00,7246.3,7248.19,7245.06,7247.19,706
2026-05-04T04:15:00+00:00,7247.19,7249.69,7247.19,7248.69,606
2026-05-04T04:30:00+00:00,7248.69,7249.79,7247.17,7248.44,492
2026-05-04T04:45:00+00:00,7248.44,7248.93,7246.42,7247.17,344
2026-05-04T05:00:00+00:00,7247.17,7249.94,7246.55,7249.44,553
2026-05-04T05:15:00+00:00,7249.44,7253.69,7247.43,7247.93,1266
2026-05-04T05:30:00+00:00,7247.93,7251.69,7247.17,7251.43,695
2026-05-04T05:45:00+00:00,7251.43,7252.17,7248.67,7249.19,556
2026-05-04T06:00:00+00:00,7249.19,7250.68,7244.92,7248.18,1939
2026-05-04T06:15:00+00:00,7248.18,7248.69,7243.17,7246.43,1387
2026-05-04T06:30:00+00:00,7246.43,7247.94,7238.92,7240.81,2249
2026-05-04T06:45:00+00:00,7240.81,7243.42,7238.92,7242.19,1462
2026-05-04T07:00:00+00:00,7242.19,7249.94,7238.67,7248.43,2851
2026-05-04T07:15:00+00:00,7248.43,7252.94,7248.17,7250.69,2028
2026-05-04T07:30:00+00:00,7250.69,7250.94,7247.42,7250.44,1487
2026-05-04T07:45:00+00:00,7250.44,7252.19,7244.42,7244.42,1301
2026-05-04T08:00:00+00:00,7244.42,7244.79,7234.44,7238.93,3374
2026-05-04T08:15:00+00:00,7238.93,7243.17,7235.42,7242.05,2696
2026-05-04T08:30:00+00:00,7242.05,7243.94,7240.04,7241.94,1697
2026-05-04T08:45:00+00:00,7241.94,7243.93,7240.67,7241.68,1560
2026-05-04T09:00:00+00:00,7241.68,7246.19,7239.92,7245.29,1508
2026-05-04T09:15:00+00:00,7245.29,7245.69,7243.17,7244.69,1107
2026-05-04T09:30:00+00:00,7244.69,7247.17,7243.43,7245.43,942
2026-05-04T09:45:00+00:00,7245.43,7246.94,7242.92,7243.17,931
2026-05-04T10:00:00+00:00,7243.17,7244.68,7193.92,7202.17,19543
2026-05-04T10:15:00+00:00,7202.17,7214.94,7193.17,7212.17,13530
2026-05-04T10:30:00+00:00,7212.17,7233.44,7209.79,7228.54,12238
2026-05-04T10:45:00+00:00,7228.54,7232.06,7225.43,7226.31,3888
2026-05-04T11:00:00+00:00,7226.31,7233.44,7223.68,7227.81,5923
2026-05-04T11:15:00+00:00,7227.81,7231.42,7224.92,7225.43,3020
2026-05-04T11:30:00+00:00,7225.43,7227.44,7216.17,7222.18,5228
2026-05-04T11:45:00+00:00,7222.18,7227.19,7218.68,7224.55,2978
2026-05-04T12:00:00+00:00,7224.55,7230.69,7224.55,7227.92,2418
2026-05-04T12:15:00+00:00,7227.92,7235.19,7224.43,7231.17,4196
2026-05-04T12:30:00+00:00,7231.17,7233.93,7226.7,7231.68,2385
2026-05-04T12:45:00+00:00,7231.68,7233.44,7225.69,7228.56,2647
2026-05-04T13:00:00+00:00,7228.56,7235.43,7217.43,7228.67,11236
2026-05-04T13:15:00+00:00,7228.67,7231.19,7225.95,7229.92,3303
2026-05-04T13:30:00+00:00,7229.92,7232.23,7221.72,7228.49,20891
2026-05-04T13:45:00+00:00,7228.49,7236.99,7227.47,7236.85,10586
2026-05-04T14:00:00+00:00,7236.85,7241.23,7227.44,7238.98,12489
2026-05-04T14:15:00+00:00,7238.98,7246.49,7237.72,7241.48,7175
2026-05-04T14:30:00+00:00,7241.48,7250.24,7240.45,7248.49,5468
2026-05-04T14:45:00+00:00,7248.49,7250.24,7236.72,7238.22,6433
2026-05-04T15:00:00+00:00,7238.22,7243.49,7228.97,7231.47,11245
2026-05-04T15:15:00+00:00,7231.47,7233.99,7202.98,7213.23,24425
2026-05-04T15:30:00+00:00,7213.23,7214.49,7201.48,7211.85,18037
2026-05-04T15:45:00+00:00,7211.85,7212.24,7198.35,7204.47,15231
2026-05-04T16:00:00+00:00,7204.47,7206.49,7178.72,7187.98,19232
2026-05-04T16:15:00+00:00,7187.98,7207.49,7183.48,7198.73,17191
2026-05-04T16:30:00+00:00,7198.73,7205.59,7194.74,7197.74,10033
2026-05-04T16:45:00+00:00,7197.74,7199.99,7192.21,7194.23,7480
2026-05-04T17:00:00+00:00,7194.23,7205.49,7193.72,7203.47,8380
2026-05-04T17:15:00+00:00,7203.47,7215.49,7201.24,7214.74,9447
2026-05-04T17:30:00+00:00,7214.74,7215.22,7204.7,7210.97,4934
2026-05-04T17:45:00+00:00,7210.97,7215.24,7209.72,7212.22,2785
2026-05-04T18:00:00+00:00,7212.22,7218.99,7211.72,7213.24,3493
2026-05-04T18:15:00+00:00,7213.24,7213.74,7200.22,7206.22,4924
2026-05-04T18:30:00+00:00,7206.22,7207.24,7198.47,7198.97,3355
2026-05-04T18:45:00+00:00,7198.97,7204.24,7196.72,7203.24,4529
2026-05-04T19:00:00+00:00,7203.24,7210.73,7199.73,7208.74,6368
2026-05-04T19:15:00+00:00,7208.74,7210.24,7202.49,7205.99,3633
2026-05-04T19:30:00+00:00,7205.99,7210.99,7205.22,7205.73,2348
2026-05-04T19:45:00+00:00,7205.73,7210.74,7202.72,7210.48,5469
2026-05-04T20:00:00+00:00,7210.48,7210.68,7202.17,7204.42,1829
2026-05-04T20:15:00+00:00,7204.42,7207.55,7201.94,7207.18,881
2026-05-04T20:30:00+00:00,7207.18,7208.19,7203.67,7203.94,374
2026-05-04T20:45:00+00:00,7203.94,7205.19,7202.67,7204.91,327
2026-05-04T22:00:00+00:00,7204.91,7214.85,7204.91,7212.1,1322
2026-05-04T22:15:00+00:00,7212.1,7213.62,7211.35,7213.36,345
2026-05-04T22:30:00+00:00,7213.36,7213.87,7209.6,7209.99,485
2026-05-04T22:45:00+00:00,7209.99,7210.11,7205.86,7207.62,554
2026-05-04T23:00:00+00:00,7207.62,7209.12,7205.62,7208.87,531
2026-05-04T23:15:00+00:00,7208.87,7209.36,7207.1,7208.11,382
2026-05-04T23:30:00+00:00,7208.11,7208.62,7206.36,7206.87,330
2026-05-04T23:45:00+00:00,7206.87,7208.12,7204.62,7207.12,619
2026-05-05T00:00:00+00:00,7207.12,7215.48,7206.85,7213.11,1668
2026-05-05T00:15:00+00:00,7213.11,7213.11,7203.61,7205.85,2171
2026-05-05T00:30:00+00:00,7205.85,7209.62,7205.35,7206.99,1192
2026-05-05T00:45:00+00:00,7206.99,7212.87,7206.6,7211.62,1244
2026-05-05T01:00:00+00:00,7211.62,7213.86,7207.35,7212.37,1688
2026-05-05T01:15:00+00:00,7212.37,7214.61,7211.86,7212.85,1016
2026-05-05T01:30:00+00:00,7212.85,7218.85,7210.87,7215.12,2180
2026-05-05T01:45:00+00:00,7215.12,7217.62,7214.85,7215.6,918
2026-05-05T02:00:00+00:00,7215.6,7217.6,7214.6,7215.12,805
2026-05-05T02:15:00+00:00,7215.12,7219.12,7214.85,7218.87,602
2026-05-05T02:30:00+00:00,7218.87,7221.1,7218.6,7220.1,635
2026-05-05T02:45:00+00:00,7220.1,7220.12,7213.85,7216.35,1235
2026-05-05T03:00:00+00:00,7216.35,7219.86,7215.62,7219.61,475
2026-05-05T03:15:00+00:00,7219.61,7221.87,7219.1,7220.85,332
2026-05-05T03:30:00+00:00,7220.85,7220.87,7219.6,7219.86,327
2026-05-05T03:45:00+00:00,7219.86,7221.62,7219.6,7220.61,324
2026-05-05T04:00:00+00:00,7220.61,7223.61,7220.61,7221.37,399
2026-05-05T04:15:00+00:00,7221.37,7221.62,7220.1,7220.61,354
2026-05-05T04:30:00+00:00,7220.61,7220.61,7218.72,7219.86,630
2026-05-05T04:45:00+00:00,7219.86,7223.36,7219.61,7219.86,575
2026-05-05T05:00:00+00:00,7219.86,7220.87,7218.35,7220.1,822
2026-05-05T05:15:00+00:00,7220.1,7221.87,7219.6,7219.86,423
2026-05-05T05:30:00+00:00,7219.86,7223.62,7218.35,7222.11,1141
2026-05-05T05:45:00+00:00,7222.11,7224.12,7221.72,7223.85,644
2026-05-05T06:00:00+00:00,7223.85,7227.6,7220.85,7221.1,2085
2026-05-05T06:15:00+00:00,7221.1,7221.87,7215.85,7217.87,1655
2026-05-05T06:30:00+00:00,7217.87,7226.38,7217.6,7224.62,1837
2026-05-05T06:45:00+00:00,7224.62,7228.12,7223.6,7227.6,1513
2026-05-05T07:00:00+00:00,7227.6,7232.12,7226.6,7230.86,2833
2026-05-05T07:15:00+00:00,7230.86,7231.87,7227.85,7228.49,1887
2026-05-05T07:30:00+00:00,7228.49,7236.74,7227.85,7230.37,3825
2026-05-05T07:45:00+00:00,7230.37,7231.37,7225.61,7227.37,2022
2026-05-05T08:00:00+00:00,7227.37,7236.12,7227.1,7235.12,2136
2026-05-05T08:15:00+00:00,7235.12,7237.11,7233.1,7233.87,1815
2026-05-05T08:30:00+00:00,7233.87,7235.87,7232.6,7234.74,1732
2026-05-05T08:45:00+00:00,7234.74,7236.86,7233.23,7234.6,1593
2026-05-05T09:00:00+00:00,7234.6,7235.12,7229.86,7232.61,1993
2026-05-05T09:15:00+00:00,7232.61,7233.87,7230.85,7232.98,1348
2026-05-05T09:30:00+00:00,7232.98,7236.62,7232.6,7235.12,1465
2026-05-05T09:45:00+00:00,7235.12,7237.87,7233.6,7235.36,1161
2026-05-05T10:00:00+00:00,7235.36,7236.62,7233.1,7234.97,1027
2026-05-05T10:15:00+00:00,7234.97,7236.62,7234.1,7235.87,732
2026-05-05T10:30:00+00:00,7235.87,7241.62,7233.36,7233.6,1982
2026-05-05T10:45:00+00:00,7233.6,7235.87,7232.85,7235.35,847
2026-05-05T11:00:00+00:00,7235.35,7236.62,7228.87,7230.85,2802
2026-05-05T11:15:00+00:00,7230.85,7236.62,7228.61,7234.86,2140
2026-05-05T11:30:00+00:00,7234.86,7238.62,7234.37,7238.12,1498
2026-05-05T11:45:00+00:00,7238.12,7239.37,7237.1,7238.37,1246
2026-05-05T12:00:00+00:00,7238.37,7246.87,7236.35,7246.11,3864
2026-05-05T12:15:00+00:00,7246.11,7249.12,7243.1,7245.12,3036
2026-05-05T12:30:00+00:00,7245.12,7246.12,7241.1,7241.61,1469
2026-05-05T12:45:00+00:00,7241.61,7242.87,7240.12,7241.61,1229
2026-05-05T13:00:00+00:00,7241.61,7248.72,7241.35,7246.1,1498
2026-05-05T13:15:00+00:00,7246.1,7247.62,7242.6,7247.36,2116
2026-05-05T13:30:00+00:00,7247.36,7253.91,7244.4,7251.27,12110
2026-05-05T13:45:00+00:00,7251.27,7257.17,7250.15,7254.77,9040
2026-05-05T14:00:00+00:00,7254.77,7263.67,7250.65,7252.4,10270
2026-05-05T14:15:00+00:00,7252.4,7266.17,7246.9,7262.4,14308
2026-05-05T14:30:00+00:00,7262.4,7263.42,7254.67,7256.41,6235
2026-05-05T14:45:00+00:00,7256.41,7260.92,7252.92,7260.65,5466
2026-05-05T15:00:00+00:00,7260.65,7265.67,7259.4,7264.65,4649
2026-05-05T15:15:00+00:00,7264.65,7265.92,7260.39,7264.15,3830
2026-05-05T15:30:00+00:00,7264.15,7264.67,7258.65,7260.67,3557
2026-05-05T15:45:00+00:00,7260.67,7263.42,7258.87,7259.65,2329
2026-05-05T16:00:00+00:00,7259.65,7265.17,7259.15,7264.17,2110
2026-05-05T16:15:00+00:00,7264.17,7267.92,7259.14,7265.15,2735
2026-05-05T16:30:00+00:00,7265.15,7266.15,7261.9,7263.66,2567
2026-05-05T16:45:00+00:00,7263.66,7266.67,7262.65,7264.17,1884
2026-05-05T17:00:00+00:00,7264.17,7265.17,7260.4,7261.9,1796
2026-05-05T17:15:00+00:00,7261.9,7267.91,7261.9,7267.65,1923
2026-05-05T17:30:00+00:00,7267.65,7269.42,7266.4,7267.65,1789
2026-05-05T17:45:00+00:00,7267.65,7271.42,7267.65,7269.4,1410
2026-05-05T18:00:00+00:00,7269.4,7275.67,7269.15,7275.41,1617
2026-05-05T18:15:00+00:00,7275.41,7276.17,7273.65,7273.91,1638
2026-05-05T18:30:00+00:00,7273.91,7274.42,7270.16,7271.78,1378
2026-05-05T18:45:00+00:00,7271.78,7273.92,7270.65,7272.66,1382
2026-05-05T19:00:00+00:00,7272.66,7279.42,7272.4,7276.91,2009
2026-05-05T19:15:00+00:00,7276.91,7279.9,7274.92,7276.67,1674
2026-05-05T19:30:00+00:00,7276.67,7278.42,7274.15,7277.16,1742
2026-05-05T19:45:00+00:00,7277.16,7277.4,7262.65,7266.9,5416
2026-05-05T20:00:00+00:00,7266.9,7270.62,7265.86,7270.36,1721
2026-05-05T20:15:00+00:00,7270.36,7284.12,7264.62,7282.12,4413
2026-05-05T20:30:00+00:00,7282.12,7282.12,7275.35,7275.61,1360
2026-05-05T20:45:00+00:00,7275.61,7276.87,7272.85,7275.46,837
2026-05-05T22:00:00+00:00,7275.46,7281.82,7274.57,7275.34,1613
2026-05-05T22:15:00+00:00,7275.34,7277.33,7274.07,7276.84,825
2026-05-05T22:30:00+00:00,7276.84,7280.33,7276.32,7279.58,727
2026-05-05T22:45:00+00:00,7279.58,7300.34,7279.07,7297.34,7806
2026-05-05T23:00:00+00:00,7297.34,7299.34,7292.82,7299.19,3655
2026-05-05T23:15:00+00:00,7299.19,7299.59,7293.82,7294.32,1729
2026-05-05T23:30:00+00:00,7294.32,7297.08,7294.07,7294.34,1226
2026-05-05T23:45:00+00:00,7294.34,7296.09,7293.83,7294.84,1102
2026-05-06T00:00:00+00:00,7294.84,7296.34,7288.08,7288.94,4327
2026-05-06T00:15:00+00:00,7288.94,7288.94,7281.57,7281.84,3389
2026-05-06T00:30:00+00:00,7281.84,7285.34,7281.33,7283.08,1910
2026-05-06T00:45:00+00:00,7283.08,7284.59,7279.82,7283.84,1728
2026-05-06T01:00:00+00:00,7283.84,7288.07,7283.07,7287.09,1701
2026-05-06T01:15:00+00:00,7287.09,7288.84,7285.07,7286.07,1431
2026-05-06T01:30:00+00:00,7286.07,7288.58,7284.08,7288.34,1686
2026-05-06T01:45:00+00:00,7288.34,7290.57,7285.82,7288.33,1349
2026-05-06T02:00:00+00:00,7288.33,7288.59,7284.58,7286.83,1577
2026-05-06T02:15:00+00:00,7286.83,7288.59,7284.32,7284.57,1071
2026-05-06T02:30:00+00:00,7284.57,7286.09,7282.82,7284.07,832
2026-05-06T02:45:00+00:00,7284.07,7285.83,7283.57,7284.83,562
2026-05-06T03:00:00+00:00,7284.83,7287.58,7283.82,7287.07,652
2026-05-06T03:15:00+00:00,7287.07,7288.94,7285.83,7288.58,638
2026-05-06T03:30:00+00:00,7288.58,7291.59,7288.57,7289.59,807
2026-05-06T03:45:00+00:00,7289.59,7289.84,7287.32,7288.33,513
2026-05-06T04:00:00+00:00,7288.33,7289.09,7287.08,7288.34,598
2026-05-06T04:15:00+00:00,7288.34,7290.58,7287.82,7289.58,691
2026-05-06T04:30:00+00:00,7289.58,7290.57,7287.07,7288.45,1025
2026-05-06T04:45:00+00:00,7288.45,7290.84,7288.32,7289.07,878
2026-05-06T05:00:00+00:00,7289.07,7290.84,7287.82,7289.59,846
2026-05-06T05:15:00+00:00,7289.59,7290.34,7287.32,7289.57,774
2026-05-06T05:30:00+00:00,7289.57,7290.09,7287.71,7289.07,740
2026-05-06T05:45:00+00:00,7289.07,7293.09,7289.07,7291.83,591
2026-05-06T06:00:00+00:00,7291.83,7295.33,7289.82,7290.69,1452
2026-05-06T06:15:00+00:00,7290.69,7291.84,7288.82,7289.84,851
2026-05-06T06:30:00+00:00,7289.84,7291.59,7284.32,7289.08,1639
2026-05-06T06:45:00+00:00,7289.08,7290.33,7286.33,7290.07,1135
2026-05-06T07:00:00+00:00,7290.07,7291.94,7287.33,7287.82,2558
2026-05-06T07:15:00+00:00,7287.82,7290.34,7287.57,7289.07,1783
2026-05-06T07:30:00+00:00,7289.07,7289.59,7287.07,7289.09,1311
2026-05-06T07:45:00+00:00,7289.09,7292.08,7288.57,7291.33,1982
2026-05-06T08:00:00+00:00,7291.33,7292.59,7288.08,7289.09,2943
2026-05-06T08:15:00+00:00,7289.09,7289.34,7286.07,7287.32,1525
2026-05-06T08:30:00+00:00,7287.32,7291.34,7286.57,7290.34,1462
2026-05-06T08:45:00+00:00,7290.34,7323.59,7290.33,7315.71,14937
2026-05-06T09:00:00+00:00,7315.71,7320.34,7303.34,7310.32,6656
2026-05-06T09:15:00+00:00,7310.32,7316.59,7309.83,7313.34,4476
2026-05-06T09:30:00+00:00,7313.34,7322.33,7311.82,7320.45,4780
2026-05-06T09:45:00+00:00,7320.45,7323.59,7317.32,7322.33,3130
2026-05-06T10:00:00+00:00,7322.33,7328.33,7320.83,7322.82,4044
2026-05-06T10:15:00+00:00,7322.82,7331.84,7322.33,7331.08,3002
2026-05-06T10:30:00+00:00,7331.08,7338.84,7330.57,7337.58,3654
2026-05-06T10:45:00+00:00,7337.58,7344.09,7331.57,7338.34,7615
2026-05-06T11:00:00+00:00,7338.34,7346.08,7336.09,7342.34,6298
2026-05-06T11:15:00+00:00,7342.34,7344.34,7336.32,7337.09,3764
2026-05-06T11:30:00+00:00,7337.09,7341.09,7330.32,7330.82,5581
2026-05-06T11:45:00+00:00,7330.82,7332.34,7325.58,7328.44,5047
2026-05-06T12:00:00+00:00,7328.44,7329.34,7312.57,7314.19,6548
2026-05-06T12:15:00+00:00,7314.19,7325.59,7307.59,7323.34,8162
2026-05-06T12:30:00+00:00,7323.34,7324.83,7319.32,7320.59,3918
2026-05-06T12:45:00+00:00,7320.59,7323.34,7315.32,7318.82,3226
2026-05-06T13:00:00+00:00,7318.82,7319.84,7309.07,7315.34,7871
2026-05-06T13:15:00+00:00,7315.34,7318.34,7310.07,7311.58,5505
2026-05-06T13:30:00+00:00,7311.58,7325.38,7307.87,7321.39,18262
2026-05-06T13:45:00+00:00,7321.39,7327.87,7312.26,7326.39,12138
2026-05-06T14:00:00+00:00,7326.39,7332.39,7316.87,7330.63,12538
2026-05-06T14:15:00+00:00,7330.63,7336.88,7325.62,7330.38,11659
2026-05-06T14:30:00+00:00,7330.38,7349.25,7330.37,7348.64,10760
2026-05-06T14:45:00+00:00,7348.64,7352.24,7344.87,7351.89,7534
2026-05-06T15:00:00+00:00,7351.89,7355.37,7344.12,7347.39,4861
2026-05-06T15:15:00+00:00,7347.39,7353.89,7345.62,7350.62,4020
2026-05-06T15:30:00+00:00,7350.62,7351.64,7339.37,7343.38,4754
2026-05-06T15:45:00+00:00,7343.38,7348.89,7341.63,7346.13,4969
2026-05-06T16:00:00+00:00,7346.13,7349.74,7344.62,7348.87,3277
2026-05-06T16:15:00+00:00,7348.87,7350.14,7346.87,7347.37,2474
2026-05-06T16:30:00+00:00,7347.37,7348.14,7344.62,7345.89,2053
2026-05-06T16:45:00+00:00,7345.89,7346.13,7335.12,7339.64,4886
2026-05-06T17:00:00+00:00,7339.64,7347.14,7336.09,7345.14,3882
2026-05-06T17:15:00+00:00,7345.14,7348.13,7343.62,7346.62,1968
2026-05-06T17:30:00+00:00,7346.62,7348.89,7345.37,7348.64,1584
2026-05-06T17:45:00+00:00,7348.64,7351.39,7347.87,7351.39,1350
2026-05-06T18:00:00+00:00,7351.39,7356.14,7350.37,7355.14,2166
2026-05-06T18:15:00+00:00,7355.14,7362.14,7355.13,7360.63,2503
2026-05-06T18:30:00+00:00,7360.63,7364.89,7359.12,7360.39,2196
2026-05-06T18:45:00+00:00,7360.39,7361.64,7357.12,7359.63,1900
2026-05-06T19:00:00+00:00,7359.63,7368.64,7359.37,7367.89,2684
2026-05-06T19:15:00+00:00,7367.89,7370.38,7366.37,7368.88,2172
2026-05-06T19:30:00+00:00,7368.88,7370.39,7365.87,7367.38,2436
2026-05-06T19:45:00+00:00,7367.38,7376.39,7366.14,7367.38,6192
2026-05-06T20:00:00+00:00,7367.38,7376.08,7365.32,7374.57,3069
2026-05-06T20:15:00+00:00,7374.57,7375.33,7370.57,7373.34,1249
2026-05-06T20:30:00+00:00,7373.34,7373.59,7367.57,7368.07,996
2026-05-06T20:45:00+00:00,7368.07,7368.08,7365.07,7367.29,713
2026-05-06T22:00:00+00:00,7367.29,7367.29,7359.34,7361.11,1885
2026-05-06T22:15:00+00:00,7361.11,7363.36,7357.84,7358.36,1045
2026-05-06T22:30:00+00:00,7358.36,7360.61,7357.84,7360.36,695
2026-05-06T22:45:00+00:00,7360.36,7360.86,7358.84,7359.6,587
2026-05-06T23:00:00+00:00,7359.6,7362.279999999999,7358.59,7360.759999999999,656.248972759093
2026-05-06T23:15:00+00:00,7360.759999999999,7362.279999999999,7359.509999999999,7360.399999999999,520
2026-05-06T23:30:00+00:00,7360.399999999999,7361.029999999999,7358.7699999999995,7360.509999999999,583
2026-05-06T23:45:00+00:00,7360.509999999999,7363.0199999999995,7358.259999999999,7360.529999999999,1315
2026-05-07T00:00:00+00:00,7360.529999999999,7365.779999999999,7359.509999999999,7363.5199999999995,3352
2026-05-07T00:15:00+00:00,7363.5199999999995,7364.5199999999995,7359.259999999999,7361.0199999999995,2575
2026-05-07T00:30:00+00:00,7361.0199999999995,7363.529999999999,7359.759999999999,7363.529999999999,1503
2026-05-07T00:45:00+00:00,7363.529999999999,7366.279999999999,7362.7699999999995,7365.509999999999,999
2026-05-07T01:00:00+00:00,7365.509999999999,7366.529999999999,7361.759999999999,7365.2699999999995,1568
2026-05-07T01:15:00+00:00,7365.2699999999995,7367.279999999999,7365.009999999999,7366.639999999999,1140
2026-05-07T01:30:00+00:00,7366.639999999999,7370.259999999999,7366.259999999999,7369.5199999999995,1003
2026-05-07T01:45:00+00:00,7369.5199999999995,7373.759999999999,7369.259999999999,7370.7699999999995,788
2026-05-07T02:00:00+00:00,7370.7699999999995,7372.0199999999995,7363.759999999999,7364.279999999999,1156
2026-05-07T02:15:00+00:00,7364.279999999999,7368.779999999999,7364.0199999999995,7368.779999999999,1030
2026-05-07T02:30:00+00:00,7368.779999999999,7370.009999999999,7366.259999999999,7367.009999999999,1126
2026-05-07T02:45:00+00:00,7367.009999999999,7370.029999999999,7367.009999999999,7369.0199999999995,638
2026-05-07T03:00:00+00:00,7369.0199999999995,7369.279999999999,7367.509999999999,7368.509999999999,599
2026-05-07T03:15:00+00:00,7368.509999999999,7371.509999999999,7367.509999999999,7370.259999999999,654
2026-05-07T03:30:00+00:00,7370.259999999999,7372.029999999999,7370.0199999999995,7372.009999999999,336
2026-05-07T03:45:00+00:00,7372.009999999999,7372.529999999999,7371.009999999999,7371.2699999999995,271
2026-05-07T04:00:00+00:00,7371.2699999999995,7373.009999999999,7370.2699999999995,7372.399999999999,314
2026-05-07T04:15:00+00:00,7372.399999999999,7374.779999999999,7372.2699999999995,7374.009999999999,308
2026-05-07T04:30:00+00:00,7374.009999999999,7374.529999999999,7372.509999999999,7373.2699999999995,375
2026-05-07T04:45:00+00:00,7373.2699999999995,7374.779999999999,7372.509999999999,7374.0199999999995,407
2026-05-07T05:00:00+00:00,7374.0199999999995,7375.5199999999995,7372.779999999999,7375.0199999999995,484
2026-05-07T05:15:00+00:00,7375.0199999999995,7375.029999999999,7372.509999999999,7373.279999999999,378
2026-05-07T05:30:00+00:00,7373.279999999999,7376.279999999999,7373.279999999999,7375.5199999999995,386
2026-05-07T05:45:00+00:00,7375.5199999999995,7375.779999999999,7374.259999999999,7374.509999999999,314
2026-05-07T06:00:00+00:00,7374.509999999999,7376.279999999999,7371.389999999999,7371.529999999999,815
2026-05-07T06:15:00+00:00,7371.529999999999,7376.2699999999995,7371.0199999999995,7374.779999999999,636
2026-05-07T06:30:00+00:00,7374.779999999999,7383.529999999999,7373.759999999999,7382.129999999999,1292
2026-05-07T06:45:00+00:00,7382.129999999999,7382.279999999999,7377.5199999999995,7380.009999999999,1355
2026-05-07T07:00:00+00:00,7380.009999999999,7390.139999999999,7376.279999999999,7390.009999999999,4606
2026-05-07T07:15:00+00:00,7390.009999999999,7391.279999999999,7380.779999999999,7382.529999999999,3734
2026-05-07T07:30:00+00:00,7382.529999999999,7386.5199999999995,7381.779999999999,7384.279999999999,2194
2026-05-07T07:45:00+00:00,7384.279999999999,7384.509999999999,7379.7699999999995,7382.639999999999,1772
2026-05-07T08:00:00+00:00,7382.639999999999,7389.029999999999,7381.0199999999995,7382.759999999999,2960
2026-05-07T08:15:00+00:00,7382.759999999999,7383.0199999999995,7375.5199999999995,7378.779999999999,3630
2026-05-07T08:30:00+00:00,7378.779999999999,7380.639999999999,7376.759999999999,7377.009999999999,2055
2026-05-07T08:45:00+00:00,7377.009999999999,7379.649999999999,7374.529999999999,7376.009999999999,1780
2026-05-07T09:00:00+00:00,7376.009999999999,7376.899999999999,7373.029999999999,7375.7699999999995,2103
2026-05-07T09:15:00+00:00,7375.7699999999995,7380.029999999999,7375.7699999999995,7377.259999999999,1302
2026-05-07T09:30:00+00:00,7377.259999999999,7378.779999999999,7375.759999999999,7376.509999999999,1308
2026-05-07T09:45:00+00:00,7376.509999999999,7379.889999999999,7372.759999999999,7374.649999999999,1640
2026-05-07T10:00:00+00:00,7374.649999999999,7375.279999999999,7370.5199999999995,7374.029999999999,1600
2026-05-07T10:15:00+00:00,7374.029999999999,7377.529999999999,7372.279999999999,7375.629999999999,1190
2026-05-07T10:30:00+00:00,7375.629999999999,7379.259999999999,7374.509999999999,7378.779999999999,1557
2026-05-07T10:45:00+00:00,7378.779999999999,7379.029999999999,7375.759999999999,7376.009999999999,1089
2026-05-07T11:00:00+00:00,7376.009999999999,7379.779999999999,7376.009999999999,7377.279999999999,1942
2026-05-07T11:15:00+00:00,7377.279999999999,7377.529999999999,7373.759999999999,7374.509999999999,1701
2026-05-07T11:30:00+00:00,7374.509999999999,7378.779999999999,7373.5199999999995,7376.7699999999995,1468
2026-05-07T11:45:00+00:00,7376.7699999999995,7378.279999999999,7374.029999999999,7377.279999999999,1175
2026-05-07T12:00:00+00:00,7377.279999999999,7382.529999999999,7376.009999999999,7382.0199999999995,1209
2026-05-07T12:15:00+00:00,7382.0199999999995,7382.529999999999,7377.259999999999,7381.129999999999,1297
2026-05-07T12:30:00+00:00,7381.129999999999,7383.279999999999,7379.509999999999,7382.5199999999995,1287
2026-05-07T12:45:00+00:00,7382.5199999999995,7383.279999999999,7379.2699999999995,7382.5199999999995,1164
2026-05-07T13:00:00+00:00,7382.5199999999995,7382.629999999999,7376.509999999999,7378.0199999999995,1595
2026-05-07T13:15:00+00:00,7378.0199999999995,7382.759999999999,7378.009999999999,7380.0199999999995,1885
2026-05-07T13:30:00+00:00,7380.0199999999995,7380.569999999999,7370.8099999999995,7371.679999999999,7910
2026-05-07T13:45:00+00:00,7371.679999999999,7373.579999999999,7364.8099999999995,7368.3099999999995,8972
2026-05-07T14:00:00+00:00,7368.3099999999995,7378.069999999999,7368.069999999999,7374.069999999999,6412
2026-05-07T14:15:00+00:00,7374.069999999999,7379.329999999999,7370.429999999999,7374.569999999999,6034
2026-05-07T14:30:00+00:00,7374.569999999999,7382.329999999999,7373.819999999999,7380.8099999999995,4555
2026-05-07T14:45:00+00:00,7380.8099999999995,7390.079999999999,7379.3099999999995,7390.069999999999,3984
2026-05-07T15:00:00+00:00,7390.069999999999,7390.569999999999,7381.0599999999995,7382.079999999999,5559
2026-05-07T15:15:00+00:00,7382.079999999999,7385.079999999999,7372.3099999999995,7378.0599999999995,7213
2026-05-07T15:30:00+00:00,7378.0599999999995,7385.3099999999995,7377.5599999999995,7381.829999999999,5108
2026-05-07T15:45:00+00:00,7381.829999999999,7383.079999999999,7366.819999999999,7368.569999999999,7304
2026-05-07T16:00:00+00:00,7368.569999999999,7369.069999999999,7354.829999999999,7355.819999999999,11161
2026-05-07T16:15:00+00:00,7355.819999999999,7363.079999999999,7346.5599999999995,7362.569999999999,12012
2026-05-07T16:30:00+00:00,7362.569999999999,7367.079999999999,7354.079999999999,7356.5599999999995,7349
2026-05-07T16:45:00+00:00,7356.5599999999995,7357.569999999999,7344.929999999999,7349.069999999999,7273
2026-05-07T17:00:00+00:00,7349.069999999999,7355.44,7345.5599999999995,7348.8099999999995,7275
2026-05-07T17:15:00+00:00,7348.8099999999995,7354.0599999999995,7326.5599999999995,7334.949999999999,15362
2026-05-07T17:30:00+00:00,7334.949999999999,7345.679999999999,7330.69,7336.579999999999,13615
2026-05-07T17:45:00+00:00,7336.579999999999,7346.579999999999,7330.329999999999,7345.799999999999,10237
2026-05-07T18:00:00+00:00,7345.799999999999,7350.319999999999,7340.0599999999995,7345.319999999999,9175
2026-05-07T18:15:00+00:00,7345.319999999999,7350.929999999999,7340.569999999999,7341.819999999999,6300
2026-05-07T18:30:00+00:00,7341.819999999999,7348.329999999999,7328.44,7331.819999999999,6877
2026-05-07T18:45:00+00:00,7331.819999999999,7340.829999999999,7326.5599999999995,7340.329999999999,12107
2026-05-07T19:00:00+00:00,7340.329999999999,7344.329999999999,7335.8099999999995,7341.069999999999,7055
2026-05-07T19:15:00+00:00,7341.069999999999,7342.429999999999,7329.44,7334.569999999999,9158
2026-05-07T19:30:00+00:00,7334.569999999999,7344.079999999999,7333.329999999999,7342.069999999999,4656
2026-05-07T19:45:00+00:00,7342.069999999999,7348.079999999999,7336.329999999999,7345.329999999999,9625
2026-05-07T20:00:00+00:00,7345.329999999999,7359.0199999999995,7335.759999999999,7350.029999999999,5844
2026-05-07T20:15:00+00:00,7350.029999999999,7351.779999999999,7347.2699999999995,7349.2699999999995,1712
2026-05-07T20:30:00+00:00,7349.2699999999995,7350.779999999999,7333.029999999999,7340.759999999999,4709
2026-05-07T20:45:00+00:00,7340.759999999999,7342.509999999999,7332.0199999999995,7333.499999999999,2921
2026-05-07T22:00:00+00:00,7333.499999999999,7333.569999999999,7318.179999999999,7330.319999999999,3825
2026-05-07T22:15:00+00:00,7330.319999999999,7339.319999999999,7328.049999999999,7337.44,3174
2026-05-07T22:30:00+00:00,7337.44,7337.8099999999995,7328.069999999999,7331.799999999999,2474
2026-05-07T22:45:00+00:00,7331.799999999999,7332.569999999999,7328.049999999999,7329.8099999999995,1043
2026-05-07T23:00:00+00:00,7329.8099999999995,7333.549999999999,7328.799999999999,7331.919999999999,940
2026-05-07T23:15:00+00:00,7331.919999999999,7335.319999999999,7331.799999999999,7334.799999999999,604
2026-05-07T23:30:00+00:00,7334.799999999999,7336.929999999999,7333.44,7336.819999999999,677
2026-05-07T23:45:00+00:00,7336.819999999999,7343.3099999999995,7335.19,7343.3099999999995,1310
2026-05-08T00:00:00+00:00,7343.3099999999995,7352.8099999999995,7343.3099999999995,7350.799999999999,3182
2026-05-08T00:15:00+00:00,7350.799999999999,7350.819999999999,7346.0599999999995,7347.799999999999,2413
2026-05-08T00:30:00+00:00,7347.799999999999,7352.049999999999,7346.819999999999,7351.5599999999995,1436
2026-05-08T00:45:00+00:00,7351.5599999999995,7353.299999999999,7348.049999999999,7353.0599999999995,1324
2026-05-08T01:00:00+00:00,7353.0599999999995,7358.569999999999,7353.0599999999995,7357.549999999999,1994
2026-05-08T01:15:00+00:00,7357.549999999999,7359.569999999999,7355.549999999999,7357.3099999999995,1180
2026-05-08T01:30:00+00:00,7357.3099999999995,7358.569999999999,7356.049999999999,7357.8099999999995,1062
2026-05-08T01:45:00+00:00,7357.8099999999995,7359.8099999999995,7356.069999999999,7356.679999999999,1060
2026-05-08T02:00:00+00:00,7356.679999999999,7357.819999999999,7355.049999999999,7356.799999999999,1104
2026-05-08T02:15:00+00:00,7356.799999999999,7356.819999999999,7352.799999999999,7355.8099999999995,1474
2026-05-08T02:30:00+00:00,7355.8099999999995,7356.8099999999995,7347.5599999999995,7353.819999999999,2970
2026-05-08T02:45:00+00:00,7353.819999999999,7359.819999999999,7353.8099999999995,7355.19,1659
2026-05-08T03:00:00+00:00,7355.19,7357.3099999999995,7354.069999999999,7356.049999999999,1016
2026-05-08T03:15:00+00:00,7356.049999999999,7356.929999999999,7354.549999999999,7356.179999999999,743
2026-05-08T03:30:00+00:00,7356.179999999999,7360.069999999999,7355.549999999999,7356.8099999999995,1331
2026-05-08T03:45:00+00:00,7356.8099999999995,7359.319999999999,7355.569999999999,7358.549999999999,902
2026-05-08T04:00:00+00:00,7358.549999999999,7360.069999999999,7357.299999999999,7357.819999999999,948
2026-05-08T04:15:00+00:00,7357.819999999999,7359.5599999999995,7355.799999999999,7358.299999999999,986
2026-05-08T04:30:00+00:00,7358.299999999999,7359.319999999999,7355.5599999999995,7356.799999999999,821
2026-05-08T04:45:00+00:00,7356.799999999999,7362.679999999999,7356.299999999999,7359.569999999999,786
2026-05-08T05:00:00+00:00,7359.569999999999,7362.049999999999,7359.049999999999,7360.8099999999995,1126
2026-05-08T05:15:00+00:00,7360.8099999999995,7362.569999999999,7360.549999999999,7362.069999999999,727
2026-05-08T05:30:00+00:00,7362.069999999999,7365.799999999999,7361.799999999999,7363.799999999999,1333
2026-05-08T05:45:00+00:00,7363.799999999999,7364.819999999999,7362.549999999999,7363.069999999999,809
2026-05-08T06:00:00+00:00,7363.069999999999,7367.069999999999,7359.549999999999,7365.549999999999,2063
2026-05-08T06:15:00+00:00,7365.549999999999,7369.19,7364.799999999999,7368.049999999999,1238
2026-05-08T06:30:00+00:00,7368.049999999999,7368.819999999999,7365.049999999999,7367.299999999999,1703
2026-05-08T06:45:00+00:00,7367.299999999999,7369.069999999999,7365.0599999999995,7368.569999999999,1138
2026-05-08T07:00:00+00:00,7368.569999999999,7368.569999999999,7361.329999999999,7362.069999999999,3006
2026-05-08T07:15:00+00:00,7362.069999999999,7366.569999999999,7361.549999999999,7365.319999999999,2875
2026-05-08T07:30:00+00:00,7365.319999999999,7366.3099999999995,7362.299999999999,7365.319999999999,2150
2026-05-08T07:45:00+00:00,7365.319999999999,7369.0599999999995,7364.549999999999,7367.69,1895
2026-05-08T08:00:00+00:00,7367.69,7373.319999999999,7366.549999999999,7370.0599999999995,2269
2026-05-08T08:15:00+00:00,7370.0599999999995,7374.3099999999995,7369.799999999999,7373.069999999999,1675
2026-05-08T08:30:00+00:00,7373.069999999999,7374.069999999999,7371.049999999999,7372.0599999999995,1271
2026-05-08T08:45:00+00:00,7372.0599999999995,7374.8099999999995,7370.799999999999,7374.19,1488
2026-05-08T09:00:00+00:00,7374.19,7380.069999999999,7373.5599999999995,7379.799999999999,1106
2026-05-08T09:15:00+00:00,7379.799999999999,7382.319999999999,7378.569999999999,7380.319999999999,780
2026-05-08T09:30:00+00:00,7380.319999999999,7380.319999999999,7376.799999999999,7376.819999999999,1035
2026-05-08T09:45:00+00:00,7376.819999999999,7377.069999999999,7370.919999999999,7375.049999999999,1691
2026-05-08T10:00:00+00:00,7375.049999999999,7377.569999999999,7374.799999999999,7375.919999999999,1006
2026-05-08T10:15:00+00:00,7375.919999999999,7378.819999999999,7375.5599999999995,7376.569999999999,921
2026-05-08T10:30:00+00:00,7376.569999999999,7380.069999999999,7376.069999999999,7378.319999999999,822
2026-05-08T10:45:00+00:00,7378.319999999999,7378.319999999999,7371.319999999999,7376.5599999999995,2182
2026-05-08T11:00:00+00:00,7376.5599999999995,7380.319999999999,7376.5599999999995,7379.549999999999,1725
2026-05-08T11:15:00+00:00,7379.549999999999,7380.569999999999,7377.049999999999,7380.049999999999,1191
2026-05-08T11:30:00+00:00,7380.049999999999,7381.819999999999,7379.299999999999,7380.049999999999,975
2026-05-08T11:45:00+00:00,7380.049999999999,7382.19,7379.299999999999,7380.319999999999,980
2026-05-08T12:00:00+00:00,7380.319999999999,7381.8099999999995,7378.799999999999,7379.319999999999,1648
2026-05-08T12:15:00+00:00,7379.319999999999,7381.69,7377.0599999999995,7380.079999999999,1643
2026-05-08T12:30:00+00:00,7380.079999999999,7392.819999999999,7380.079999999999,7388.5599999999995,5298
2026-05-08T12:45:00+00:00,7388.5599999999995,7388.569999999999,7375.049999999999,7378.549999999999,4484
2026-05-08T13:00:00+00:00,7378.549999999999,7381.069999999999,7369.299999999999,7373.0599999999995,5152
2026-05-08T13:15:00+00:00,7373.0599999999995,7377.569999999999,7371.0599999999995,7376.319999999999,3491
2026-05-08T13:30:00+00:00,7376.319999999999,7381.489999999999,7372.339999999999,7379.849999999999,12128
2026-05-08T13:45:00+00:00,7379.849999999999,7394.23,7379.849999999999,7394.23,8563
2026-05-08T14:00:00+00:00,7394.23,7396.369999999999,7389.869999999999,7395.609999999999,9424
2026-05-08T14:15:00+00:00,7395.609999999999,7403.119999999999,7393.099999999999,7395.599999999999,6537
2026-05-08T14:30:00+00:00,7395.599999999999,7399.119999999999,7388.619999999999,7399.109999999999,6646
2026-05-08T14:45:00+00:00,7399.109999999999,7402.219999999999,7397.349999999999,7398.369999999999,3891
2026-05-08T15:00:00+00:00,7398.369999999999,7401.119999999999,7392.099999999999,7393.099999999999,5063
2026-05-08T15:15:00+00:00,7393.099999999999,7397.109999999999,7387.849999999999,7396.349999999999,5417
2026-05-08T15:30:00+00:00,7396.349999999999,7401.109999999999,7390.349999999999,7394.849999999999,6550
2026-05-08T15:45:00+00:00,7394.849999999999,7400.869999999999,7393.609999999999,7396.349999999999,3907
2026-05-08T16:00:00+00:00,7396.349999999999,7402.619999999999,7396.099999999999,7401.099999999999,3360
2026-05-08T16:15:00+00:00,7401.099999999999,7404.619999999999,7399.599999999999,7402.869999999999,2487
2026-05-08T16:30:00+00:00,7402.869999999999,7403.619999999999,7395.609999999999,7395.619999999999,2765
2026-05-08T16:45:00+00:00,7395.619999999999,7400.619999999999,7395.599999999999,7396.369999999999,3428
2026-05-08T17:00:00+00:00,7396.369999999999,7403.369999999999,7395.329999999999,7398.869999999999,3600
2026-05-08T17:15:00+00:00,7398.869999999999,7405.369999999999,7398.849999999999,7404.109999999999,2524
2026-05-08T17:30:00+00:00,7404.109999999999,7406.369999999999,7399.849999999999,7400.109999999999,1897
2026-05-08T17:45:00+00:00,7400.109999999999,7403.359999999999,7397.869999999999,7399.119999999999,2340
2026-05-08T18:00:00+00:00,7399.119999999999,7408.369999999999,7398.849999999999,7405.349999999999,5319
2026-05-08T18:15:00+00:00,7405.349999999999,7407.099999999999,7403.849999999999,7404.619999999999,1974
2026-05-08T18:30:00+00:00,7404.619999999999,7407.119999999999,7399.599999999999,7399.859999999999,1545
2026-05-08T18:45:00+00:00,7399.859999999999,7399.869999999999,7388.119999999999,7391.109999999999,3693
2026-05-08T19:00:00+00:00,7391.109999999999,7397.859999999999,7390.599999999999,7395.359999999999,2559
2026-05-08T19:15:00+00:00,7395.359999999999,7399.119999999999,7393.099999999999,7393.359999999999,1981
2026-05-08T19:30:00+00:00,7393.359999999999,7401.109999999999,7392.099999999999,7400.359999999999,2631
2026-05-08T19:45:00+00:00,7400.359999999999,7402.369999999999,7397.599999999999,7401.619999999999,4690
2026-05-08T20:00:00+00:00,7401.619999999999,7405.179999999999,7399.049999999999,7401.0599999999995,1731
2026-05-08T20:15:00+00:00,7401.0599999999995,7402.14,7397.63,7401.39,478
2026-05-08T20:30:00+00:00,7401.39,7402.4,7400.13,7401.65,267
2026-05-10T22:00:00+00:00,7401.65,7401.65,7375.74,7381.49,4042
2026-05-10T22:15:00+00:00,7381.49,7382.13,7372.37,7381.61,2412
2026-05-10T22:30:00+00:00,7381.61,7381.76,7377.24,7380.51,1019
2026-05-10T22:45:00+00:00,7380.51,7388.01,7380.24,7386.26,781
2026-05-10T23:00:00+00:00,7386.26,7390.76,7385.13,7388.24,1344
2026-05-10T23:15:00+00:00,7388.24,7391,7385.37,7385.86,820
2026-05-10T23:30:00+00:00,7385.86,7387.01,7383.74,7385.76,1150
2026-05-10T23:45:00+00:00,7385.76,7387.26,7383.24,7384.51,1934
2026-05-11T00:00:00+00:00,7384.51,7390.75,7384.24,7390.01,3437
2026-05-11T00:15:00+00:00,7390.01,7393.01,7387.24,7392.26,2466
2026-05-11T00:30:00+00:00,7392.26,7394.51,7392.24,7393,1117
2026-05-11T00:45:00+00:00,7393,7393.26,7378.88,7384.24,6186
2026-05-11T01:00:00+00:00,7384.24,7387.26,7379.76,7386.51,5093
2026-05-11T01:15:00+00:00,7386.51,7392.26,7384.99,7390.26,2710
2026-05-11T01:30:00+00:00,7390.26,7391.01,7387.51,7390.5,2954
2026-05-11T01:45:00+00:00,7390.5,7393.26,7389.5,7392.99,2133
2026-05-11T02:00:00+00:00,7392.99,7394.76,7391.24,7393.49,1839
2026-05-11T02:15:00+00:00,7393.49,7395.51,7391.99,7395.01,1118
2026-05-11T02:30:00+00:00,7395.01,7396.25,7392.24,7394.49,1230
2026-05-11T02:45:00+00:00,7394.49,7395.5,7392.74,7393,714
2026-05-11T03:00:00+00:00,7393,7393.0199999999995,7389.139999999999,7392.389999999999,1388.96396822892
2026-05-11T03:15:00+00:00,7392.389999999999,7395.15,7390.629999999999,7394.65,1283
2026-05-11T03:30:00+00:00,7394.65,7397.15,7393.749999999999,7396.629999999999,1218
2026-05-11T03:45:00+00:00,7396.629999999999,7396.629999999999,7392.889999999999,7392.9,546
2026-05-11T04:00:00+00:00,7392.9,7393.15,7388.629999999999,7391.5199999999995,1003
2026-05-11T04:15:00+00:00,7391.5199999999995,7394.4,7391.379999999999,7393.379999999999,483
2026-05-11T04:30:00+00:00,7393.379999999999,7394.15,7392.879999999999,7393.129999999999,420
2026-05-11T04:45:00+00:00,7393.129999999999,7394.9,7392.4,7394.629999999999,440
2026-05-11T05:00:00+00:00,7394.629999999999,7395.65,7393.629999999999,7394.389999999999,556
2026-05-11T05:15:00+00:00,7394.389999999999,7396.65,7393.639999999999,7395.65,840
2026-05-11T05:30:00+00:00,7395.65,7396.65,7392.139999999999,7392.65,930
2026-05-11T05:45:00+00:00,7392.65,7394.389999999999,7391.889999999999,7392.4,1024
2026-05-11T06:00:00+00:00,7392.4,7396.389999999999,7392.129999999999,7395.4,1149
2026-05-11T06:15:00+00:00,7395.4,7397.879999999999,7393.129999999999,7396.629999999999,1009
2026-05-11T06:30:00+00:00,7396.629999999999,7396.9,7391.879999999999,7392.879999999999,1208
2026-05-11T06:45:00+00:00,7392.879999999999,7395.4,7391.379999999999,7394.639999999999,1047
2026-05-11T07:00:00+00:00,7394.639999999999,7395.629999999999,7391.879999999999,7392.379999999999,2348
2026-05-11T07:15:00+00:00,7392.379999999999,7395.139999999999,7391.879999999999,7393.639999999999,1627
2026-05-11T07:30:00+00:00,7393.639999999999,7396.65,7391.879999999999,7393.639999999999,1572
2026-05-11T07:45:00+00:00,7393.639999999999,7396.129999999999,7393.629999999999,7395.9,1042
2026-05-11T08:00:00+00:00,7395.9,7398.4,7391.879999999999,7394.15,2582
2026-05-11T08:15:00+00:00,7394.15,7399.5199999999995,7393.9,7394.139999999999,1951
2026-05-11T08:30:00+00:00,7394.139999999999,7396.889999999999,7393.629999999999,7396.379999999999,1981
2026-05-11T08:45:00+00:00,7396.379999999999,7398.15,7395.629999999999,7395.629999999999,1301
2026-05-11T09:00:00+00:00,7395.629999999999,7399.4,7394.629999999999,7396.379999999999,1527
2026-05-11T09:15:00+00:00,7396.379999999999,7399.9,7395.879999999999,7398.4,1115
2026-05-11T09:30:00+00:00,7398.4,7401.15,7398.129999999999,7400.889999999999,877
2026-05-11T09:45:00+00:00,7400.889999999999,7402.15,7396.629999999999,7396.629999999999,1362
2026-05-11T10:00:00+00:00,7396.629999999999,7398.65,7395.879999999999,7397.379999999999,1072
2026-05-11T10:15:00+00:00,7397.379999999999,7398.15,7395.879999999999,7396.629999999999,845
2026-05-11T10:30:00+00:00,7396.629999999999,7397.15,7392.879999999999,7395.4,1231
2026-05-11T10:45:00+00:00,7395.4,7395.9,7393.009999999999,7394.129999999999,1146
2026-05-11T11:00:00+00:00,7394.129999999999,7397.4,7393.629999999999,7395.639999999999,1464
2026-05-11T11:15:00+00:00,7395.639999999999,7399.65,7394.629999999999,7398.9,1330
2026-05-11T11:30:00+00:00,7398.9,7401.9,7396.9,7397.15,1722
2026-05-11T11:45:00+00:00,7397.15,7397.15,7392.379999999999,7395.639999999999,1610
2026-05-11T12:00:00+00:00,7395.639999999999,7397.65,7390.639999999999,7391.879999999999,1940
2026-05-11T12:15:00+00:00,7391.879999999999,7393.9,7390.129999999999,7393.389999999999,1876
2026-05-11T12:30:00+00:00,7393.389999999999,7396.15,7390.389999999999,7390.629999999999,1720
2026-05-11T12:45:00+00:00,7390.629999999999,7392.889999999999,7384.419999999999,7390.639999999999,3782
2026-05-11T13:00:00+00:00,7390.639999999999,7394.4,7388.379999999999,7393.889999999999,1998
2026-05-11T13:15:00+00:00,7393.889999999999,7395.7699999999995,7390.879999999999,7391.639999999999,1751
2026-05-11T13:30:00+00:00,7391.639999999999,7411.44,7391.639999999999,7411.19,11529
2026-05-11T13:45:00+00:00,7411.19,7418.95,7410.679999999999,7414.45,7230
2026-05-11T14:00:00+00:00,7414.45,7418.2,7412.429999999999,7418.2,5135
2026-05-11T14:15:00+00:00,7418.2,7423.7,7411.929999999999,7412.19,4377
2026-05-11T14:30:00+00:00,7412.19,7418.95,7403.429999999999,7417.429999999999,9513
2026-05-11T14:45:00+00:00,7417.429999999999,7427.69,7414.2,7424.69,4771
2026-05-11T15:00:00+00:00,7424.69,7425.7,7418.44,7419.179999999999,2971
2026-05-11T15:15:00+00:00,7419.179999999999,7428.95,7417.679999999999,7428.7,2770
2026-05-11T15:30:00+00:00,7428.7,7429.95,7424.929999999999,7426.57,3220
2026-05-11T15:45:00+00:00,7426.57,7431.45,7425.179999999999,7430.179999999999,3088
2026-05-11T16:00:00+00:00,7430.179999999999,7431.2,7428.179999999999,7429.19,1404
2026-05-11T16:15:00+00:00,7429.19,7432.2,7427.19,7431.19,1369
2026-05-11T16:30:00+00:00,7431.19,7432.19,7416.179999999999,7424.69,4643
2026-05-11T16:45:00+00:00,7424.69,7426.95,7418.45,7421.2,4006
2026-05-11T17:00:00+00:00,7421.2,7424.7,7417.929999999999,7418.45,2774
2026-05-11T17:15:00+00:00,7418.45,7426.7,7416.429999999999,7425.94,3158
2026-05-11T17:30:00+00:00,7425.94,7434.94,7425.679999999999,7434.429999999999,2045
2026-05-11T17:45:00+00:00,7434.429999999999,7436.429999999999,7429.429999999999,7429.929999999999,1621
2026-05-11T18:00:00+00:00,7429.929999999999,7434.45,7429.679999999999,7431.44,1540
2026-05-11T18:15:00+00:00,7431.44,7433.2,7428.679999999999,7431.45,1707
2026-05-11T18:30:00+00:00,7431.45,7431.45,7423.95,7425.549999999999,1964
2026-05-11T18:45:00+00:00,7425.549999999999,7425.95,7412.94,7413.2,3254
2026-05-11T19:00:00+00:00,7413.2,7419.7,7409.929999999999,7415.69,4957
2026-05-11T19:15:00+00:00,7415.69,7415.95,7409.429999999999,7413.07,3146
2026-05-11T19:30:00+00:00,7413.07,7416.95,7409.94,7410.2,2791
2026-05-11T19:45:00+00:00,7410.2,7420.69,7409.429999999999,7420.44,4418
2026-05-11T20:00:00+00:00,7420.44,7421.9,7408.129999999999,7416.379999999999,3366
2026-05-11T20:15:00+00:00,7416.379999999999,7417.389999999999,7413.379999999999,7416.129999999999,1233
2026-05-11T20:30:00+00:00,7416.129999999999,7418.4,7415.879999999999,7417.4,590
2026-05-11T20:45:00+00:00,7417.4,7418.639999999999,7415.129999999999,7416.73,556
2026-05-11T22:00:00+00:00,7416.73,7422.86,7416.61,7422.709999999999,957
2026-05-11T22:15:00+00:00,7422.709999999999,7424.23,7422.089999999999,7423.469999999999,405
2026-05-11T22:30:00+00:00,7423.469999999999,7425.599999999999,7423.209999999999,7425.339999999999,298
2026-05-11T22:45:00+00:00,7425.339999999999,7425.86,7422.849999999999,7423.349999999999,293.08636445081527
2026-05-11T23:00:00+00:00,7423.349999999999,7423.86,7422.589999999999,7422.849999999999,319
2026-05-11T23:15:00+00:00,7422.849999999999,7423.839999999999,7420.839999999999,7423.61,382
2026-05-11T23:30:00+00:00,7423.61,7423.86,7421.839999999999,7422.719999999999,305.5502533783784
2026-05-11T23:45:00+00:00,7422.719999999999,7422.839999999999,7418.589999999999,7420.839999999999,888
2026-05-12T00:00:00+00:00,7420.839999999999,7421.089999999999,7414.11,7415.23,3817
2026-05-12T00:15:00+00:00,7415.23,7416.849999999999,7410.849999999999,7414.089999999999,2070
2026-05-12T00:30:00+00:00,7414.089999999999,7416.61,7411.589999999999,7412.599999999999,1583
2026-05-12T00:45:00+00:00,7412.599999999999,7414.11,7411.599999999999,7412.099999999999,709
2026-05-12T01:00:00+00:00,7412.099999999999,7414.219999999999,7411.089999999999,7412.36,1421
2026-05-12T01:15:00+00:00,7412.36,7412.36,7405.369999999999,7406.61,2492
2026-05-12T01:30:00+00:00,7406.61,7407.61,7393.339999999999,7398.839999999999,5712
2026-05-12T01:45:00+00:00,7398.839999999999,7403.969999999999,7398.349999999999,7401.23,5113
2026-05-12T02:00:00+00:00,7401.23,7411.11,7399.839999999999,7410.089999999999,3786
2026-05-12T02:15:00+00:00,7410.089999999999,7410.36,7405.599999999999,7408.11,2434
2026-05-12T02:30:00+00:00,7408.11,7409.11,7405.36,7407.11,1858
2026-05-12T02:45:00+00:00,7407.11,7412.86,7407.11,7411.589999999999,1496
2026-05-12T03:00:00+00:00,7411.589999999999,7412.61,7407.36,7409.61,1829
2026-05-12T03:15:00+00:00,7409.61,7409.86,7408.089999999999,7409.089999999999,683
2026-05-12T03:30:00+00:00,7409.089999999999,7411.849999999999,7409.089999999999,7410.86,707
2026-05-12T03:45:00+00:00,7410.86,7411.349999999999,7406.48,7407.589999999999,862
2026-05-12T04:00:00+00:00,7407.589999999999,7409.849999999999,7406.589999999999,7407.36,1031
2026-05-12T04:15:00+00:00,7407.36,7409.86,7407.089999999999,7408.11,910
2026-05-12T04:30:00+00:00,7408.11,7409.61,7407.339999999999,7409.349999999999,563
2026-05-12T04:45:00+00:00,7409.349999999999,7409.849999999999,7402.86,7403.089999999999,1228
2026-05-12T05:00:00+00:00,7403.089999999999,7405.61,7401.48,7402.349999999999,1557
2026-05-12T05:15:00+00:00,7402.349999999999,7406.469999999999,7400.599999999999,7405.099999999999,1629
2026-05-12T05:30:00+00:00,7405.099999999999,7405.61,7401.089999999999,7402.089999999999,1231
2026-05-12T05:45:00+00:00,7402.089999999999,7406.36,7402.089999999999,7403.849999999999,1705
2026-05-12T06:00:00+00:00,7403.849999999999,7404.86,7400.089999999999,7401.86,2261
2026-05-12T06:15:00+00:00,7401.86,7403.11,7397.339999999999,7398.11,1573
2026-05-12T06:30:00+00:00,7398.11,7399.099999999999,7394.339999999999,7396.099999999999,1254
2026-05-12T06:45:00+00:00,7396.099999999999,7397.36,7390.349999999999,7391.089999999999,1616
2026-05-12T07:00:00+00:00,7391.089999999999,7392.849999999999,7384.589999999999,7391.849999999999,3262
2026-05-12T07:15:00+00:00,7391.849999999999,7398.589999999999,7391.589999999999,7394.959999999999,2414
2026-05-12T07:30:00+00:00,7394.959999999999,7399.36,7394.599999999999,7397.36,1995
2026-05-12T07:45:00+00:00,7397.36,7399.61,7395.589999999999,7398.209999999999,1562
2026-05-12T08:00:00+00:00,7398.209999999999,7398.86,7389.73,7389.849999999999,3132
2026-05-12T08:15:00+00:00,7389.849999999999,7393.61,7387.839999999999,7392.589999999999,2752
2026-05-12T08:30:00+00:00,7392.589999999999,7393.599999999999,7388.589999999999,7389.219999999999,2022
2026-05-12T08:45:00+00:00,7389.219999999999,7391.86,7388.089999999999,7391.86,2145
2026-05-12T09:00:00+00:00,7391.86,7393.589999999999,7385.36,7390.599999999999,2436
2026-05-12T09:15:00+00:00,7390.599999999999,7393.61,7388.36,7391.839999999999,1562
2026-05-12T09:30:00+00:00,7391.839999999999,7398.61,7391.839999999999,7392.36,3836
2026-05-12T09:45:00+00:00,7392.36,7395.36,7391.589999999999,7393.86,1403
2026-05-12T10:00:00+00:00,7393.86,7398.36,7393.589999999999,7397.48,1462
2026-05-12T10:15:00+00:00,7397.48,7397.599999999999,7392.36,7394.61,1082
2026-05-12T10:30:00+00:00,7394.61,7395.11,7390.089999999999,7391.86,1608
2026-05-12T10:45:00+00:00,7391.86,7394.36,7389.099999999999,7394.099999999999,1535
2026-05-12T11:00:00+00:00,7394.099999999999,7395.86,7384.339999999999,7387.349999999999,4341
2026-05-12T11:15:00+00:00,7387.349999999999,7388.61,7384.849999999999,7388.349999999999,2233
2026-05-12T11:30:00+00:00,7388.349999999999,7393.98,7387.849999999999,7391.339999999999,1725
2026-05-12T11:45:00+00:00,7391.339999999999,7393.36,7389.839999999999,7390.11,1230
2026-05-12T12:00:00+00:00,7390.11,7390.599999999999,7384.339999999999,7389.709999999999,2155
2026-05-12T12:15:00+00:00,7389.709999999999,7390.089999999999,7385.089999999999,7388.119999999999,2253
2026-05-12T12:30:00+00:00,7388.119999999999,7398.61,7381.089999999999,7396.61,7313
2026-05-12T12:45:00+00:00,7396.61,7402.86,7396.349999999999,7401.599999999999,2855
2026-05-12T13:00:00+00:00,7401.599999999999,7403.11,7398.099999999999,7400.599999999999,2904
2026-05-12T13:15:00+00:00,7400.599999999999,7400.599999999999,7395.089999999999,7396.599999999999,2566
2026-05-12T13:30:00+00:00,7396.599999999999,7399.9,7382.639999999999,7394.65,15163
2026-05-12T13:45:00+00:00,7394.65,7396.4,7375.869999999999,7378.41,14905
2026-05-12T14:00:00+00:00,7378.41,7388.91,7373.639999999999,7388.41,17796
2026-05-12T14:15:00+00:00,7388.41,7390.91,7372.889999999999,7376.65,9331
2026-05-12T14:30:00+00:00,7376.65,7379.389999999999,7362.36,7373.41,15083
2026-05-12T14:45:00+00:00,7373.41,7373.66,7363.9,7365.16,9139
2026-05-12T15:00:00+00:00,7365.16,7367.91,7359.139999999999,7359.66,8917
2026-05-12T15:15:00+00:00,7359.66,7359.9,7345.639999999999,7350.389999999999,10029
2026-05-12T15:30:00+00:00,7350.389999999999,7362.91,7348.4,7362.65,10327
2026-05-12T15:45:00+00:00,7362.65,7364.91,7351.139999999999,7352.28,7228
2026-05-12T16:00:00+00:00,7352.28,7362.16,7348.639999999999,7360.889999999999,7181
2026-05-12T16:15:00+00:00,7360.889999999999,7361.66,7353.139999999999,7354.889999999999,6376
2026-05-12T16:30:00+00:00,7354.889999999999,7357.9,7349.389999999999,7351.65,6390
2026-05-12T16:45:00+00:00,7351.65,7353.41,7345.889999999999,7348.639999999999,6526
2026-05-12T17:00:00+00:00,7348.639999999999,7361.41,7347.509999999999,7360.65,6740
2026-05-12T17:15:00+00:00,7360.65,7377.78,7360.4,7370.889999999999,6092
2026-05-12T17:30:00+00:00,7370.889999999999,7377.41,7368.889999999999,7375.4,4744
2026-05-12T17:45:00+00:00,7375.4,7379.66,7371.379999999999,7378.139999999999,4101
2026-05-12T18:00:00+00:00,7378.139999999999,7380.16,7374.139999999999,7378.139999999999,4918
2026-05-12T18:15:00+00:00,7378.139999999999,7392.16,7377.4,7389.16,4266
2026-05-12T18:30:00+00:00,7389.16,7392.16,7385.889999999999,7389.66,3608
2026-05-12T18:45:00+00:00,7389.66,7392.66,7384.889999999999,7387.41,3848
2026-05-12T19:00:00+00:00,7387.41,7400.889999999999,7386.889999999999,7398.66,3739
2026-05-12T19:15:00+00:00,7398.66,7401.91,7392.639999999999,7398.15,3842
2026-05-12T19:30:00+00:00,7398.15,7408.16,7398.15,7407.139999999999,3289
2026-05-12T19:45:00+00:00,7407.139999999999,7416.16,7404.889999999999,7410.15,6626
2026-05-12T20:00:00+00:00,7410.15,7410.599999999999,7397.849999999999,7402.099999999999,2325
2026-05-12T20:15:00+00:00,7402.099999999999,7404.11,7398.589999999999,7401.589999999999,969
2026-05-12T20:30:00+00:00,7401.589999999999,7403.099999999999,7398.339999999999,7402.099999999999,586
2026-05-12T20:45:00+00:00,7402.099999999999,7404.589999999999,7401.599999999999,7402.8099999999995,268.0149047289176
2026-05-12T22:00:00+00:00,7402.8099999999995,7407.619999999999,7401.969999999999,7405.599999999999,1338
2026-05-12T22:15:00+00:00,7405.599999999999,7410.119999999999,7405.36,7408.219999999999,614
2026-05-12T22:30:00+00:00,7408.219999999999,7409.369999999999,7407.099999999999,7407.369999999999,494
2026-05-12T22:45:00+00:00,7407.369999999999,7408.619999999999,7404.36,7404.49,573
2026-05-12T23:00:00+00:00,7404.49,7406.119999999999,7401.619999999999,7403.099999999999,1027
2026-05-12T23:15:00+00:00,7403.099999999999,7404.349999999999,7401.349999999999,7402.11,684
2026-05-12T23:30:00+00:00,7402.11,7402.119999999999,7394.849999999999,7395.74,1147
2026-05-12T23:45:00+00:00,7395.74,7399.099999999999,7394.469999999999,7394.619999999999,1388
2026-05-13T00:00:00+00:00,7394.619999999999,7399.369999999999,7392.849999999999,7395.369999999999,5975
2026-05-13T00:15:00+00:00,7395.369999999999,7405.869999999999,7394.849999999999,7400.11,4617
2026-05-13T00:30:00+00:00,7400.11,7404.599999999999,7397.599999999999,7402.61,3249
2026-05-13T00:45:00+00:00,7402.61,7403.869999999999,7398.369999999999,7403.099999999999,2614
2026-05-13T01:00:00+00:00,7403.099999999999,7408.619999999999,7402.619999999999,7407.61,2181
2026-05-13T01:15:00+00:00,7407.61,7409.619999999999,7404.469999999999,7409.599999999999,2207
2026-05-13T01:30:00+00:00,7409.599999999999,7412.619999999999,7407.599999999999,7412.099999999999,2110
2026-05-13T01:45:00+00:00,7412.099999999999,7419.11,7411.099999999999,7411.619999999999,2160
2026-05-13T02:00:00+00:00,7411.619999999999,7413.869999999999,7408.099999999999,7410.369999999999,1795
2026-05-13T02:15:00+00:00,7410.369999999999,7414.119999999999,7409.719999999999,7413.869999999999,1128
2026-05-13T02:30:00+00:00,7413.869999999999,7414.869999999999,7411.849999999999,7412.369999999999,543
2026-05-13T02:45:00+00:00,7412.369999999999,7413.119999999999,7410.849999999999,7411.869999999999,1105
2026-05-13T03:00:00+00:00,7411.869999999999,7412.349999999999,7408.349999999999,7408.599999999999,1600
2026-05-13T03:15:00+00:00,7408.599999999999,7413.619999999999,7408.349999999999,7413.619999999999,1089
2026-05-13T03:30:00+00:00,7413.619999999999,7418.619999999999,7413.61,7418.099999999999,944
2026-05-13T03:45:00+00:00,7418.099999999999,7418.119999999999,7415.849999999999,7416.869999999999,695
2026-05-13T04:00:00+00:00,7416.869999999999,7418.369999999999,7416.099999999999,7417.599999999999,625
2026-05-13T04:15:00+00:00,7417.599999999999,7419.119999999999,7416.869999999999,7418.369999999999,394
2026-05-13T04:30:00+00:00,7418.369999999999,7420.119999999999,7415.849999999999,7418.619999999999,766
2026-05-13T04:45:00+00:00,7418.619999999999,7421.119999999999,7418.349999999999,7420.099999999999,665
2026-05-13T05:00:00+00:00,7420.099999999999,7423.619999999999,7418.349999999999,7421.86,1157
2026-05-13T05:15:00+00:00,7421.86,7424.219999999999,7420.349999999999,7422.86,749
2026-05-13T05:30:00+00:00,7422.86,7423.869999999999,7420.869999999999,7421.74,799
2026-05-13T05:45:00+00:00,7421.74,7422.619999999999,7420.849999999999,7422.119999999999,782
2026-05-13T06:00:00+00:00,7422.119999999999,7424.369999999999,7421.119999999999,7424.11,836
2026-05-13T06:15:00+00:00,7424.11,7426.369999999999,7421.099999999999,7421.61,1576
2026-05-13T06:30:00+00:00,7421.61,7422.869999999999,7420.599999999999,7420.869999999999,922
2026-05-13T06:45:00+00:00,7420.869999999999,7420.869999999999,7417.099999999999,7420.11,1102
2026-05-13T07:00:00+00:00,7420.11,7421.86,7416.869999999999,7419.719999999999,2419
2026-05-13T07:15:00+00:00,7419.719999999999,7420.869999999999,7418.849999999999,7420.619999999999,1534
2026-05-13T07:30:00+00:00,7420.619999999999,7427.619999999999,7419.619999999999,7426.86,1664
2026-05-13T07:45:00+00:00,7426.86,7429.11,7425.349999999999,7427.73,1342
2026-05-13T08:00:00+00:00,7427.73,7434.369999999999,7426.719999999999,7434.099999999999,2431
2026-05-13T08:15:00+00:00,7434.099999999999,7435.869999999999,7433.369999999999,7435.11,1649
2026-05-13T08:30:00+00:00,7435.11,7436.74,7434.119999999999,7435.119999999999,991
2026-05-13T08:45:00+00:00,7435.119999999999,7435.369999999999,7428.849999999999,7430.119999999999,1847
2026-05-13T09:00:00+00:00,7430.119999999999,7430.369999999999,7424.119999999999,7424.86,1745
2026-05-13T09:15:00+00:00,7424.86,7426.619999999999,7423.099999999999,7424.11,1650
2026-05-13T09:30:00+00:00,7424.11,7428.619999999999,7422.11,7428.119999999999,2155
2026-05-13T09:45:00+00:00,7428.119999999999,7430.369999999999,7426.599999999999,7429.849999999999,1296
2026-05-13T10:00:00+00:00,7429.849999999999,7431.849999999999,7424.599999999999,7426.369999999999,1845
2026-05-13T10:15:00+00:00,7426.369999999999,7428.869999999999,7424.36,7425.219999999999,2346
2026-05-13T10:30:00+00:00,7425.219999999999,7426.619999999999,7421.86,7426.349999999999,1787
2026-05-13T10:45:00+00:00,7426.349999999999,7427.86,7423.849999999999,7425.369999999999,812
2026-05-13T11:00:00+00:00,7425.369999999999,7427.869999999999,7421.349999999999,7423.48,2249
2026-05-13T11:15:00+00:00,7423.48,7424.619999999999,7421.099999999999,7423.36,1431
2026-05-13T11:30:00+00:00,7423.36,7427.119999999999,7422.369999999999,7424.849999999999,1655
2026-05-13T11:45:00+00:00,7424.849999999999,7425.619999999999,7422.61,7424.119999999999,1481
2026-05-13T12:00:00+00:00,7424.119999999999,7429.099999999999,7423.099999999999,7423.619999999999,1404
2026-05-13T12:15:00+00:00,7423.619999999999,7424.119999999999,7415.099999999999,7421.48,2399
2026-05-13T12:30:00+00:00,7421.48,7421.48,7399.11,7405.369999999999,10037
2026-05-13T12:45:00+00:00,7405.369999999999,7407.369999999999,7400.599999999999,7403.849999999999,4800
2026-05-13T13:00:00+00:00,7403.849999999999,7415.11,7403.849999999999,7414.119999999999,3113
2026-05-13T13:15:00+00:00,7414.119999999999,7417.619999999999,7411.099999999999,7412.349999999999,2705
2026-05-13T13:30:00+00:00,7412.349999999999,7412.419999999999,7392.4,7396.16,14786
2026-05-13T13:45:00+00:00,7396.16,7399.669999999999,7381.9,7396.15,16504
2026-05-13T14:00:00+00:00,7396.15,7403.919999999999,7394.91,7403.16,14007
2026-05-13T14:15:00+00:00,7403.16,7414.669999999999,7398.65,7410.169999999999,8907
2026-05-13T14:30:00+00:00,7410.169999999999,7414.419999999999,7404.669999999999,7411.15,7975
2026-05-13T14:45:00+00:00,7411.15,7417.169999999999,7408.15,7415.669999999999,5083
2026-05-13T15:00:00+00:00,7415.669999999999,7420.91,7414.15,7416.91,4478
2026-05-13T15:15:00+00:00,7416.91,7421.16,7416.4,7419.91,3368
2026-05-13T15:30:00+00:00,7419.91,7429.91,7416.66,7428.4,4210
2026-05-13T15:45:00+00:00,7428.4,7428.669999999999,7422.65,7424.66,3295
2026-05-13T16:00:00+00:00,7424.66,7434.419999999999,7422.65,7433.91,3173
2026-05-13T16:15:00+00:00,7433.91,7447.419999999999,7432.4,7445.169999999999,6439
2026-05-13T16:30:00+00:00,7445.169999999999,7446.4,7441.65,7443.66,4278
2026-05-13T16:45:00+00:00,7443.66,7450.669999999999,7441.9,7448.15,3200
2026-05-13T17:00:00+00:00,7448.15,7456.669999999999,7448.15,7454.15,3369
2026-05-13T17:15:00+00:00,7454.15,7455.669999999999,7450.65,7453.65,2286
2026-05-13T17:30:00+00:00,7453.65,7454.419999999999,7449.4,7453.66,2423
2026-05-13T17:45:00+00:00,7453.66,7455.169999999999,7448.65,7448.91,2326
2026-05-13T18:00:00+00:00,7448.91,7461.419999999999,7448.66,7460.919999999999,3417
2026-05-13T18:15:00+00:00,7460.919999999999,7466.669999999999,7460.91,7463.169999999999,4017
2026-05-13T18:30:00+00:00,7463.169999999999,7463.169999999999,7455.9,7456.16,2952
2026-05-13T18:45:00+00:00,7456.16,7461.419999999999,7453.4,7454.169999999999,3073
2026-05-13T19:00:00+00:00,7454.169999999999,7463.419999999999,7454.169999999999,7463.15,2986
2026-05-13T19:15:00+00:00,7463.15,7464.919999999999,7457.9,7462.669999999999,2656
2026-05-13T19:30:00+00:00,7462.669999999999,7463.169999999999,7457.9,7462.669999999999,1932
2026-05-13T19:45:00+00:00,7462.669999999999,7464.16,7450.419999999999,7451.16,6165
2026-05-13T20:00:00+00:00,7451.16,7456.36,7449.369999999999,7455.369999999999,2412
2026-05-13T20:15:00+00:00,7455.369999999999,7457.23,7454.849999999999,7456.849999999999,765
2026-05-13T20:30:00+00:00,7456.849999999999,7460.599999999999,7456.619999999999,7459.349999999999,332
2026-05-13T20:45:00+00:00,7459.349999999999,7459.349999999999,7457.599999999999,7458.61,329.68502232444865
2026-05-13T22:00:00+00:00,7458.61,7461.839999999999,7455.839999999999,7460.079999999999,1251
2026-05-13T22:15:00+00:00,7460.079999999999,7462.339999999999,7457.57,7458.829999999999,848
2026-05-13T22:30:00+00:00,7458.829999999999,7461.339999999999,7458.57,7461.339999999999,385
2026-05-13T22:45:00+00:00,7461.339999999999,7464.839999999999,7460.839999999999,7462.079999999999,1047
2026-05-13T23:00:00+00:00,7462.079999999999,7467.089999999999,7462.079999999999,7465.69,1309
2026-05-13T23:15:00+00:00,7465.69,7465.829999999999,7462.329999999999,7462.839999999999,537
2026-05-13T23:30:00+00:00,7462.839999999999,7463.579999999999,7460.079999999999,7461.69,629
2026-05-13T23:45:00+00:00,7461.69,7464.089999999999,7460.32,7463.7,1035
2026-05-14T00:00:00+00:00,7463.7,7464.339999999999,7458.589999999999,7464.329999999999,3237
2026-05-14T00:15:00+00:00,7464.329999999999,7468.339999999999,7463.089999999999,7467.459999999999,3108
2026-05-14T00:30:00+00:00,7467.459999999999,7472.079999999999,7467.459999999999,7469.57,2364
2026-05-14T00:45:00+00:00,7469.57,7472.089999999999,7468.82,7470.95,1402
2026-05-14T01:00:00+00:00,7470.95,7471.089999999999,7467.57,7468.32,1382
2026-05-14T01:15:00+00:00,7468.32,7469.839999999999,7465.57,7469.57,1509
2026-05-14T01:30:00+00:00,7469.57,7470.339999999999,7464.32,7465.839999999999,1536
2026-05-14T01:45:00+00:00,7465.839999999999,7465.839999999999,7461.079999999999,7461.839999999999,1954
2026-05-14T02:00:00+00:00,7461.839999999999,7464.839999999999,7460.82,7463.089999999999,1634
2026-05-14T02:15:00+00:00,7463.089999999999,7465.339999999999,7462.07,7464.829999999999,1126
2026-05-14T02:30:00+00:00,7464.829999999999,7467.089999999999,7464.07,7465.839999999999,867
2026-05-14T02:45:00+00:00,7465.839999999999,7466.089999999999,7459.57,7461.829999999999,1841
2026-05-14T03:00:00+00:00,7461.829999999999,7465.76,7461.229999999999,7464.65,1025.4512090427816
2026-05-14T03:15:00+00:00,7464.65,7466.4,7460.88,7463.65,1349
2026-05-14T03:30:00+00:00,7463.65,7464.15,7457.38,7458.639999999999,1759
2026-05-14T03:45:00+00:00,7458.639999999999,7459.4,7455.38,7456.88,1276
2026-05-14T04:00:00+00:00,7456.88,7458.88,7454.63,7458.4,1433
2026-05-14T04:15:00+00:00,7458.4,7461.9,7457.63,7460.88,984
2026-05-14T04:30:00+00:00,7460.88,7463.639999999999,7460.88,7462.38,897
2026-05-14T04:45:00+00:00,7462.38,7465.15,7460.17,7460.9,1597
2026-05-14T05:00:00+00:00,7460.9,7463.15,7459.63,7459.639999999999,2043
2026-05-14T05:15:00+00:00,7459.639999999999,7461.389999999999,7456.639999999999,7460.389999999999,2118
2026-05-14T05:30:00+00:00,7460.389999999999,7462.15,7458.38,7460.4,2144
2026-05-14T05:45:00+00:00,7460.4,7470.13,7460.4,7466.63,4683
2026-05-14T06:00:00+00:00,7466.63,7472.9,7466.63,7470.65,2710
2026-05-14T06:15:00+00:00,7470.65,7472.65,7468.889999999999,7470.139999999999,1847
2026-05-14T06:30:00+00:00,7470.139999999999,7472.65,7469.88,7471.65,1509
2026-05-14T06:45:00+00:00,7471.65,7472.4,7468.389999999999,7468.63,2159
2026-05-14T07:00:00+00:00,7468.63,7470.15,7464.88,7467.15,3077
2026-05-14T07:15:00+00:00,7467.15,7468.9,7466.38,7467.9,1848
2026-05-14T07:30:00+00:00,7467.9,7472.4,7467.88,7470.38,1812
2026-05-14T07:45:00+00:00,7470.38,7472.15,7461.639999999999,7462.88,1888
2026-05-14T08:00:00+00:00,7462.88,7470.13,7461.63,7470.01,3620
2026-05-14T08:15:00+00:00,7470.01,7475.15,7469.639999999999,7471.639999999999,2987
2026-05-14T08:30:00+00:00,7471.639999999999,7474.65,7466.38,7467.139999999999,2810
2026-05-14T08:45:00+00:00,7467.139999999999,7471.65,7465.63,7471.389999999999,1917
2026-05-14T09:00:00+00:00,7471.389999999999,7473.65,7466.38,7468.88,2890
2026-05-14T09:15:00+00:00,7468.88,7469.639999999999,7465.63,7466.65,1891
2026-05-14T09:30:00+00:00,7466.65,7468.13,7458.63,7464.2699999999995,3574
2026-05-14T09:45:00+00:00,7464.2699999999995,7470.15,7463.15,7468.639999999999,1915
2026-05-14T10:00:00+00:00,7468.639999999999,7479.65,7468.13,7472.639999999999,3490
2026-05-14T10:15:00+00:00,7472.639999999999,7477.2699999999995,7471.38,7472.63,3410
2026-05-14T10:30:00+00:00,7472.63,7473.9,7466.88,7468.9,1815
2026-05-14T10:45:00+00:00,7468.9,7476.2699999999995,7467.639999999999,7471.9,3018
2026-05-14T11:00:00+00:00,7471.9,7478.4,7471.38,7476.88,2255
2026-05-14T11:15:00+00:00,7476.88,7477.639999999999,7468.639999999999,7470.13,2327
2026-05-14T11:30:00+00:00,7470.13,7474.15,7470.13,7473.63,1427
2026-05-14T11:45:00+00:00,7473.63,7478.38,7473.63,7474.4,1802
2026-05-14T12:00:00+00:00,7474.4,7480.15,7474.389999999999,7477.65,1870
2026-05-14T12:15:00+00:00,7477.65,7482.639999999999,7477.38,7480.15,1993
2026-05-14T12:30:00+00:00,7480.15,7480.4,7475.63,7475.9,2111
2026-05-14T12:45:00+00:00,7475.9,7476.15,7469.75,7473.15,2345
2026-05-14T13:00:00+00:00,7473.15,7473.15,7465.38,7468.4,2501
2026-05-14T13:15:00+00:00,7468.4,7470.65,7464.13,7464.4,2857
2026-05-14T13:30:00+00:00,7464.4,7484.19,7463.429999999999,7481.94,12858
2026-05-14T13:45:00+00:00,7481.94,7486.95,7469.57,7471.929999999999,15288
2026-05-14T14:00:00+00:00,7471.929999999999,7484.2,7470.179999999999,7482.69,14827
2026-05-14T14:15:00+00:00,7482.69,7491.45,7482.429999999999,7487.19,9751
2026-05-14T14:30:00+00:00,7487.19,7498.2,7485.179999999999,7497.929999999999,7538
2026-05-14T14:45:00+00:00,7497.929999999999,7503.7,7497.929999999999,7499.94,7046
2026-05-14T15:00:00+00:00,7499.94,7508.45,7499.179999999999,7508.45,5547
2026-05-14T15:15:00+00:00,7508.45,7516.69,7508.45,7513.44,5012
2026-05-14T15:30:00+00:00,7513.44,7516.69,7510.2,7515.69,5460
2026-05-14T15:45:00+00:00,7515.69,7520.95,7514.179999999999,7520.69,3791
2026-05-14T16:00:00+00:00,7520.69,7523.45,7517.179999999999,7517.679999999999,3610
2026-05-14T16:15:00+00:00,7517.679999999999,7521.45,7506.429999999999,7507.929999999999,5758
2026-05-14T16:30:00+00:00,7507.929999999999,7511.429999999999,7501.679999999999,7506.44,9380
2026-05-14T16:45:00+00:00,7506.44,7510.45,7499.429999999999,7506.2,9588
2026-05-14T17:00:00+00:00,7506.2,7510.95,7497.44,7498.44,8432
2026-05-14T17:15:00+00:00,7498.44,7499.95,7490.679999999999,7496.929999999999,14560
2026-05-14T17:30:00+00:00,7496.929999999999,7507.19,7494.679999999999,7505.19,8036
2026-05-14T17:45:00+00:00,7505.19,7510.69,7504.7,7505.179999999999,4830
2026-05-14T18:00:00+00:00,7505.179999999999,7506.32,7494.45,7506.19,10792
2026-05-14T18:15:00+00:00,7506.19,7510.95,7501.679999999999,7503.45,6323
2026-05-14T18:30:00+00:00,7503.45,7508.929999999999,7501.44,7505.45,4800
2026-05-14T18:45:00+00:00,7505.45,7511.45,7503.0599999999995,7510.94,4415
2026-05-14T19:00:00+00:00,7510.94,7514.7,7509.679999999999,7511.95,4687
2026-05-14T19:15:00+00:00,7511.95,7514.2,7507.9,7508.679999999999,3923
2026-05-14T19:30:00+00:00,7508.679999999999,7514.7,7507.44,7513.179999999999,4027
2026-05-14T19:45:00+00:00,7513.179999999999,7513.95,7506.179999999999,7509.429999999999,7004
2026-05-14T20:00:00+00:00,7509.429999999999,7513.4,7509.13,7510.4,2350
2026-05-14T20:15:00+00:00,7510.4,7510.76,7502.139999999999,7503.15,2176
2026-05-14T20:30:00+00:00,7503.15,7505.15,7501.88,7503.63,1327
2026-05-14T20:45:00+00:00,7503.63,7506.73,7503.38,7506.73,834
2026-05-14T22:00:00+00:00,7506.73,7509.87,7504.36,7506.62,1255
2026-05-14T22:15:00+00:00,7506.62,7507.13,7503.62,7506.88,846
2026-05-14T22:30:00+00:00,7506.88,7508.38,7506.62,7507.37,512
2026-05-14T22:45:00+00:00,7507.37,7509.13,7506.86,7507.11,636
2026-05-14T23:00:00+00:00,7507.11,7509.49,7507.11,7509.12,515
2026-05-14T23:15:00+00:00,7509.12,7509.88,7507.11,7509.63,451
2026-05-14T23:30:00+00:00,7509.63,7511.13,7509.37,7509.38,551
2026-05-14T23:45:00+00:00,7509.38,7509.62,7502.36,7503.98,1582
2026-05-15T00:00:00+00:00,7503.98,7505.63,7500.11,7505.36,3715
2026-05-15T00:15:00+00:00,7505.36,7509.63,7505.23,7508.62,1927
2026-05-15T00:30:00+00:00,7508.62,7508.74,7495.86,7500.12,3368
2026-05-15T00:45:00+00:00,7500.12,7502.38,7497.86,7501.87,2324
2026-05-15T01:00:00+00:00,7501.87,7503.13,7495.87,7497.37,3196
2026-05-15T01:15:00+00:00,7497.37,7498.13,7486.49,7487.62,3929
2026-05-15T01:30:00+00:00,7487.62,7491.13,7481.11,7487.63,5429
2026-05-15T01:45:00+00:00,7487.63,7487.88,7477.37,7478.12,5303
2026-05-15T02:00:00+00:00,7478.12,7483.13,7476.86,7480.86,5169
2026-05-15T02:15:00+00:00,7480.86,7486.38,7479.61,7483.11,3203
2026-05-15T02:30:00+00:00,7483.11,7487.38,7480.36,7487.13,3312
2026-05-15T02:45:00+00:00,7487.13,7494.87,7485.11,7491.11,3754
2026-05-15T03:00:00+00:00,7491.11,7492.63,7488.13,7491.13,2234
2026-05-15T03:15:00+00:00,7491.13,7492.36,7489.61,7491.12,1591
2026-05-15T03:30:00+00:00,7491.12,7492.38,7484.11,7489.11,3479
2026-05-15T03:45:00+00:00,7489.11,7490.88,7486.61,7488.38,1538
2026-05-15T04:00:00+00:00,7488.38,7488.38,7482.38,7486.74,1729
2026-05-15T04:15:00+00:00,7486.74,7487.88,7482.61,7483.12,2135
2026-05-15T04:30:00+00:00,7483.12,7484.88,7479.61,7480.36,2520
2026-05-15T04:45:00+00:00,7480.36,7481.49,7475.36,7476.63,2449
2026-05-15T05:00:00+00:00,7476.63,7476.88,7468.86,7471.13,4848
2026-05-15T05:15:00+00:00,7471.13,7473.63,7468.86,7471.5,2971
2026-05-15T05:30:00+00:00,7471.5,7471.88,7459.88,7460.63,3891
2026-05-15T05:45:00+00:00,7460.63,7460.88,7448.86,7449.12,6077
2026-05-15T06:00:00+00:00,7449.12,7460.12,7446.36,7458.36,7608
2026-05-15T06:15:00+00:00,7458.36,7462.63,7445.87,7452.61,6486
2026-05-15T06:30:00+00:00,7452.61,7465.63,7451.12,7465.23,5479
2026-05-15T06:45:00+00:00,7465.23,7467.38,7461.11,7463.74,3236
2026-05-15T07:00:00+00:00,7463.74,7469.88,7461.86,7469.36,4408
2026-05-15T07:15:00+00:00,7469.36,7470.38,7464.63,7467.63,3880
2026-05-15T07:30:00+00:00,7467.63,7468.61,7456.37,7458.86,3453
2026-05-15T07:45:00+00:00,7458.86,7458.86,7455.11,7457.62,2681
2026-05-15T08:00:00+00:00,7457.62,7458.88,7443.11,7444.12,5569
2026-05-15T08:15:00+00:00,7444.12,7444.38,7423.87,7425.63,7357
2026-05-15T08:30:00+00:00,7425.63,7440.13,7418.73,7439.86,8444
2026-05-15T08:45:00+00:00,7439.86,7441.25,7430.88,7432.87,4666
2026-05-15T09:00:00+00:00,7432.87,7437.73,7428.86,7430.12,4979
2026-05-15T09:15:00+00:00,7430.12,7432.38,7422.73,7432.38,5555
2026-05-15T09:30:00+00:00,7432.38,7433.5,7424.61,7426.38,5020
2026-05-15T09:45:00+00:00,7426.38,7432.99,7419.37,7428.36,6476
2026-05-15T10:00:00+00:00,7428.36,7438.13,7424.36,7437.62,5637
2026-05-15T10:15:00+00:00,7437.62,7444.37,7434.61,7436.11,4884
2026-05-15T10:30:00+00:00,7436.11,7442,7432.12,7440.48,5108
2026-05-15T10:45:00+00:00,7440.48,7454.38,7438.61,7447.37,10837
2026-05-15T11:00:00+00:00,7447.37,7451.62,7439.639999999999,7444.37,5461
2026-05-15T11:15:00+00:00,7444.37,7447.63,7439.75,7442.12,3293
2026-05-15T11:30:00+00:00,7442.12,7443.62,7432.61,7432.63,3454
2026-05-15T11:45:00+00:00,7432.63,7440.62,7429.13,7429.5,3748
2026-05-15T12:00:00+00:00,7429.5,7429.87,7415.23,7415.37,5474
2026-05-15T12:15:00+00:00,7415.37,7428.11,7414.11,7421,5105
2026-05-15T12:30:00+00:00,7421,7421.49,7412.61,7414.75,5761
2026-05-15T12:45:00+00:00,7414.75,7423.62,7414.11,7420.88,4904
2026-05-15T13:00:00+00:00,7420.88,7422.62,7415.36,7422.12,4341
2026-05-15T13:15:00+00:00,7422.12,7443.11,7420.36,7442.62,6308
2026-05-15T13:30:00+00:00,7442.62,7444.179999999999,7410.16,7410.679999999999,29129
2026-05-15T13:45:00+00:00,7410.679999999999,7433.929999999999,7403.41,7415.42,23723
2026-05-15T14:00:00+00:00,7415.42,7435.41,7413.28,7435.179999999999,24094
2026-05-15T14:15:00+00:00,7435.179999999999,7450.679999999999,7431.66,7435.429999999999,18774
2026-05-15T14:30:00+00:00,7435.429999999999,7446.929999999999,7434.66,7444.3,20160
2026-05-15T14:45:00+00:00,7444.3,7445.179999999999,7427.41,7433.66,19335
2026-05-15T15:00:00+00:00,7433.66,7438.429999999999,7425.17,7432.679999999999,15312
2026-05-15T15:15:00+00:00,7432.679999999999,7441.679999999999,7430.929999999999,7436.55,11736
2026-05-15T15:30:00+00:00,7436.55,7443.55,7421.88,7425.03,13126
2026-05-15T15:45:00+00:00,7425.03,7427.679999999999,7414.66,7426.679999999999,14109
2026-05-15T16:00:00+00:00,7426.679999999999,7430.179999999999,7420.41,7427.92,10544
2026-05-15T16:15:00+00:00,7427.92,7437.679999999999,7422.17,7436.91,7945
2026-05-15T16:30:00+00:00,7436.91,7439.929999999999,7433.91,7439.429999999999,6546
2026-05-15T16:45:00+00:00,7439.429999999999,7440.929999999999,7426.16,7433.429999999999,7023
2026-05-15T17:00:00+00:00,7433.429999999999,7441.429999999999,7430.41,7440.41,6024
2026-05-15T17:15:00+00:00,7440.41,7453.429999999999,7436.41,7449.42,5585
2026-05-15T17:30:00+00:00,7449.42,7452.679999999999,7444.41,7448.17,5381
2026-05-15T17:45:00+00:00,7448.17,7454.16,7446.41,7453.900000000001,3631.5993882416446
2026-05-15T18:00:00+00:00,7453.900000000001,7458.900000000001,7453.16,7454.150000000001,4457
2026-05-15T18:15:00+00:00,7454.150000000001,7454.89,7439.39,7441.39,8453
2026-05-15T18:30:00+00:00,7441.39,7442.41,7428.39,7438.16,9311
2026-05-15T18:45:00+00:00,7438.16,7442.91,7433.14,7440.41,5171
2026-05-15T19:00:00+00:00,7440.41,7441.66,7427.14,7430.16,7010
2026-05-15T19:15:00+00:00,7430.16,7431.91,7424.41,7425.91,6454
2026-05-15T19:30:00+00:00,7425.91,7432.66,7423.89,7424.900000000001,5303
2026-05-15T19:45:00+00:00,7424.900000000001,7429.16,7410.39,7415.91,11637
2026-05-15T20:00:00+00:00,7415.91,7416.110000000001,7392.59,7402.84,6529
2026-05-15T20:15:00+00:00,7402.84,7405.18,7394.66,7400.43,3630
2026-05-15T20:30:00+00:00,7400.43,7402.93,7398.41,7400.02,1075
2026-05-17T22:00:00+00:00,7400.02,7419.86,7393.61,7415.72,5416
2026-05-17T22:15:00+00:00,7415.72,7417.35,7407.34,7411.85,3557
2026-05-17T22:30:00+00:00,7411.85,7416.73,7408.34,7414.98,2917
2026-05-17T22:45:00+00:00,7414.98,7416.85,7409.09,7414.35,2575
2026-05-17T23:00:00+00:00,7414.35,7415.61,7404.85,7407.46,3873
2026-05-17T23:15:00+00:00,7407.46,7407.48,7396.85,7399.72,4030
2026-05-17T23:30:00+00:00,7399.72,7403.22,7382.84,7397.11,6668
2026-05-17T23:45:00+00:00,7397.11,7402.11,7392.36,7396.34,7982
2026-05-18T00:00:00+00:00,7396.34,7400.1,7366.6,7378.86,18450
2026-05-18T00:15:00+00:00,7378.86,7387.36,7376.61,7380.34,11921
2026-05-18T00:30:00+00:00,7380.34,7383.47,7370.84,7370.96,9642
2026-05-18T00:45:00+00:00,7370.96,7382.97,7370.09,7382.35,7690
2026-05-18T01:00:00+00:00,7382.35,7384.59,7367.09,7367.1,8693
2026-05-18T01:15:00+00:00,7367.1,7371.47,7362.97,7364.35,11618
2026-05-18T01:30:00+00:00,7364.35,7368.35,7360.09,7367.84,8120
2026-05-18T01:45:00+00:00,7367.84,7377.36,7366.34,7372.6,5819
2026-05-18T02:00:00+00:00,7372.6,7375.36,7367.84,7373.98,5393
2026-05-18T02:15:00+00:00,7373.98,7377.61,7372.59,7376.85,3476
2026-05-18T02:30:00+00:00,7376.85,7377.61,7371.59,7372.11,2881
2026-05-18T02:45:00+00:00,7372.11,7372.11,7363.85,7366.86,3582
2026-05-18T03:00:00+00:00,7366.86,7373.11,7366.34,7367.35,3334
2026-05-18T03:15:00+00:00,7367.35,7370.48,7366.09,7369.85,2855
2026-05-18T03:30:00+00:00,7369.85,7373.36,7362.98,7372.21,5104
2026-05-18T03:45:00+00:00,7372.21,7372.61,7368.34,7370.36,2668
2026-05-18T04:00:00+00:00,7370.36,7377.36,7369.85,7375.46,3124
2026-05-18T04:15:00+00:00,7375.46,7378.36,7364.84,7365.97,3105
2026-05-18T04:30:00+00:00,7365.97,7372.48,7364.34,7371.34,2806
2026-05-18T04:45:00+00:00,7371.34,7373.86,7366.1,7369.6,2683
2026-05-18T05:00:00+00:00,7369.6,7377.36,7368.35,7372.09,3882
2026-05-18T05:15:00+00:00,7372.09,7372.85,7364.59,7371.96,3774
2026-05-18T05:30:00+00:00,7371.96,7377.48,7369.6,7374.21,4601
2026-05-18T05:45:00+00:00,7374.21,7377.09,7369.72,7369.86,3139
2026-05-18T06:00:00+00:00,7369.86,7373.11,7367.11,7370.86,4743
2026-05-18T06:15:00+00:00,7370.86,7374.61,7364.11,7364.86,4147
2026-05-18T06:30:00+00:00,7364.86,7374.09,7361.09,7374.09,4396
2026-05-18T06:45:00+00:00,7374.09,7380.11,7373.09,7380.11,3634
2026-05-18T07:00:00+00:00,7380.11,7386.09,7375.36,7376.6,4718
2026-05-18T07:15:00+00:00,7376.6,7388.47,7369.84,7387.84,4945
2026-05-18T07:30:00+00:00,7387.84,7392.84,7371.6,7374.34,6633
2026-05-18T07:45:00+00:00,7374.34,7383.23,7373.6,7381.47,4104
2026-05-18T08:00:00+00:00,7381.47,7391.73,7381.47,7388.47,4712
2026-05-18T08:15:00+00:00,7388.47,7399.1,7385.59,7398.6,3322
2026-05-18T08:30:00+00:00,7398.6,7401.35,7391.09,7392.09,2768
2026-05-18T08:45:00+00:00,7392.09,7401.72,7392.09,7401.35,2530
2026-05-18T09:00:00+00:00,7401.35,7402.59,7393.1,7393.36,2315
2026-05-18T09:15:00+00:00,7393.36,7397.11,7390.46,7393.47,2109
2026-05-18T09:30:00+00:00,7393.47,7396.6,7392.09,7396.09,2018
2026-05-18T09:45:00+00:00,7396.09,7397.47,7391.47,7395.61,2506
2026-05-18T10:00:00+00:00,7395.61,7396.59,7382.34,7386.85,3596
2026-05-18T10:15:00+00:00,7386.85,7389.36,7385.34,7387.61,2009
2026-05-18T10:30:00+00:00,7387.61,7388.48,7379.1,7385.46,2780
2026-05-18T10:45:00+00:00,7385.46,7389.98,7383.1,7384.09,1993
2026-05-18T11:00:00+00:00,7384.09,7385.61,7372.11,7384.48,4511
2026-05-18T11:15:00+00:00,7384.48,7387.86,7382.09,7382.6,2483
2026-05-18T11:30:00+00:00,7382.6,7417.72,7382.09,7411.1,11854
2026-05-18T11:45:00+00:00,7411.1,7411.59,7394.61,7399.11,6862
2026-05-18T12:00:00+00:00,7399.11,7407.72,7398.11,7404.61,4275
2026-05-18T12:15:00+00:00,7404.61,7407.6,7400.59,7405.61,3463
2026-05-18T12:30:00+00:00,7405.61,7428.59,7402.86,7427.35,8426
2026-05-18T12:45:00+00:00,7427.35,7438.11,7426.71,7434.85,12009
2026-05-18T13:00:00+00:00,7434.85,7437.35,7425.84,7428.35,7440
2026-05-18T13:15:00+00:00,7428.35,7428.86,7423.34,7423.59,4020
2026-05-18T13:30:00+00:00,7423.59,7425.66,7404.65,7405.39,24738
2026-05-18T13:45:00+00:00,7405.39,7439.15,7400.39,7430.9,24952
2026-05-18T14:00:00+00:00,7430.9,7431.9,7411.39,7424.14,24196
2026-05-18T14:15:00+00:00,7424.14,7432.91,7417.38,7420.14,18836
2026-05-18T14:30:00+00:00,7420.14,7423.4,7389.64,7408.15,24784
2026-05-18T14:45:00+00:00,7408.15,7412.64,7398.16,7408.16,21888
2026-05-18T15:00:00+00:00,7408.16,7415.26,7390.14,7397.39,23771
2026-05-18T15:15:00+00:00,7397.39,7399.14,7380.15,7381.02,17161
2026-05-18T15:30:00+00:00,7381.02,7398.91,7376.65,7387.39,14451
2026-05-18T15:45:00+00:00,7387.39,7396.89,7384.9,7387.9,12594
2026-05-18T16:00:00+00:00,7387.9,7394.14,7382.03,7394.14,11040
2026-05-18T16:15:00+00:00,7394.14,7404.03,7369.91,7373.14,14237
2026-05-18T16:30:00+00:00,7373.14,7386.15,7367.03,7376.41,14386
2026-05-18T16:45:00+00:00,7376.41,7398.4,7376.14,7389.9,11699
2026-05-18T17:00:00+00:00,7389.9,7398.91,7384.4,7392.4,11038
2026-05-18T17:15:00+00:00,7392.4,7398.91,7391.4,7398.39,8127
2026-05-18T17:30:00+00:00,7398.39,7399.03,7387.16,7392.76,8817
2026-05-18T17:45:00+00:00,7392.76,7398.16,7388.4,7395.15,6914
2026-05-18T18:00:00+00:00,7395.15,7396.16,7375.14,7375.39,9670
2026-05-18T18:15:00+00:00,7375.39,7376.01,7361.64,7371.91,12026
2026-05-18T18:30:00+00:00,7371.91,7376.39,7364.4,7370.66,8588
2026-05-18T18:45:00+00:00,7370.66,7372.16,7359.02,7361.66,9806
2026-05-18T19:00:00+00:00,7361.66,7405.01,7360.9,7385.91,24104
2026-05-18T19:15:00+00:00,7385.91,7389.28,7371.66,7380.16,12024
2026-05-18T19:30:00+00:00,7380.16,7403.91,7377.9,7403.39,11321
2026-05-18T19:45:00+00:00,7403.39,7412.77,7401.16,7411.66,12622
2026-05-18T20:00:00+00:00,7411.66,7412.85,7402.09,7406.85,2795
2026-05-18T20:15:00+00:00,7406.85,7408.36,7404.1,7406.84,1133
2026-05-18T20:30:00+00:00,7406.84,7409.61,7404.6,7409.09,1026
2026-05-18T20:45:00+00:00,7409.09,7410.11,7404.85,7405.46,711
2026-05-18T22:00:00+00:00,7405.46,7417.29,7405.46,7413.42,2397
2026-05-18T22:15:00+00:00,7413.42,7422.65,7413.03,7420.66,1869
2026-05-18T22:30:00+00:00,7420.66,7423.42,7419.9,7420.17,1378
2026-05-18T22:45:00+00:00,7420.17,7420.17,7416.27,7419.54,1163
2026-05-18T23:00:00+00:00,7419.54,7424.02,7419.4,7420.65,1693
2026-05-18T23:15:00+00:00,7420.65,7421.66,7418.79,7420.41,803
2026-05-18T23:30:00+00:00,7420.41,7420.79,7417.77,7419.65,939
2026-05-18T23:45:00+00:00,7419.65,7419.91,7411.9,7414.41,2442
2026-05-19T00:00:00+00:00,7414.41,7419.42,7408.65,7414.9,8272
2026-05-19T00:15:00+00:00,7414.9,7425.9,7410.4,7421.04,7728
2026-05-19T00:30:00+00:00,7421.04,7423.17,7412.4,7415.65,4772
2026-05-19T00:45:00+00:00,7415.65,7417.91,7408.41,7409.4,4704
2026-05-19T01:00:00+00:00,7409.4,7411.91,7403.91,7407.65,7346
2026-05-19T01:15:00+00:00,7407.65,7408.67,7396.65,7401.9,5392
2026-05-19T01:30:00+00:00,7401.9,7411.17,7398.17,7409.54,5815
2026-05-19T01:45:00+00:00,7409.54,7410.92,7401.67,7402.03,4940
2026-05-19T02:00:00+00:00,7402.03,7402.03,7388.16,7393.9,6584
2026-05-19T02:15:00+00:00,7393.9,7399.41,7389.67,7396.66,4647
2026-05-19T02:30:00+00:00,7396.66,7399.66,7395.16,7399.66,3947
2026-05-19T02:45:00+00:00,7399.66,7401.67,7395.15,7396.02,3432
2026-05-19T03:00:00+00:00,7396.02,7400.91,7391.4,7399.41,3448
2026-05-19T03:15:00+00:00,7399.41,7403.91,7398.139999999999,7403.139999999999,2153
2026-05-19T03:30:00+00:00,7403.139999999999,7407.66,7402.389999999999,7403.139999999999,3441
2026-05-19T03:45:00+00:00,7403.139999999999,7403.139999999999,7396.629999999999,7397.879999999999,3145
2026-05-19T04:00:00+00:00,7397.879999999999,7398.129999999999,7388.379999999999,7391.91,5111
2026-05-19T04:15:00+00:00,7391.91,7392.16,7382.4,7386.16,3821
2026-05-19T04:30:00+00:00,7386.16,7394.16,7385.65,7389.4,3853
2026-05-19T04:45:00+00:00,7389.4,7392.4,7385.4,7390.17,3910
2026-05-19T05:00:00+00:00,7390.17,7392.42,7385.55,7389.55,4969
2026-05-19T05:15:00+00:00,7389.55,7390.68,7376.91,7389.17,5828
2026-05-19T05:30:00+00:00,7389.17,7391.93,7383.16,7385.18,4893
2026-05-19T05:45:00+00:00,7385.18,7388.93,7383.91,7387.18,4322
2026-05-19T06:00:00+00:00,7387.18,7392.68,7381.66,7392.42,6311
2026-05-19T06:15:00+00:00,7392.42,7397.43,7388.66,7394.91,4721
2026-05-19T06:30:00+00:00,7394.91,7401.92,7392.66,7401.17,4161
2026-05-19T06:45:00+00:00,7401.17,7401.18,7396.41,7398.93,2890
2026-05-19T07:00:00+00:00,7398.93,7411.280000000001,7396.16,7406.17,5056
2026-05-19T07:15:00+00:00,7406.17,7406.93,7402.66,7405.42,3358
2026-05-19T07:30:00+00:00,7405.42,7412.68,7401.530000000001,7409.67,3720
2026-05-19T07:45:00+00:00,7409.67,7418.43,7409.17,7414.91,4463
2026-05-19T08:00:00+00:00,7414.91,7416.68,7399.66,7403.41,5538
2026-05-19T08:15:00+00:00,7403.41,7405.93,7391.780000000001,7395.790000000001,5431
2026-05-19T08:30:00+00:00,7395.790000000001,7400.780000000001,7394.52,7399.390000000001,3555
2026-05-19T08:45:00+00:00,7399.390000000001,7402.790000000001,7397.77,7398.140000000001,2536
2026-05-19T09:00:00+00:00,7398.140000000001,7398.290000000001,7391.540000000001,7392.02,3466
2026-05-19T09:15:00+00:00,7392.02,7392.27,7379.52,7381.52,4501
2026-05-19T09:30:00+00:00,7381.52,7383.790000000001,7369.52,7369.77,7039
2026-05-19T09:45:00+00:00,7369.77,7385.790000000001,7369.02,7383.290000000001,4459
2026-05-19T10:00:00+00:00,7383.290000000001,7385.040000000001,7378.02,7382.52,4011
2026-05-19T10:15:00+00:00,7382.52,7383.660000000001,7379.27,7381.27,2581
2026-05-19T10:30:00+00:00,7381.27,7386.290000000001,7370.02,7372.290000000001,6481
2026-05-19T10:45:00+00:00,7372.290000000001,7386.52,7369.280000000001,7384.900000000001,7400
2026-05-19T11:00:00+00:00,7384.900000000001,7390.290000000001,7383.280000000001,7384.290000000001,5206
2026-05-19T11:15:00+00:00,7384.290000000001,7386.540000000001,7380.27,7383.02,3881
2026-05-19T11:30:00+00:00,7383.02,7388.290000000001,7380.52,7381.290000000001,3627
2026-05-19T11:45:00+00:00,7381.290000000001,7382.540000000001,7373.81,7374.030000000001,3641
2026-05-19T12:00:00+00:00,7374.030000000001,7382.420000000001,7370.77,7381.020000000001,4736
2026-05-19T12:15:00+00:00,7381.020000000001,7381.660000000001,7375.400000000001,7380.400000000001,4130
2026-05-19T12:30:00+00:00,7380.400000000001,7389.920000000001,7379.150000000001,7386.170000000001,4149
2026-05-19T12:45:00+00:00,7386.170000000001,7389.670000000001,7384.400000000001,7386.410000000001,3422
2026-05-19T13:00:00+00:00,7386.410000000001,7388.420000000001,7371.660000000001,7379.650000000001,8414
2026-05-19T13:15:00+00:00,7379.650000000001,7380.170000000001,7365.770000000001,7372.160000000001,9777
2026-05-19T13:30:00+00:00,7372.160000000001,7381.220000000001,7358.970000000001,7359.960000000001,30980
2026-05-19T13:45:00+00:00,7359.960000000001,7386.960000000001,7355.450000000001,7377.450000000001,31554
2026-05-19T14:00:00+00:00,7377.450000000001,7378.090000000001,7352.700000000001,7353.470000000001,30460
2026-05-19T14:15:00+00:00,7353.470000000001,7355.570000000001,7341.700000000001,7348.710000000001,23190
2026-05-19T14:30:00+00:00,7348.710000000001,7358.720000000001,7344.700000000001,7351.950000000001,21826
2026-05-19T14:45:00+00:00,7351.950000000001,7356.200000000001,7339.700000000001,7355.960000000001,17565
2026-05-19T15:00:00+00:00,7355.960000000001,7361.470000000001,7350.960000000001,7359.960000000001,13865
2026-05-19T15:15:00+00:00,7359.960000000001,7363.970000000001,7341.200000000001,7346.700000000001,13044
2026-05-19T15:30:00+00:00,7346.700000000001,7363.720000000001,7344.710000000001,7359.710000000001,13390
2026-05-19T15:45:00+00:00,7359.710000000001,7363.720000000001,7349.700000000001,7354.210000000001,11036
2026-05-19T16:00:00+00:00,7354.210000000001,7364.470000000001,7347.580000000001,7352.220000000001,11645
2026-05-19T16:15:00+00:00,7352.220000000001,7371.700000000001,7351.970000000001,7369.200000000001,10288
2026-05-19T16:30:00+00:00,7369.200000000001,7378.710000000001,7367.720000000001,7378.460000000001,8468
2026-05-19T16:45:00+00:00,7378.460000000001,7387.220000000001,7376.680000000001,7385.460000000001,6631
2026-05-19T17:00:00+00:00,7385.460000000001,7394.470000000001,7383.700000000001,7392.970000000001,6585
2026-05-19T17:15:00+00:00,7392.970000000001,7400.460000000001,7391.970000000001,7394.200000000001,6731
2026-05-19T17:30:00+00:00,7394.200000000001,7400.220000000001,7391.460000000001,7395.450000000001,7631
2026-05-19T17:45:00+00:00,7395.450000000001,7395.720000000001,7384.460000000001,7392.220000000001,9829
2026-05-19T18:00:00+00:00,7392.220000000001,7396.970000000001,7390.200000000001,7393.960000000001,4892
2026-05-19T18:15:00+00:00,7393.960000000001,7395.210000000001,7382.200000000001,7382.720000000001,9282
2026-05-19T18:30:00+00:00,7382.720000000001,7387.470000000001,7379.220000000001,7382.460000000001,7091
2026-05-19T18:45:00+00:00,7382.460000000001,7382.720000000001,7366.450000000001,7368.220000000001,9760
2026-05-19T19:00:00+00:00,7368.220000000001,7384.720000000001,7367.820000000001,7384.460000000001,9237
2026-05-19T19:15:00+00:00,7384.460000000001,7385.720000000001,7362.710000000001,7371.720000000001,10230
2026-05-19T19:30:00+00:00,7371.720000000001,7374.330000000001,7361.710000000001,7362.970000000001,8409
2026-05-19T19:45:00+00:00,7362.970000000001,7364.950000000001,7350.470000000001,7362.950000000001,12019
2026-05-19T20:00:00+00:00,7362.950000000001,7363.170000000001,7354.900000000001,7360.160000000001,3411
2026-05-19T20:15:00+00:00,7360.160000000001,7361.170000000001,7357.420000000001,7358.670000000001,1720
2026-05-19T20:30:00+00:00,7358.670000000001,7358.910000000001,7356.650000000001,7357.920000000001,779
2026-05-19T20:45:00+00:00,7357.920000000001,7358.910000000001,7356.150000000001,7358.010000000001,922
2026-05-19T22:00:00+00:00,7358.010000000001,7366.270000000001,7358.010000000001,7361.900000000001,1516
2026-05-19T22:15:00+00:00,7361.900000000001,7362.510000000001,7354.510000000001,7355.150000000001,2267
2026-05-19T22:30:00+00:00,7355.150000000001,7360.780000000001,7354.020000000001,7356.760000000001,2086
2026-05-19T22:45:00+00:00,7356.760000000001,7362.030000000001,7354.630000000001,7361.280000000001,1108
2026-05-19T23:00:00+00:00,7361.280000000001,7367.530000000001,7360.130000000001,7366.780000000001,992
2026-05-19T23:15:00+00:00,7366.780000000001,7370.780000000001,7365.760000000001,7369.780000000001,1077
2026-05-19T23:30:00+00:00,7369.780000000001,7379.890000000001,7369.780000000001,7374.020000000001,1988
2026-05-19T23:45:00+00:00,7374.020000000001,7374.520000000001,7367.390000000001,7368.010000000001,1981
2026-05-20T00:00:00+00:00,7368.010000000001,7368.010000000001,7345.900000000001,7348.780000000001,9126
2026-05-20T00:15:00+00:00,7348.780000000001,7357.030000000001,7342.650000000001,7357.030000000001,10571
2026-05-20T00:30:00+00:00,7357.030000000001,7365.780000000001,7355.140000000001,7360.150000000001,9947
2026-05-20T00:45:00+00:00,7360.150000000001,7367.270000000001,7359.020000000001,7361.400000000001,7329
2026-05-20T01:00:00+00:00,7361.400000000001,7366.530000000001,7353.770000000001,7365.380000000001,8811
2026-05-20T01:15:00+00:00,7365.380000000001,7368.010000000001,7353.510000000001,7355.130000000001,7084
2026-05-20T01:30:00+00:00,7355.130000000001,7357.020000000001,7346.010000000001,7353.510000000001,7889
2026-05-20T01:45:00+00:00,7353.510000000001,7372.030000000001,7353.140000000001,7367.770000000001,9341
2026-05-20T02:00:00+00:00,7367.770000000001,7369.900000000001,7365.260000000001,7368.640000000001,5639
2026-05-20T02:15:00+00:00,7368.640000000001,7373.010000000001,7362.890000000001,7363.030000000001,4781
2026-05-20T02:30:00+00:00,7363.030000000001,7363.030000000001,7350.270000000001,7350.280000000001,9077
2026-05-20T02:45:00+00:00,7350.280000000001,7354.010000000001,7347.280000000001,7351.030000000001,4372
2026-05-20T03:00:00+00:00,7351.030000000001,7351.140000000001,7342.760000000001,7343.030000000001,4453
2026-05-20T03:15:00+00:00,7343.030000000001,7351.270000000001,7342.260000000001,7350.010000000001,3215
2026-05-20T03:30:00+00:00,7350.010000000001,7355.010000000001,7345.890000000001,7352.260000000001,4123
2026-05-20T03:45:00+00:00,7352.260000000001,7353.270000000001,7349.510000000001,7351.650000000001,2457
2026-05-20T04:00:00+00:00,7351.650000000001,7359.270000000001,7351.650000000001,7358.770000000001,3016
2026-05-20T04:15:00+00:00,7358.770000000001,7360.780000000001,7354.760000000001,7357.530000000001,2362
2026-05-20T04:30:00+00:00,7357.530000000001,7357.780000000001,7350.510000000001,7351.010000000001,2501
2026-05-20T04:45:00+00:00,7351.010000000001,7353.150000000001,7348.510000000001,7350.260000000001,2010
2026-05-20T05:00:00+00:00,7350.260000000001,7360.530000000001,7350.260000000001,7355.900000000001,4231
2026-05-20T05:15:00+00:00,7355.900000000001,7360.780000000001,7351.650000000001,7356.530000000001,3474
2026-05-20T05:30:00+00:00,7356.530000000001,7367.140000000001,7356.530000000001,7359.760000000001,3901
2026-05-20T05:45:00+00:00,7359.760000000001,7363.530000000001,7355.260000000001,7362.530000000001,3030
2026-05-20T06:00:00+00:00,7362.530000000001,7366.780000000001,7361.770000000001,7365.770000000001,4466
2026-05-20T06:15:00+00:00,7365.770000000001,7375.530000000001,7365.770000000001,7373.780000000001,4210
2026-05-20T06:30:00+00:00,7373.780000000001,7374.530000000001,7368.270000000001,7369.010000000001,2842
2026-05-20T06:45:00+00:00,7369.010000000001,7375.530000000001,7368.760000000001,7375.530000000001,2105
2026-05-20T07:00:00+00:00,7375.530000000001,7376.530000000001,7372.510000000001,7373.530000000001,3792
2026-05-20T07:15:00+00:00,7373.530000000001,7378.780000000001,7373.010000000001,7377.770000000001,2386
2026-05-20T07:30:00+00:00,7377.770000000001,7377.770000000001,7371.270000000001,7376.020000000001,2247
2026-05-20T07:45:00+00:00,7376.020000000001,7376.520000000001,7370.640000000001,7371.270000000001,2133
2026-05-20T08:00:00+00:00,7371.270000000001,7380.020000000001,7370.780000000001,7377.890000000001,4755
2026-05-20T08:15:00+00:00,7377.890000000001,7382.640000000001,7374.260000000001,7382.640000000001,3241
2026-05-20T08:30:00+00:00,7382.640000000001,7387.770000000001,7381.130000000001,7386.640000000001,3872
2026-05-20T08:45:00+00:00,7386.640000000001,7389.780000000001,7383.530000000001,7384.020000000001,2528
2026-05-20T09:00:00+00:00,7384.020000000001,7385.280000000001,7379.260000000001,7379.270000000001,2346
2026-05-20T09:15:00+00:00,7379.270000000001,7383.280000000001,7378.270000000001,7383.130000000001,1724
2026-05-20T09:30:00+00:00,7383.130000000001,7384.780000000001,7382.510000000001,7383.770000000001,1550
2026-05-20T09:45:00+00:00,7383.770000000001,7392.030000000001,7382.770000000001,7388.020000000001,2344
2026-05-20T10:00:00+00:00,7388.020000000001,7394.020000000001,7387.760000000001,7392.140000000001,1919
2026-05-20T10:15:00+00:00,7392.140000000001,7393.520000000001,7389.510000000001,7391.390000000001,1603
2026-05-20T10:30:00+00:00,7391.390000000001,7398.010000000001,7390.510000000001,7391.010000000001,2636
2026-05-20T10:45:00+00:00,7391.010000000001,7393.140000000001,7385.510000000001,7386.780000000001,1892
2026-05-20T11:00:00+00:00,7386.780000000001,7390.380000000001,7385.010000000001,7385.770000000001,2087
2026-05-20T11:15:00+00:00,7385.770000000001,7391.270000000001,7385.510000000001,7391.150000000001,1622
2026-05-20T11:30:00+00:00,7391.150000000001,7393.780000000001,7385.010000000001,7387.780000000001,2907
2026-05-20T11:45:00+00:00,7387.780000000001,7389.760000000001,7381.760000000001,7385.140000000001,3256
2026-05-20T12:00:00+00:00,7385.140000000001,7392.530000000001,7383.640000000001,7392.020000000001,2066
2026-05-20T12:15:00+00:00,7392.020000000001,7400.510000000001,7388.510000000001,7398.770000000001,3606
2026-05-20T12:30:00+00:00,7398.770000000001,7402.530000000001,7394.010000000001,7394.030000000001,3419
2026-05-20T12:45:00+00:00,7394.030000000001,7396.280000000001,7388.510000000001,7388.770000000001,3600
2026-05-20T13:00:00+00:00,7388.770000000001,7390.280000000001,7386.270000000001,7387.760000000001,3405
2026-05-20T13:15:00+00:00,7387.760000000001,7389.530000000001,7379.770000000001,7381.020000000001,4344
2026-05-20T13:30:00+00:00,7381.020000000001,7386.080000000001,7366.820000000001,7384.310000000001,31629
2026-05-20T13:45:00+00:00,7384.310000000001,7396.830000000001,7377.560000000001,7385.820000000001,30043
2026-05-20T14:00:00+00:00,7385.820000000001,7387.080000000001,7363.060000000001,7377.580000000001,30417
2026-05-20T14:15:00+00:00,7377.580000000001,7410.060000000001,7376.280000000001,7403.810000000001,41286
2026-05-20T14:30:00+00:00,7403.810000000001,7414.830000000001,7398.820000000001,7407.820000000001,26578
2026-05-20T14:45:00+00:00,7407.820000000001,7419.830000000001,7400.6900000000005,7416.820000000001,16915
2026-05-20T15:00:00+00:00,7416.820000000001,7420.080000000001,7410.560000000001,7412.820000000001,12637
2026-05-20T15:15:00+00:00,7412.820000000001,7444.180000000001,7412.560000000001,7417.830000000001,32274
2026-05-20T15:30:00+00:00,7417.830000000001,7429.580000000001,7417.310000000001,7428.330000000001,11609
2026-05-20T15:45:00+00:00,7428.330000000001,7434.580000000001,7424.310000000001,7427.560000000001,9074
2026-05-20T16:00:00+00:00,7427.560000000001,7430.450000000001,7423.310000000001,7425.830000000001,7335
2026-05-20T16:15:00+00:00,7425.830000000001,7426.560000000001,7410.280000000001,7414.330000000001,14685
2026-05-20T16:30:00+00:00,7414.330000000001,7424.330000000001,7410.060000000001,7424.060000000001,12904
2026-05-20T16:45:00+00:00,7424.060000000001,7425.330000000001,7411.810000000001,7418.820000000001,11861
2026-05-20T17:00:00+00:00,7418.820000000001,7426.080000000001,7412.560000000001,7421.310000000001,11510
2026-05-20T17:15:00+00:00,7421.310000000001,7428.560000000001,7420.060000000001,7426.580000000001,9635
2026-05-20T17:30:00+00:00,7426.580000000001,7432.330000000001,7422.790000000001,7427.560000000001,8242
2026-05-20T17:45:00+00:00,7427.560000000001,7428.580000000001,7421.060000000001,7423.560000000001,5175
2026-05-20T18:00:00+00:00,7423.560000000001,7429.830000000001,7418.180000000001,7425.580000000001,7573
2026-05-20T18:15:00+00:00,7425.580000000001,7427.830000000001,7421.080000000001,7425.820000000001,6014
2026-05-20T18:30:00+00:00,7425.820000000001,7433.560000000001,7422.560000000001,7422.820000000001,5770
2026-05-20T18:45:00+00:00,7422.820000000001,7428.080000000001,7421.560000000001,7426.560000000001,6344
2026-05-20T19:00:00+00:00,7426.560000000001,7432.080000000001,7425.060000000001,7430.310000000001,4790
2026-05-20T19:15:00+00:00,7430.310000000001,7434.580000000001,7429.060000000001,7433.310000000001,3871
2026-05-20T19:30:00+00:00,7433.310000000001,7441.080000000001,7430.560000000001,7437.320000000001,5663
2026-05-20T19:45:00+00:00,7437.320000000001,7439.950000000001,7430.570000000001,7437.810000000001,10568
2026-05-20T20:00:00+00:00,7437.810000000001,7438.030000000001,7430.530000000001,7434.280000000001,5447
2026-05-20T20:15:00+00:00,7434.280000000001,7439.760000000001,7415.520000000001,7438.530000000001,13930
2026-05-20T20:30:00+00:00,7438.530000000001,7439.770000000001,7422.260000000001,7425.010000000001,5819
2026-05-20T20:45:00+00:00,7425.010000000001,7427.630000000001,7417.520000000001,7419.750000000001,3218
2026-05-20T22:00:00+00:00,7419.750000000001,7419.750000000001,7393.2300000000005,7401.610000000001,7093
2026-05-20T22:15:00+00:00,7401.610000000001,7403.620000000001,7393.860000000001,7401.870000000001,3852
2026-05-20T22:30:00+00:00,7401.870000000001,7404.130000000001,7400.610000000001,7403.250000000001,1970
2026-05-20T22:45:00+00:00,7403.250000000001,7404.860000000001,7400.860000000001,7404.750000000001,1070
2026-05-20T23:00:00+00:00,7404.750000000001,7411.500000000001,7404.360000000001,7408.380000000001,1198
2026-05-20T23:15:00+00:00,7408.380000000001,7408.380000000001,7401.370000000001,7403.370000000001,1366
2026-05-20T23:30:00+00:00,7403.370000000001,7406.380000000001,7402.630000000001,7404.630000000001,1042
2026-05-20T23:45:00+00:00,7404.630000000001,7407.990000000001,7402.870000000001,7406.620000000001,2332
2026-05-21T00:00:00+00:00,7406.620000000001,7407.880000000001,7400.610000000001,7406.240000000001,6015
2026-05-21T00:15:00+00:00,7406.240000000001,7408.630000000001,7400.370000000001,7404.620000000001,4428
2026-05-21T00:30:00+00:00,7404.620000000001,7408.380000000001,7401.860000000001,7407.630000000001,2304
2026-05-21T00:45:00+00:00,7407.630000000001,7410.380000000001,7405.860000000001,7408.380000000001,1354
2026-05-21T01:00:00+00:00,7408.380000000001,7417.370000000001,7408.370000000001,7417.240000000001,1903
2026-05-21T01:15:00+00:00,7417.240000000001,7420.130000000001,7414.610000000001,7416.380000000001,1666
2026-05-21T01:30:00+00:00,7416.380000000001,7423.360000000001,7414.610000000001,7421.860000000001,2458
2026-05-21T01:45:00+00:00,7421.860000000001,7422.880000000001,7416.370000000001,7420.620000000001,1838
2026-05-21T02:00:00+00:00,7420.620000000001,7424.630000000001,7420.620000000001,7423.870000000001,1443
2026-05-21T02:15:00+00:00,7423.870000000001,7430.370000000001,7423.620000000001,7427.380000000001,1478
2026-05-21T02:30:00+00:00,7427.380000000001,7427.630000000001,7424.360000000001,7424.740000000001,1138
2026-05-21T02:45:00+00:00,7424.740000000001,7426.380000000001,7421.860000000001,7424.380000000001,1095
2026-05-21T03:00:00+00:00,7424.380000000001,7428.4800000000005,7423.870000000001,7427.130000000001,810
2026-05-21T03:15:00+00:00,7427.130000000001,7430.880000000001,7425.860000000001,7429.880000000001,991
2026-05-21T03:30:00+00:00,7429.880000000001,7433.630000000001,7428.860000000001,7433.610000000001,939
2026-05-21T03:45:00+00:00,7433.610000000001,7433.620000000001,7428.870000000001,7429.620000000001,924
2026-05-21T04:00:00+00:00,7429.620000000001,7434.130000000001,7429.120000000001,7433.610000000001,977
2026-05-21T04:15:00+00:00,7433.610000000001,7437.380000000001,7432.860000000001,7436.490000000001,985
2026-05-21T04:30:00+00:00,7436.490000000001,7437.120000000001,7433.360000000001,7436.110000000001,718
2026-05-21T04:45:00+00:00,7436.110000000001,7439.880000000001,7435.620000000001,7438.750000000001,738
2026-05-21T05:00:00+00:00,7438.750000000001,7443.130000000001,7437.860000000001,7438.9800000000005,1510
2026-05-21T05:15:00+00:00,7438.9800000000005,7441.630000000001,7435.860000000001,7436.490000000001,1366
2026-05-21T05:30:00+00:00,7436.490000000001,7436.610000000001,7431.870000000001,7433.880000000001,2481
2026-05-21T05:45:00+00:00,7433.880000000001,7434.130000000001,7419.610000000001,7431.610000000001,4466
2026-05-21T06:00:00+00:00,7431.610000000001,7437.130000000001,7430.110000000001,7431.360000000001,2861
2026-05-21T06:15:00+00:00,7431.360000000001,7437.130000000001,7427.610000000001,7433.250000000001,4328
2026-05-21T06:30:00+00:00,7433.250000000001,7434.630000000001,7424.370000000001,7424.880000000001,3064
2026-05-21T06:45:00+00:00,7424.880000000001,7424.990000000001,7418.610000000001,7423.630000000001,2866
2026-05-21T07:00:00+00:00,7423.630000000001,7425.380000000001,7414.610000000001,7416.360000000001,4491
2026-05-21T07:15:00+00:00,7416.360000000001,7418.630000000001,7412.110000000001,7416.240000000001,3743
2026-05-21T07:30:00+00:00,7416.240000000001,7420.630000000001,7415.620000000001,7420.130000000001,2122
2026-05-21T07:45:00+00:00,7420.130000000001,7427.370000000001,7418.120000000001,7425.990000000001,1883
2026-05-21T08:00:00+00:00,7425.990000000001,7446.880000000001,7425.110000000001,7446.4800000000005,4822
2026-05-21T08:15:00+00:00,7446.4800000000005,7455.620000000001,7437.110000000001,7445.360000000001,6517
2026-05-21T08:30:00+00:00,7445.360000000001,7445.380000000001,7436.860000000001,7440.620000000001,3539
2026-05-21T08:45:00+00:00,7440.620000000001,7441.880000000001,7435.490000000001,7438.110000000001,3784
2026-05-21T09:00:00+00:00,7438.110000000001,7444.630000000001,7437.120000000001,7443.120000000001,3389
2026-05-21T09:15:00+00:00,7443.120000000001,7449.380000000001,7442.860000000001,7447.610000000001,2409
2026-05-21T09:30:00+00:00,7447.610000000001,7449.630000000001,7439.110000000001,7439.870000000001,2433
2026-05-21T09:45:00+00:00,7439.870000000001,7442.990000000001,7438.610000000001,7440.620000000001,1592
2026-05-21T10:00:00+00:00,7440.620000000001,7443.380000000001,7436.860000000001,7443.2300000000005,1950
2026-05-21T10:15:00+00:00,7443.2300000000005,7444.630000000001,7413.110000000001,7418.860000000001,8263
2026-05-21T10:30:00+00:00,7418.860000000001,7420.130000000001,7403.620000000001,7410.870000000001,10735
2026-05-21T10:45:00+00:00,7410.870000000001,7411.880000000001,7400.860000000001,7409.240000000001,8030
2026-05-21T11:00:00+00:00,7409.240000000001,7415.630000000001,7404.610000000001,7414.110000000001,5618
2026-05-21T11:15:00+00:00,7414.110000000001,7423.630000000001,7413.620000000001,7418.990000000001,3801
2026-05-21T11:30:00+00:00,7418.990000000001,7421.360000000001,7413.610000000001,7414.630000000001,2944
2026-05-21T11:45:00+00:00,7414.630000000001,7420.870000000001,7414.610000000001,7415.740000000001,2423
2026-05-21T12:00:00+00:00,7415.740000000001,7418.380000000001,7411.360000000001,7412.990000000001,2698
2026-05-21T12:15:00+00:00,7412.990000000001,7415.880000000001,7407.890000000001,7411.240000000001,3253
2026-05-21T12:30:00+00:00,7411.240000000001,7422.120000000001,7408.110000000001,7411.110000000001,8375
2026-05-21T12:45:00+00:00,7411.110000000001,7413.630000000001,7403.4800000000005,7405.130000000001,6516
2026-05-21T13:00:00+00:00,7405.130000000001,7414.120000000001,7403.360000000001,7408.130000000001,8472
2026-05-21T13:15:00+00:00,7408.130000000001,7409.620000000001,7404.610000000001,7409.360000000001,5478
2026-05-21T13:30:00+00:00,7409.360000000001,7410.030000000001,7397.170000000001,7399.290000000001,28910
2026-05-21T13:45:00+00:00,7399.290000000001,7425.050000000001,7396.410000000001,7421.170000000001,30192
2026-05-21T14:00:00+00:00,7421.170000000001,7429.430000000001,7415.160000000001,7417.160000000001,19518
2026-05-21T14:15:00+00:00,7417.160000000001,7418.530000000001,7397.430000000001,7408.180000000001,29329
2026-05-21T14:30:00+00:00,7408.180000000001,7415.930000000001,7402.910000000001,7408.660000000001,20821
2026-05-21T14:45:00+00:00,7408.660000000001,7415.680000000001,7399.180000000001,7412.420000000001,18392
2026-05-21T15:00:00+00:00,7412.420000000001,7416.430000000001,7394.400000000001,7412.910000000001,20309
2026-05-21T15:15:00+00:00,7412.910000000001,7416.680000000001,7409.910000000001,7410.910000000001,13888
2026-05-21T15:30:00+00:00,7410.910000000001,7416.680000000001,7400.910000000001,7414.180000000001,12316
2026-05-21T15:45:00+00:00,7414.180000000001,7421.290000000001,7414.160000000001,7415.920000000001,7685
2026-05-21T16:00:00+00:00,7415.920000000001,7422.930000000001,7415.430000000001,7417.410000000001,8846
2026-05-21T16:15:00+00:00,7417.410000000001,7418.420000000001,7406.660000000001,7410.930000000001,8496
2026-05-21T16:30:00+00:00,7410.930000000001,7414.920000000001,7406.660000000001,7412.160000000001,6492
2026-05-21T16:45:00+00:00,7412.160000000001,7414.930000000001,7403.660000000001,7411.910000000001,5883
2026-05-21T17:00:00+00:00,7411.910000000001,7434.930000000001,7411.910000000001,7428.030000000001,14009
2026-05-21T17:15:00+00:00,7428.030000000001,7453.930000000001,7426.540000000001,7444.670000000001,22907
2026-05-21T17:30:00+00:00,7444.670000000001,7459.680000000001,7442.670000000001,7458.670000000001,11846
2026-05-21T17:45:00+00:00,7458.670000000001,7472.430000000001,7454.910000000001,7460.430000000001,11471
2026-05-21T18:00:00+00:00,7460.430000000001,7464.670000000001,7450.660000000001,7451.910000000001,12492
2026-05-21T18:15:00+00:00,7451.910000000001,7459.670000000001,7448.910000000001,7456.670000000001,8457
2026-05-21T18:30:00+00:00,7456.670000000001,7460.410000000001,7452.410000000001,7458.170000000001,6338
2026-05-21T18:45:00+00:00,7458.170000000001,7459.930000000001,7423.910000000001,7433.430000000001,22614
2026-05-21T19:00:00+00:00,7433.430000000001,7448.930000000001,7432.910000000001,7448.550000000001,11314
2026-05-21T19:15:00+00:00,7448.550000000001,7452.410000000001,7446.910000000001,7450.170000000001,6711
2026-05-21T19:30:00+00:00,7450.170000000001,7453.430000000001,7444.160000000001,7447.170000000001,5542
2026-05-21T19:45:00+00:00,7447.170000000001,7455.410000000001,7442.380000000001,7450.930000000001,12319
2026-05-21T20:00:00+00:00,7450.930000000001,7455.880000000001,7449.110000000001,7454.130000000001,2218
2026-05-21T20:15:00+00:00,7454.130000000001,7454.130000000001,7449.860000000001,7451.110000000001,772
2026-05-21T20:30:00+00:00,7451.110000000001,7453.630000000001,7450.860000000001,7452.860000000001,347
2026-05-21T20:45:00+00:00,7452.860000000001,7454.630000000001,7452.360000000001,7453.210000000001,377
2026-05-21T22:00:00+00:00,7453.210000000001,7462.790000000001,7453.170000000001,7462.160000000001,2836
2026-05-21T22:15:00+00:00,7462.160000000001,7463.170000000001,7457.650000000001,7459.900000000001,870
2026-05-21T22:30:00+00:00,7459.900000000001,7460.900000000001,7456.900000000001,7459.160000000001,1040
2026-05-21T22:45:00+00:00,7459.160000000001,7465.420000000001,7459.160000000001,7464.420000000001,939
2026-05-21T23:00:00+00:00,7464.420000000001,7465.670000000001,7463.400000000001,7464.170000000001,510
2026-05-21T23:15:00+00:00,7464.170000000001,7465.170000000001,7463.280000000001,7464.160000000001,338
2026-05-21T23:30:00+00:00,7464.160000000001,7466.660000000001,7462.670000000001,7464.920000000001,404
2026-05-21T23:45:00+00:00,7464.920000000001,7470.160000000001,7464.660000000001,7466.030000000001,1256
2026-05-22T00:00:00+00:00,7466.030000000001,7470.920000000001,7462.900000000001,7467.150000000001,3665
2026-05-22T00:15:00+00:00,7467.150000000001,7474.420000000001,7466.900000000001,7471.170000000001,3163
2026-05-22T00:30:00+00:00,7471.170000000001,7475.170000000001,7470.650000000001,7470.920000000001,2062
2026-05-22T00:45:00+00:00,7470.920000000001,7473.660000000001,7470.910000000001,7470.910000000001,1196
2026-05-22T01:00:00+00:00,7470.910000000001,7471.670000000001,7466.910000000001,7471.170000000001,2086
2026-05-22T01:15:00+00:00,7471.170000000001,7471.400000000001,7466.650000000001,7467.670000000001,1943
2026-05-22T01:30:00+00:00,7467.670000000001,7468.420000000001,7460.660000000001,7465.670000000001,2137
2026-05-22T01:45:00+00:00,7465.670000000001,7470.650000000001,7465.400000000001,7467.160000000001,1479
2026-05-22T02:00:00+00:00,7467.160000000001,7469.420000000001,7465.650000000001,7468.420000000001,1570
2026-05-22T02:15:00+00:00,7468.420000000001,7470.170000000001,7464.910000000001,7465.910000000001,1518
2026-05-22T02:30:00+00:00,7465.910000000001,7471.170000000001,7465.280000000001,7469.520000000001,1111
2026-05-22T02:45:00+00:00,7469.520000000001,7471.660000000001,7467.900000000001,7469.920000000001,1117
2026-05-22T03:00:00+00:00,7469.920000000001,7470.660000000001,7466.420000000001,7468.170000000001,1125
2026-05-22T03:15:00+00:00,7468.170000000001,7469.920000000001,7467.160000000001,7469.660000000001,1009
2026-05-22T03:30:00+00:00,7469.660000000001,7473.420000000001,7469.650000000001,7473.150000000001,818
2026-05-22T03:45:00+00:00,7473.150000000001,7475.400000000001,7472.920000000001,7475.170000000001,676
2026-05-22T04:00:00+00:00,7475.170000000001,7479.420000000001,7475.170000000001,7478.670000000001,697
2026-05-22T04:15:00+00:00,7478.670000000001,7479.660000000001,7477.170000000001,7479.160000000001,513
2026-05-22T04:30:00+00:00,7479.160000000001,7479.160000000001,7475.670000000001,7476.660000000001,752
2026-05-22T04:45:00+00:00,7476.660000000001,7480.400000000001,7476.650000000001,7479.780000000001,639
2026-05-22T05:00:00+00:00,7479.780000000001,7481.170000000001,7479.150000000001,7479.660000000001,1092
2026-05-22T05:15:00+00:00,7479.660000000001,7480.660000000001,7477.150000000001,7478.910000000001,911
2026-05-22T05:30:00+00:00,7478.910000000001,7479.920000000001,7476.150000000001,7478.410000000001,1308
2026-05-22T05:45:00+00:00,7478.410000000001,7479.910000000001,7470.900000000001,7471.900000000001,2248
2026-05-22T06:00:00+00:00,7471.900000000001,7476.040000000001,7469.650000000001,7475.900000000001,3393
2026-05-22T06:15:00+00:00,7475.900000000001,7478.420000000001,7473.150000000001,7476.400000000001,2705
2026-05-22T06:30:00+00:00,7476.400000000001,7481.170000000001,7474.020000000001,7479.400000000001,2046
2026-05-22T06:45:00+00:00,7479.400000000001,7479.660000000001,7474.650000000001,7475.400000000001,1477
2026-05-22T07:00:00+00:00,7475.400000000001,7475.920000000001,7468.150000000001,7469.290000000001,3177
2026-05-22T07:15:00+00:00,7469.290000000001,7476.420000000001,7469.280000000001,7475.650000000001,1604
2026-05-22T07:30:00+00:00,7475.650000000001,7475.910000000001,7468.150000000001,7472.170000000001,2618
2026-05-22T07:45:00+00:00,7472.170000000001,7475.670000000001,7470.400000000001,7475.160000000001,1466
2026-05-22T08:00:00+00:00,7475.160000000001,7478.790000000001,7474.400000000001,7475.910000000001,2852
2026-05-22T08:15:00+00:00,7475.910000000001,7487.160000000001,7475.900000000001,7480.650000000001,4000
2026-05-22T08:30:00+00:00,7480.650000000001,7481.170000000001,7470.400000000001,7475.900000000001,4408
2026-05-22T08:45:00+00:00,7475.900000000001,7479.170000000001,7471.410000000001,7471.900000000001,1969
2026-05-22T09:00:00+00:00,7471.900000000001,7471.910000000001,7462.290000000001,7463.160000000001,2799
2026-05-22T09:15:00+00:00,7463.160000000001,7466.920000000001,7461.650000000001,7463.040000000001,2359
2026-05-22T09:30:00+00:00,7463.040000000001,7468.920000000001,7459.650000000001,7468.410000000001,2353
2026-05-22T09:45:00+00:00,7468.410000000001,7472.170000000001,7466.900000000001,7469.920000000001,1500
2026-05-22T10:00:00+00:00,7469.920000000001,7470.170000000001,7464.650000000001,7465.170000000001,1970
2026-05-22T10:15:00+00:00,7465.170000000001,7466.170000000001,7458.670000000001,7459.660000000001,2220
2026-05-22T10:30:00+00:00,7459.660000000001,7461.160000000001,7455.910000000001,7459.170000000001,2123
2026-05-22T10:45:00+00:00,7459.170000000001,7462.420000000001,7458.410000000001,7461.170000000001,1826
2026-05-22T11:00:00+00:00,7461.170000000001,7465.170000000001,7459.650000000001,7460.650000000001,1858
2026-05-22T11:15:00+00:00,7460.650000000001,7462.910000000001,7459.150000000001,7461.150000000001,1687
2026-05-22T11:30:00+00:00,7461.150000000001,7465.920000000001,7459.040000000001,7465.660000000001,1616
2026-05-22T11:45:00+00:00,7465.660000000001,7472.670000000001,7465.150000000001,7467.420000000001,3469
2026-05-22T12:00:00+00:00,7467.420000000001,7485.920000000001,7464.650000000001,7482.020000000001,7179
2026-05-22T12:15:00+00:00,7482.020000000001,7485.420000000001,7472.400000000001,7477.410000000001,8699
2026-05-22T12:30:00+00:00,7477.410000000001,7481.920000000001,7476.660000000001,7480.900000000001,2719
2026-05-22T12:45:00+00:00,7480.900000000001,7489.920000000001,7480.660000000001,7489.280000000001,2842
2026-05-22T13:00:00+00:00,7489.280000000001,7494.170000000001,7482.400000000001,7489.170000000001,6047
2026-05-22T13:15:00+00:00,7489.170000000001,7491.670000000001,7481.400000000001,7483.170000000001,4289
2026-05-22T13:30:00+00:00,7483.170000000001,7502.720000000001,7477.700000000001,7495.080000000001,22450
2026-05-22T13:45:00+00:00,7495.080000000001,7502.220000000001,7487.210000000001,7496.340000000001,16726
2026-05-22T14:00:00+00:00,7496.340000000001,7496.710000000001,7472.6900000000005,7476.460000000001,21427
2026-05-22T14:15:00+00:00,7476.460000000001,7481.470000000001,7465.220000000001,7477.830000000001,14398
2026-05-22T14:30:00+00:00,7477.830000000001,7486.220000000001,7475.210000000001,7484.700000000001,7470
2026-05-22T14:45:00+00:00,7484.700000000001,7488.220000000001,7478.450000000001,7486.070000000001,6173
2026-05-22T15:00:00+00:00,7486.070000000001,7492.470000000001,7485.450000000001,7491.200000000001,4904
2026-05-22T15:15:00+00:00,7491.200000000001,7500.210000000001,7489.950000000001,7500.210000000001,4634
2026-05-22T15:30:00+00:00,7500.210000000001,7501.970000000001,7495.450000000001,7498.710000000001,4560
2026-05-22T15:45:00+00:00,7498.710000000001,7499.460000000001,7494.450000000001,7497.220000000001,3286
2026-05-22T16:00:00+00:00,7497.220000000001,7498.720000000001,7492.720000000001,7494.960000000001,3838
2026-05-22T16:15:00+00:00,7494.960000000001,7494.970000000001,7489.450000000001,7494.700000000001,4252
2026-05-22T16:30:00+00:00,7494.700000000001,7497.470000000001,7489.450000000001,7491.200000000001,4284
2026-05-22T16:45:00+00:00,7491.200000000001,7496.470000000001,7491.200000000001,7493.720000000001,3605
2026-05-22T17:00:00+00:00,7493.720000000001,7499.970000000001,7493.700000000001,7497.200000000001,2625
2026-05-22T17:15:00+00:00,7497.200000000001,7508.970000000001,7488.200000000001,7508.830000000001,10447
2026-05-22T17:30:00+00:00,7508.830000000001,7510.470000000001,7498.950000000001,7501.200000000001,9381
2026-05-22T17:45:00+00:00,7501.200000000001,7501.970000000001,7491.599999999999,7494.5,5125.194433115824
2026-05-22T18:00:00+00:00,7494.5,7497.75,7489.099999999999,7492.75,5881
2026-05-22T18:15:00+00:00,7492.75,7496.5,7490.23,7493.5,3891
2026-05-22T18:30:00+00:00,7493.5,7495.25,7488.62,7493.99,4318
2026-05-22T18:45:00+00:00,7493.99,7495.25,7489.74,7491.87,3124
2026-05-22T19:00:00+00:00,7491.87,7493,7481.98,7484.23,7565
2026-05-22T19:15:00+00:00,7484.23,7485.25,7475.48,7476.23,5323
2026-05-22T19:30:00+00:00,7476.23,7481.75,7472.969999999999,7477,6086
2026-05-22T19:45:00+00:00,7477,7483.25,7469.98,7476.99,7807
2026-05-22T20:00:00+00:00,7476.99,7481.2,7473.679999999999,7480.679999999999,2328
2026-05-22T20:15:00+00:00,7480.679999999999,7480.94,7477.4,7478.16,875
2026-05-22T20:30:00+00:00,7478.16,7479.92,7471.65,7472.02,3159
2026-05-24T22:00:00+00:00,7472.02,7521.02,7472.02,7519.51,6315
2026-05-24T22:15:00+00:00,7519.51,7521.02,7515.76,7516.78,1800
2026-05-24T22:30:00+00:00,7516.78,7522.52,7516.76,7521.26,1594
2026-05-24T22:45:00+00:00,7521.26,7525.28,7521.01,7521.77,992
2026-05-24T23:00:00+00:00,7521.77,7527.03,7521.77,7526.76,935
2026-05-24T23:15:00+00:00,7526.76,7527.03,7523.52,7524.52,373
2026-05-24T23:30:00+00:00,7524.52,7532.52,7524.52,7529.14,1753
2026-05-24T23:45:00+00:00,7529.14,7530.03,7525.26,7526.03,1294
2026-05-25T00:00:00+00:00,7526.03,7532.03,7523.76,7530.65,2510
2026-05-25T00:15:00+00:00,7530.65,7534.02,7528.01,7532.28,1892
2026-05-25T00:30:00+00:00,7532.28,7534.28,7531.51,7533.02,1008
2026-05-25T00:45:00+00:00,7533.02,7536.27,7529.76,7531.02,1542
2026-05-25T01:00:00+00:00,7531.02,7533.51,7529.51,7533.27,1711
2026-05-25T01:15:00+00:00,7533.27,7536.26,7532.01,7535.64,1027
2026-05-25T01:30:00+00:00,7535.64,7538.01,7534.76,7536.26,1052
2026-05-25T01:45:00+00:00,7536.26,7536.51,7534.01,7534.77,451
2026-05-25T02:00:00+00:00,7534.77,7538.03,7534.76,7536.51,496
2026-05-25T02:15:00+00:00,7536.51,7536.78,7534.02,7535.26,598
2026-05-25T02:30:00+00:00,7535.26,7536.53,7534.51,7536.51,403
2026-05-25T02:45:00+00:00,7536.51,7540.78,7536.51,7540.51,595
2026-05-25T03:00:00+00:00,7540.51,7547.03,7540.51,7544.53,1305
2026-05-25T03:15:00+00:00,7544.53,7547.78,7543.76,7545.01,858
2026-05-25T03:30:00+00:00,7545.01,7547.27,7544.76,7545.52,902
2026-05-25T03:45:00+00:00,7545.52,7546.28,7543.77,7544.26,562
2026-05-25T04:00:00+00:00,7544.26,7547.01,7544.26,7546.28,428
2026-05-25T04:15:00+00:00,7546.28,7547.03,7545.52,7546.52,292
2026-05-25T04:30:00+00:00,7546.52,7546.77,7544.76,7546.52,304
2026-05-25T04:45:00+00:00,7546.52,7550.03,7546.27,7547.78,410
2026-05-25T05:00:00+00:00,7547.78,7550.53,7547.78,7550.13,439
2026-05-25T05:15:00+00:00,7550.13,7552.53,7549.76,7551.27,404
2026-05-25T05:30:00+00:00,7551.27,7553.53,7550.51,7553.01,396
2026-05-25T05:45:00+00:00,7553.01,7553.01,7549.51,7549.77,328
2026-05-25T06:00:00+00:00,7549.77,7550.78,7547.78,7549.26,718
2026-05-25T06:15:00+00:00,7549.26,7549.28,7545.53,7549.03,570
2026-05-25T06:30:00+00:00,7549.03,7549.51,7547.02,7547.52,571
2026-05-25T06:45:00+00:00,7547.52,7551.28,7547.26,7548.28,833
2026-05-25T07:00:00+00:00,7548.28,7549.53,7545.76,7545.78,938
2026-05-25T07:15:00+00:00,7545.78,7547.26,7536.76,7544.53,2924
2026-05-25T07:30:00+00:00,7544.53,7554.78,7544.02,7549.26,2777
2026-05-25T07:45:00+00:00,7549.26,7550.52,7547.38,7549.77,925
2026-05-25T08:00:00+00:00,7549.77,7550.28,7544.01,7546.52,1312
2026-05-25T08:15:00+00:00,7546.52,7546.78,7541.76,7542.52,1048
2026-05-25T08:30:00+00:00,7542.52,7547.28,7541.51,7547.01,787
2026-05-25T08:45:00+00:00,7547.01,7548.78,7547.01,7548.52,530
2026-05-25T09:00:00+00:00,7548.52,7550.78,7548.03,7548.03,524
2026-05-25T09:15:00+00:00,7548.03,7549.03,7547.02,7547.78,323
2026-05-25T09:30:00+00:00,7547.78,7549.77,7546.51,7549.01,504
2026-05-25T09:45:00+00:00,7549.01,7549.78,7548.15,7548.28,406
2026-05-25T10:00:00+00:00,7548.28,7550.28,7546.76,7550.15,432
2026-05-25T10:15:00+00:00,7550.15,7552.03,7549.26,7550.02,494
2026-05-25T10:30:00+00:00,7550.02,7551.28,7548.77,7551.03,396
2026-05-25T10:45:00+00:00,7551.03,7551.28,7549.26,7550.28,294
2026-05-25T11:00:00+00:00,7550.28,7550.53,7548.01,7550.02,461
2026-05-25T11:15:00+00:00,7550.02,7551.28,7549.51,7550.51,342
2026-05-25T11:30:00+00:00,7550.51,7553.27,7550.38,7552.53,564
2026-05-25T11:45:00+00:00,7552.53,7555.03,7552.02,7552.77,694
2026-05-25T12:00:00+00:00,7552.77,7554.03,7551.01,7551.77,648
2026-05-25T12:15:00+00:00,7551.77,7557.28,7550.76,7552.51,1069
2026-05-25T12:30:00+00:00,7552.51,7553.03,7549.76,7550.02,455
2026-05-25T12:45:00+00:00,7550.02,7550.52,7546.76,7547.76,735
2026-05-25T13:00:00+00:00,7547.76,7548.53,7546.76,7548.02,572
2026-05-25T13:15:00+00:00,7548.02,7548.03,7546.26,7547.28,505
2026-05-25T13:30:00+00:00,7547.28,7553.58,7547.08,7552.81,925
2026-05-25T13:45:00+00:00,7552.81,7554.33,7550.58,7553.81,808
2026-05-25T14:00:00+00:00,7553.81,7554.06,7549.07,7549.08,811
2026-05-25T14:15:00+00:00,7549.08,7550.08,7547.33,7548.06,766
2026-05-25T14:30:00+00:00,7548.06,7548.32,7542.82,7543.33,817
2026-05-25T14:45:00+00:00,7543.33,7546.82,7542.95,7544.33,968
2026-05-25T15:00:00+00:00,7544.33,7558.57,7543.06,7552.57,3433
2026-05-25T15:15:00+00:00,7552.57,7554.58,7547.06,7547.06,2061
2026-05-25T15:30:00+00:00,7547.06,7549.08,7545.45,7547.93,857
2026-05-25T15:45:00+00:00,7547.93,7549.33,7546.32,7547.58,530
2026-05-25T16:00:00+00:00,7547.58,7548.33,7546.07,7547.56,434
2026-05-25T16:15:00+00:00,7547.56,7548.82,7544.56,7544.56,373
2026-05-25T16:30:00+00:00,7544.56,7547.33,7544.07,7547.33,329
2026-05-25T16:45:00+00:00,7547.33,7553.33,7546.81,7553.33,1068
2026-05-25T17:00:00+00:00,7553.33,7556.13,7546.880000000001,7546.880000000001,176.12321787412205
2026-05-25T17:15:00+00:00,7546.880000000001,7547.9800000000005,7542.48,7546.9800000000005,147.84237157765995
2026-05-25T17:30:00+00:00,7546.9800000000005,7547.4800000000005,7545.28,7545.88,58.678261946946506
2026-05-25T17:45:00+00:00,7545.28,7545.28,7543.08,7543.08,12.013592898470462
2026-05-25T18:00:00+00:00,7541.9800000000005,7543.08,7541.9800000000005,7541.9800000000005,28.403552976343168
2026-05-25T18:15:00+00:00,7541.9800000000005,7541.9800000000005,7540.38,7541.9800000000005,340.1144585938641
2026-05-25T18:30:00+00:00,7540.88,7541.88,7540.88,7540.88,130.87903406681636
2026-05-25T18:45:00+00:00,7541.38,7543.08,7539.88,7543.08,189.6424131657596
2026-05-25T19:00:00+00:00,7541.9800000000005,7543.08,7540.78,7540.78,54.741256815219884
2026-05-25T19:15:00+00:00,7540.78,7541.4800000000005,7539.28,7540.88,100.58073313482313
2026-05-25T19:30:00+00:00,7540.88,7544.9800000000005,7540.88,7543.38,304.60854301745917
2026-05-25T19:45:00+00:00,7543.38,7545.280000000002,7538.4800000000005,7540.780000000001,775.8061279700553
2026-05-25T22:00:00+00:00,7553.33,7554.8,7544.3,7544.8,3975
2026-05-25T22:15:00+00:00,7544.8,7547.81,7543.55,7545.82,1291
2026-05-25T22:30:00+00:00,7545.82,7545.82,7538.06,7542.56,2015
2026-05-25T22:45:00+00:00,7542.56,7542.68,7536.8,7538.32,1168
2026-05-25T23:00:00+00:00,7538.32,7540.07,7535.05,7536.07,1359
2026-05-25T23:15:00+00:00,7536.07,7536.82,7531.56,7533.3,1520
2026-05-25T23:30:00+00:00,7533.3,7536.82,7532.56,7535.92,918
2026-05-25T23:45:00+00:00,7535.92,7539.57,7535.82,7536.55,1250
2026-05-26T00:00:00+00:00,7536.55,7537.06,7524.82,7528.82,5601
2026-05-26T00:15:00+00:00,7528.82,7531.32,7525.82,7530.82,2678
2026-05-26T00:30:00+00:00,7530.82,7534.57,7528.3,7528.8,1804
2026-05-26T00:45:00+00:00,7528.8,7530.31,7526.3,7528.81,1577
2026-05-26T01:00:00+00:00,7528.81,7530.18,7524.55,7529.81,2798
2026-05-26T01:15:00+00:00,7529.81,7530.07,7523.56,7525.06,2198
2026-05-26T01:30:00+00:00,7525.06,7525.32,7520.55,7523.32,2536
2026-05-26T01:45:00+00:00,7523.32,7528.06,7523.05,7527.81,1198
2026-05-26T02:00:00+00:00,7527.81,7529.82,7526.8,7528.06,919
2026-05-26T02:15:00+00:00,7528.06,7529.81,7523.82,7527.31,998
2026-05-26T02:30:00+00:00,7527.31,7528.57,7525.05,7526.07,1014
2026-05-26T02:45:00+00:00,7526.07,7527.57,7525.3,7527.05,640
2026-05-26T03:00:00+00:00,7527.05,7528.57,7525.32,7525.55,693
2026-05-26T03:15:00+00:00,7525.55,7529.82,7525.31,7529.05,625
2026-05-26T03:30:00+00:00,7529.05,7530.07,7528.3,7528.32,539
2026-05-26T03:45:00+00:00,7528.32,7530.32,7527.3,7529.3,386
2026-05-26T04:00:00+00:00,7529.3,7531.3,7526.8,7531.3,434
2026-05-26T04:15:00+00:00,7531.3,7531.56,7528.92,7528.92,379
2026-05-26T04:30:00+00:00,7528.92,7531.07,7528.3,7528.81,414
2026-05-26T04:45:00+00:00,7528.81,7528.82,7526.3,7527.57,631
2026-05-26T05:00:00+00:00,7527.57,7528.81,7524.3,7527.82,980
2026-05-26T05:15:00+00:00,7527.82,7529.32,7527.32,7528.81,574
2026-05-26T05:30:00+00:00,7528.81,7530.07,7526.31,7527.57,647
2026-05-26T05:45:00+00:00,7527.57,7528.32,7525.05,7526.3,540
2026-05-26T06:00:00+00:00,7526.3,7530.56,7525.05,7530.06,867
2026-05-26T06:15:00+00:00,7530.06,7532.8,7525.05,7527.81,1359
2026-05-26T06:30:00+00:00,7527.81,7533.32,7526.8,7531.55,1410
2026-05-26T06:45:00+00:00,7531.55,7531.57,7527.55,7528.57,705
2026-05-26T07:00:00+00:00,7528.57,7530.07,7518.31,7521.56,3567
2026-05-26T07:15:00+00:00,7521.56,7522.55,7517.55,7519.81,2163
2026-05-26T07:30:00+00:00,7519.81,7522.07,7514.55,7521.81,2312
2026-05-26T07:45:00+00:00,7521.81,7524.06,7517.3,7520.06,1416
2026-05-26T08:00:00+00:00,7520.06,7522.06,7517.06,7519.07,1840
2026-05-26T08:15:00+00:00,7519.07,7521.57,7518.07,7520.06,1324
2026-05-26T08:30:00+00:00,7520.06,7521.32,7517.55,7520.55,1307
2026-05-26T08:45:00+00:00,7520.55,7522.32,7518.3,7521.57,954
2026-05-26T09:00:00+00:00,7521.57,7523.07,7519.55,7519.8,1157
2026-05-26T09:15:00+00:00,7519.8,7526.56,7518.81,7526.07,1471
2026-05-26T09:30:00+00:00,7526.07,7527.82,7524.8,7525.07,952
2026-05-26T09:45:00+00:00,7525.07,7527.57,7524.82,7526.55,727
2026-05-26T10:00:00+00:00,7526.55,7530.82,7525.32,7530.67,789
2026-05-26T10:15:00+00:00,7530.67,7536.31,7529.56,7535.06,1474
2026-05-26T10:30:00+00:00,7535.06,7540.06,7533.3,7534.07,2219
2026-05-26T10:45:00+00:00,7534.07,7534.3,7531.05,7531.32,1115
2026-05-26T11:00:00+00:00,7531.32,7533.19,7529.05,7529.3,1100
2026-05-26T11:15:00+00:00,7529.3,7532.82,7528.56,7530.06,944
2026-05-26T11:30:00+00:00,7530.06,7532.32,7521.17,7529.82,3482
2026-05-26T11:45:00+00:00,7529.82,7530.82,7528.32,7529.06,863
2026-05-26T12:00:00+00:00,7529.06,7531.07,7524.8,7529.94,1946
2026-05-26T12:15:00+00:00,7529.94,7534.69,7528.81,7534.05,858
2026-05-26T12:30:00+00:00,7534.05,7537.3,7532.3,7534.31,1189
2026-05-26T12:45:00+00:00,7534.31,7534.82,7531.69,7532.81,1440
2026-05-26T13:00:00+00:00,7532.81,7533.57,7529.3,7531.56,1405
2026-05-26T13:15:00+00:00,7531.56,7532.82,7523.05,7523.05,1510
2026-05-26T13:30:00+00:00,7523.05,7529.73,7513.85,7529.11,13694
2026-05-26T13:45:00+00:00,7529.11,7533.87,7518.6,7530.37,12301
2026-05-26T14:00:00+00:00,7530.37,7537.37,7527.85,7537.11,8691
2026-05-26T14:15:00+00:00,7537.11,7541.62,7534.35,7538.6,6235
2026-05-26T14:30:00+00:00,7538.6,7544.12,7536.35,7543.11,6023
2026-05-26T14:45:00+00:00,7543.11,7543.62,7534.6,7536.87,4612
2026-05-26T15:00:00+00:00,7536.87,7537.62,7526.12,7528.62,7425
2026-05-26T15:15:00+00:00,7528.62,7528.62,7519.61,7520.87,7192
2026-05-26T15:30:00+00:00,7520.87,7522.62,7514.12,7516.37,7972
2026-05-26T15:45:00+00:00,7516.37,7516.87,7506.1,7512.11,10022
2026-05-26T16:00:00+00:00,7512.11,7516.87,7508.6,7511.61,5459
2026-05-26T16:15:00+00:00,7511.61,7520.12,7510.6,7519.87,3538
2026-05-26T16:30:00+00:00,7519.87,7522.99,7514.6,7515.1,3756
2026-05-26T16:45:00+00:00,7515.1,7516.87,7511.1,7512.48,4282
2026-05-26T17:00:00+00:00,7512.48,7516.87,7511.6,7515.37,3700
2026-05-26T17:15:00+00:00,7515.37,7515.62,7507.6,7508.85,3708
2026-05-26T17:30:00+00:00,7508.85,7514.12,7507.35,7510.87,3412
2026-05-26T17:45:00+00:00,7510.87,7515.87,7510.35,7512.87,2691
2026-05-26T18:00:00+00:00,7512.87,7519.61,7510.6,7519.12,2732
2026-05-26T18:15:00+00:00,7519.12,7522.62,7518.6,7519.11,2741
2026-05-26T18:30:00+00:00,7519.11,7522.62,7516.6,7516.62,2164
2026-05-26T18:45:00+00:00,7516.62,7518.61,7512.85,7513.6,2440
2026-05-26T19:00:00+00:00,7513.6,7517.12,7511.1,7514.36,3012
2026-05-26T19:15:00+00:00,7514.36,7518.37,7514.36,7517.61,1818
2026-05-26T19:30:00+00:00,7517.61,7528.12,7517.35,7527.6,2103
2026-05-26T19:45:00+00:00,7527.6,7531.37,7523.35,7528.12,4533
2026-05-26T20:00:00+00:00,7528.12,7529.56,7524.81,7524.81,1396
2026-05-26T20:15:00+00:00,7524.81,7527.81,7523.81,7524.32,419
2026-05-26T20:30:00+00:00,7524.32,7526.32,7524.05,7524.8,195.27920849701732
2026-05-26T20:45:00+00:00,7524.8,7525.07,7520.07,7521.82,513
2026-05-26T22:00:00+00:00,7521.82,7527.35,7518.86,7521.48,2002
2026-05-26T22:15:00+00:00,7521.48,7524.12,7519.6,7522.36,755
2026-05-26T22:30:00+00:00,7522.36,7525.61,7522.35,7522.99,458
2026-05-26T22:45:00+00:00,7522.99,7524.12,7520.85,7522.87,582
2026-05-26T23:00:00+00:00,7522.87,7525.6,7522.87,7523.36,574
2026-05-26T23:15:00+00:00,7523.36,7528.61,7522.87,7528.37,651
2026-05-26T23:30:00+00:00,7528.37,7531.37,7526.1,7531.37,711
2026-05-26T23:45:00+00:00,7531.37,7534.11,7530.86,7533.11,1313
2026-05-27T00:00:00+00:00,7533.11,7534.62,7531.6,7533.24,2919
2026-05-27T00:15:00+00:00,7533.24,7533.24,7527.12,7531.87,2182
2026-05-27T00:30:00+00:00,7531.87,7535.62,7530.6,7533.35,1927
2026-05-27T00:45:00+00:00,7533.35,7536.62,7532.37,7535.23,1758
2026-05-27T01:00:00+00:00,7535.23,7538.11,7533.35,7537.36,2185
2026-05-27T01:15:00+00:00,7537.36,7538.12,7535.35,7536.6,889
2026-05-27T01:30:00+00:00,7536.6,7536.87,7534.86,7534.87,1205
2026-05-27T01:45:00+00:00,7534.87,7535.12,7531.12,7531.85,1065
2026-05-27T02:00:00+00:00,7531.85,7534.37,7531.85,7533.61,967
2026-05-27T02:15:00+00:00,7533.61,7536.12,7533.47,7535.11,735
2026-05-27T02:30:00+00:00,7535.11,7536.35,7533.6,7534.6,586
2026-05-27T02:45:00+00:00,7534.6,7536.37,7533.6,7533.61,590
2026-05-27T03:00:00+00:00,7533.61,7536.12,7532.85,7533.12,597
2026-05-27T03:15:00+00:00,7533.12,7533.62,7531.35,7532.36,460
2026-05-27T03:30:00+00:00,7532.36,7532.87,7529.61,7531.35,652
2026-05-27T03:45:00+00:00,7531.35,7531.37,7527.85,7528.37,742
2026-05-27T04:00:00+00:00,7528.37,7531.87,7527.85,7530.1,886
2026-05-27T04:15:00+00:00,7530.1,7530.37,7525.1,7525.62,1173
2026-05-27T04:30:00+00:00,7525.62,7530.37,7524.87,7530.37,1238
2026-05-27T04:45:00+00:00,7530.37,7532.62,7530.1,7530.86,804
2026-05-27T05:00:00+00:00,7530.86,7533.11,7529.85,7531.6,1350
2026-05-27T05:15:00+00:00,7531.6,7532.12,7528.35,7531.86,1381
2026-05-27T05:30:00+00:00,7531.86,7532.62,7527.35,7532.12,1497
2026-05-27T05:45:00+00:00,7532.12,7534.36,7530.6,7533.36,1256
2026-05-27T06:00:00+00:00,7533.36,7535.11,7531.6,7532.85,1720
2026-05-27T06:15:00+00:00,7532.85,7533.87,7529.85,7530.99,1054
2026-05-27T06:30:00+00:00,7530.99,7531.6,7526.6,7528.97,1283
2026-05-27T06:45:00+00:00,7528.97,7530.87,7528.11,7529.48,809
2026-05-27T07:00:00+00:00,7529.48,7534.87,7529.37,7534.86,1803
2026-05-27T07:15:00+00:00,7534.86,7536.87,7533.6,7535.85,983
2026-05-27T07:30:00+00:00,7535.85,7537.87,7534.6,7536.86,971
2026-05-27T07:45:00+00:00,7536.86,7537.87,7534.11,7537.35,822
2026-05-27T08:00:00+00:00,7537.35,7541.6,7536.6,7541.12,1919
2026-05-27T08:15:00+00:00,7541.12,7548.1,7541.1,7546.61,1741
2026-05-27T08:30:00+00:00,7546.61,7548.36,7544.37,7548.36,1321
2026-05-27T08:45:00+00:00,7548.36,7549.12,7546.6,7547.12,885
2026-05-27T09:00:00+00:00,7547.12,7548.12,7545.35,7547.35,1109
2026-05-27T09:15:00+00:00,7547.35,7548.61,7546.12,7546.6,866
2026-05-27T09:30:00+00:00,7546.6,7550.48,7545.35,7547.6,873
2026-05-27T09:45:00+00:00,7547.6,7550.62,7546.6,7549.62,733
2026-05-27T10:00:00+00:00,7549.62,7554.37,7549.35,7554.12,1118
2026-05-27T10:15:00+00:00,7554.12,7554.37,7550.6,7551.12,514
2026-05-27T10:30:00+00:00,7551.12,7551.12,7548.85,7549.85,693
2026-05-27T10:45:00+00:00,7549.85,7552.37,7549.85,7551.37,616
2026-05-27T11:00:00+00:00,7551.37,7555.87,7550.35,7552.62,1570
2026-05-27T11:15:00+00:00,7552.62,7554.62,7549.35,7549.49,1756
2026-05-27T11:30:00+00:00,7549.49,7550.12,7545.6,7546.11,1384
2026-05-27T11:45:00+00:00,7546.11,7546.37,7540.1,7540.61,1233
2026-05-27T12:00:00+00:00,7540.61,7540.87,7536.85,7538.11,1480
2026-05-27T12:15:00+00:00,7538.11,7560.12,7534.87,7556.35,13372
2026-05-27T12:30:00+00:00,7556.35,7557.62,7547.6,7547.85,5462
2026-05-27T12:45:00+00:00,7547.85,7547.87,7541.1,7542.1,2620
2026-05-27T13:00:00+00:00,7542.1,7543.12,7534.35,7536.85,3263
2026-05-27T13:15:00+00:00,7536.85,7537.87,7531.36,7531.36,2976
2026-05-27T13:30:00+00:00,7531.36,7535.67,7515.16,7517.65,17757
2026-05-27T13:45:00+00:00,7517.65,7527.92,7515.9,7527.67,18276
2026-05-27T14:00:00+00:00,7527.67,7535.92,7524.15,7530.92,14137
2026-05-27T14:15:00+00:00,7530.92,7536.67,7518.17,7523.15,17955
2026-05-27T14:30:00+00:00,7523.15,7533.17,7515.41,7527.17,17251
2026-05-27T14:45:00+00:00,7527.17,7528.42,7517.42,7519.67,10167
2026-05-27T15:00:00+00:00,7519.67,7524.17,7516.65,7521.16,8936
2026-05-27T15:15:00+00:00,7521.16,7521.17,7511.65,7518.16,8373
2026-05-27T15:30:00+00:00,7518.16,7524.42,7507.9,7508.92,9413
2026-05-27T15:45:00+00:00,7508.92,7515.41,7506.15,7513.65,9371
2026-05-27T16:00:00+00:00,7513.65,7519.92,7508.65,7518.4,6681
2026-05-27T16:15:00+00:00,7518.4,7520.92,7516.16,7519.17,4377
2026-05-27T16:30:00+00:00,7519.17,7526.92,7517.4,7525.15,3483
2026-05-27T16:45:00+00:00,7525.15,7529.04,7518.66,7520.4,3827
2026-05-27T17:00:00+00:00,7520.4,7521.42,7504.65,7511.67,8142
2026-05-27T17:15:00+00:00,7511.67,7517.67,7510.15,7514.42,3556
2026-05-27T17:30:00+00:00,7514.42,7521.92,7514.03,7516.66,3479
2026-05-27T17:45:00+00:00,7516.66,7523.42,7514.65,7520.16,3246
2026-05-27T18:00:00+00:00,7520.16,7523.42,7516.15,7523.15,3227
2026-05-27T18:15:00+00:00,7523.15,7531.17,7521.9,7530.15,3090
2026-05-27T18:30:00+00:00,7530.15,7532.16,7527.16,7531.16,2545
2026-05-27T18:45:00+00:00,7531.16,7533.92,7529.87,7531.42,2096
2026-05-27T19:00:00+00:00,7531.42,7534.67,7529.13,7532.41,2428
2026-05-27T19:15:00+00:00,7532.41,7533.42,7526.4,7528.9,2139
2026-05-27T19:30:00+00:00,7528.9,7532.41,7526.9,7532.16,2732
2026-05-27T19:45:00+00:00,7532.16,7532.17,7524.9,7529.17,4787
2026-05-27T20:00:00+00:00,7529.17,7533.36,7527.85,7532.61,1474
2026-05-27T20:15:00+00:00,7532.61,7538.62,7532.6,7535.6,849
2026-05-27T20:30:00+00:00,7535.6,7538.62,7535.37,7538.35,355
2026-05-27T20:45:00+00:00,7538.35,7546.11,7538.35,7543.96,315
2026-05-27T22:00:00+00:00,7543.96,7547.76,7539.01,7540,2311
2026-05-27T22:15:00+00:00,7540,7541.99,7534.99,7535.25,1182
2026-05-27T22:30:00+00:00,7535.25,7537.76,7531.24,7534.62,1858
2026-05-27T22:45:00+00:00,7534.62,7537.01,7533.74,7536.12,802
2026-05-27T23:00:00+00:00,7536.12,7538.01,7534.38,7535.650000000001,753.4487924182207
2026-05-27T23:15:00+00:00,7535.650000000001,7539.400000000001,7531.14,7533.89,1909
2026-05-27T23:30:00+00:00,7533.89,7533.89,7526.88,7527.900000000001,1255
2026-05-27T23:45:00+00:00,7527.900000000001,7528.150000000001,7522.38,7524.75,2142
2026-05-28T00:00:00+00:00,7524.75,7530.150000000001,7522.650000000001,7524.39,4991
2026-05-28T00:15:00+00:00,7524.39,7532.64,7523.88,7530.400000000001,3073
2026-05-28T00:30:00+00:00,7530.400000000001,7532.64,7526.39,7531.52,2671
2026-05-28T00:45:00+00:00,7531.52,7541.900000000001,7531.38,7539.39,2181
2026-05-28T01:00:00+00:00,7539.39,7540.650000000001,7534.38,7537.52,2866
2026-05-28T01:15:00+00:00,7537.52,7538.650000000001,7534.13,7536.64,2240
2026-05-28T01:30:00+00:00,7536.64,7539.400000000001,7534.89,7535.51,2275
2026-05-28T01:45:00+00:00,7535.51,7540.650000000001,7533.13,7539.63,1855
2026-05-28T02:00:00+00:00,7539.63,7540.900000000001,7532.89,7533.150000000001,2050
2026-05-28T02:15:00+00:00,7533.150000000001,7533.650000000001,7527.88,7527.88,1254
2026-05-28T02:30:00+00:00,7527.88,7529.650000000001,7523.39,7524.650000000001,1578
2026-05-28T02:45:00+00:00,7524.650000000001,7527.900000000001,7522.64,7524.39,1121
2026-05-28T03:00:00+00:00,7524.39,7526.650000000001,7518.150000000001,7520.39,2541
2026-05-28T03:15:00+00:00,7520.39,7523.150000000001,7517.14,7517.39,2447
2026-05-28T03:30:00+00:00,7517.39,7517.650000000001,7503.13,7503.25,6665
2026-05-28T03:45:00+00:00,7503.25,7508.400000000001,7501.650000000001,7502.900000000001,4485
2026-05-28T04:00:00+00:00,7502.900000000001,7505,7497.38,7499.88,4704
2026-05-28T04:15:00+00:00,7499.88,7501.650000000001,7496.14,7499.650000000001,3858
2026-05-28T04:30:00+00:00,7499.650000000001,7505.39,7498.400000000001,7501.88,2238
2026-05-28T04:45:00+00:00,7501.88,7503.150000000001,7499.13,7500.26,1709
2026-05-28T05:00:00+00:00,7500.26,7504.89,7497.25,7504.14,3055
2026-05-28T05:15:00+00:00,7504.14,7507.900000000001,7502.400000000001,7507.88,2025
2026-05-28T05:30:00+00:00,7507.88,7516.900000000001,7507.38,7515.14,2600
2026-05-28T05:45:00+00:00,7515.14,7519.400000000001,7515.13,7518.14,1140
2026-05-28T06:00:00+00:00,7518.14,7520.900000000001,7517.63,7520.38,1206
2026-05-28T06:15:00+00:00,7520.38,7521.650000000001,7518.26,7519.400000000001,1062
2026-05-28T06:30:00+00:00,7519.400000000001,7519.400000000001,7514.400000000001,7517.650000000001,1001
2026-05-28T06:45:00+00:00,7517.650000000001,7519.150000000001,7513.88,7518.63,1016
2026-05-28T07:00:00+00:00,7518.63,7524.650000000001,7518.39,7520.63,2272
2026-05-28T07:15:00+00:00,7520.63,7521.89,7518.88,7519.89,1344
2026-05-28T07:30:00+00:00,7519.89,7521.650000000001,7518.13,7520.14,1338
2026-05-28T07:45:00+00:00,7520.14,7522.400000000001,7515.63,7521.900000000001,1596
2026-05-28T08:00:00+00:00,7521.900000000001,7524.89,7519.88,7522.14,2846
2026-05-28T08:15:00+00:00,7522.14,7524.650000000001,7517.13,7520.14,1734
2026-05-28T08:30:00+00:00,7520.14,7523.400000000001,7519.14,7520.64,1296
2026-05-28T08:45:00+00:00,7520.64,7523.650000000001,7519.64,7523.38,885
2026-05-28T09:00:00+00:00,7523.38,7526.02,7520.14,7521.39,1018
2026-05-28T09:15:00+00:00,7521.39,7524.63,7521.13,7521.89,827
2026-05-28T09:30:00+00:00,7521.89,7521.900000000001,7517.64,7519.38,1038
2026-05-28T09:45:00+00:00,7519.38,7523.89,7518.650000000001,7522.52,897
2026-05-28T10:00:00+00:00,7522.52,7522.650000000001,7518.38,7518.89,845
2026-05-28T10:15:00+00:00,7518.89,7520.400000000001,7514.38,7517.400000000001,1270
2026-05-28T10:30:00+00:00,7517.400000000001,7518.400000000001,7513.63,7513.88,1174
2026-05-28T10:45:00+00:00,7513.88,7516.650000000001,7505.38,7509.51,3332
2026-05-28T11:00:00+00:00,7509.51,7513.52,7507.88,7508.63,2980
2026-05-28T11:15:00+00:00,7508.63,7512.650000000001,7508.02,7508.76,1537
2026-05-28T11:30:00+00:00,7508.76,7514.89,7507.13,7514.64,1885
2026-05-28T11:45:00+00:00,7514.64,7514.900000000001,7510.63,7512.150000000001,1207
2026-05-28T12:00:00+00:00,7512.150000000001,7516.150000000001,7511.13,7515.400000000001,1707
2026-05-28T12:15:00+00:00,7515.400000000001,7515.900000000001,7511.38,7515.01,1663
2026-05-28T12:30:00+00:00,7515.01,7526.150000000001,7514.89,7525.88,3774
2026-05-28T12:45:00+00:00,7525.88,7529.900000000001,7525.13,7528.400000000001,2685
2026-05-28T13:00:00+00:00,7528.400000000001,7534.14,7525.88,7525.900000000001,2672
2026-05-28T13:15:00+00:00,7525.900000000001,7528.900000000001,7524.88,7525.400000000001,1865
2026-05-28T13:30:00+00:00,7525.400000000001,7527.68,7515.6900000000005,7518.9400000000005,11901
2026-05-28T13:45:00+00:00,7518.9400000000005,7527.200000000001,7516.43,7525.93,9336
2026-05-28T14:00:00+00:00,7525.93,7564.200000000001,7523.660000000001,7554.9400000000005,20979
2026-05-28T14:15:00+00:00,7554.9400000000005,7559.200000000001,7543.68,7551.700000000001,21963
2026-05-28T14:30:00+00:00,7551.700000000001,7554.200000000001,7541.43,7548.950000000001,13021
2026-05-28T14:45:00+00:00,7548.950000000001,7553.93,7542.450000000001,7552.93,10707
2026-05-28T15:00:00+00:00,7552.93,7563.700000000001,7551.93,7557.43,7619
2026-05-28T15:15:00+00:00,7557.43,7565.950000000001,7555.43,7563.9400000000005,4448
2026-05-28T15:30:00+00:00,7563.9400000000005,7566.81,7562.18,7564.4400000000005,3615
2026-05-28T15:45:00+00:00,7564.4400000000005,7567.200000000001,7562.68,7565.18,2211
2026-05-28T16:00:00+00:00,7565.18,7566.450000000001,7561.18,7566.200000000001,2242
2026-05-28T16:15:00+00:00,7566.200000000001,7572.950000000001,7564.43,7568.200000000001,3280
2026-05-28T16:30:00+00:00,7568.200000000001,7569.200000000001,7564.93,7568.6900000000005,1880
2026-05-28T16:45:00+00:00,7568.6900000000005,7572.1900000000005,7566.93,7571.450000000001,1567
2026-05-28T17:00:00+00:00,7571.450000000001,7573.200000000001,7566.93,7567.200000000001,1679
2026-05-28T17:15:00+00:00,7567.200000000001,7569.450000000001,7565.160000000001,7566.950000000001,1729
2026-05-28T17:30:00+00:00,7566.950000000001,7569.950000000001,7565.43,7569.1900000000005,1594
2026-05-28T17:45:00+00:00,7569.1900000000005,7573.700000000001,7568.68,7571.43,1792
2026-05-28T18:00:00+00:00,7571.43,7573.200000000001,7569.18,7569.450000000001,1689
2026-05-28T18:15:00+00:00,7569.450000000001,7572.9400000000005,7568.43,7572.1900000000005,2792
2026-05-28T18:30:00+00:00,7572.1900000000005,7572.1900000000005,7566.93,7567.9400000000005,1684
2026-05-28T18:45:00+00:00,7567.9400000000005,7570.450000000001,7566.43,7566.950000000001,1289
2026-05-28T19:00:00+00:00,7566.950000000001,7569.700000000001,7565.68,7567.200000000001,1298
2026-05-28T19:15:00+00:00,7567.200000000001,7572.450000000001,7566.43,7572.43,1283
2026-05-28T19:30:00+00:00,7572.43,7576.700000000001,7571.9400000000005,7572.4400000000005,1976
2026-05-28T19:45:00+00:00,7572.4400000000005,7574.950000000001,7570.200000000001,7572.18,3436
2026-05-28T20:00:00+00:00,7572.18,7580.38,7570.38,7579.900000000001,996
2026-05-28T20:15:00+00:00,7579.900000000001,7580.650000000001,7577.38,7580.14,547
2026-05-28T20:30:00+00:00,7580.14,7580.900000000001,7577.88,7578.150000000001,414
2026-05-28T20:45:00+00:00,7578.150000000001,7579.900000000001,7577.88,7578.150000000001,432
2026-05-28T22:00:00+00:00,7578.150000000001,7583.06,7576.1900000000005,7578.450000000001,2237
2026-05-28T22:15:00+00:00,7578.450000000001,7578.950000000001,7575.68,7576.950000000001,804
2026-05-28T22:30:00+00:00,7576.950000000001,7578.950000000001,7575.68,7577.700000000001,626
2026-05-28T22:45:00+00:00,7577.700000000001,7578.68,7575.93,7575.93,402
2026-05-28T23:00:00+00:00,7575.93,7579.450000000001,7575.93,7578.6900000000005,553
2026-05-28T23:15:00+00:00,7578.6900000000005,7580.700000000001,7578.43,7579.43,376
2026-05-28T23:30:00+00:00,7579.43,7579.43,7577.43,7577.68,354
2026-05-28T23:45:00+00:00,7577.68,7577.68,7574.700000000001,7575.950000000001,812
2026-05-29T00:00:00+00:00,7575.950000000001,7575.950000000001,7572.68,7573.950000000001,2140
2026-05-29T00:15:00+00:00,7573.950000000001,7576.6900000000005,7573.1900000000005,7573.570000000001,1440
2026-05-29T00:30:00+00:00,7573.570000000001,7573.700000000001,7567.68,7568.4400000000005,1208
2026-05-29T00:45:00+00:00,7568.4400000000005,7569.200000000001,7566.4400000000005,7568.200000000001,1021
2026-05-29T01:00:00+00:00,7568.200000000001,7570.18,7564.6900000000005,7566.700000000001,1807
2026-05-29T01:15:00+00:00,7566.700000000001,7568.6900000000005,7564.6900000000005,7565.43,1341
2026-05-29T01:30:00+00:00,7565.43,7568.9400000000005,7563.4400000000005,7568.43,1289
2026-05-29T01:45:00+00:00,7568.43,7569.9400000000005,7565.18,7567.700000000001,1007
2026-05-29T02:00:00+00:00,7567.700000000001,7571.950000000001,7566.68,7571.43,1283
2026-05-29T02:15:00+00:00,7571.43,7571.700000000001,7564.93,7566.450000000001,777
2026-05-29T02:30:00+00:00,7566.450000000001,7569.450000000001,7565.570000000001,7568.3,833
2026-05-29T02:45:00+00:00,7568.3,7568.93,7565.93,7566.43,755
2026-05-29T03:00:00+00:00,7566.43,7571.950000000001,7566.18,7570.43,792
2026-05-29T03:15:00+00:00,7570.43,7572.450000000001,7569.93,7571.18,535
2026-05-29T03:30:00+00:00,7571.18,7571.950000000001,7569.68,7571.1900000000005,650
2026-05-29T03:45:00+00:00,7571.1900000000005,7573.200000000001,7568.93,7571.18,980
2026-05-29T04:00:00+00:00,7571.18,7573.700000000001,7571.18,7572.950000000001,715
2026-05-29T04:15:00+00:00,7572.950000000001,7575.200000000001,7572.93,7574.43,743
2026-05-29T04:30:00+00:00,7574.43,7577.200000000001,7573.93,7577.1900000000005,553
2026-05-29T04:45:00+00:00,7577.1900000000005,7577.81,7574.9400000000005,7575.700000000001,387
2026-05-29T05:00:00+00:00,7575.700000000001,7577.950000000001,7574.9400000000005,7576.9400000000005,492
2026-05-29T05:15:00+00:00,7576.9400000000005,7578.6900000000005,7575.93,7577.93,417
2026-05-29T05:30:00+00:00,7577.93,7577.9400000000005,7574.43,7576.1900000000005,585
2026-05-29T05:45:00+00:00,7576.1900000000005,7577.93,7575.43,7576.6900000000005,475
2026-05-29T06:00:00+00:00,7576.6900000000005,7580.6900000000005,7576.43,7579.700000000001,645
2026-05-29T06:15:00+00:00,7579.700000000001,7583.200000000001,7578.06,7578.18,1020
2026-05-29T06:30:00+00:00,7578.18,7581.1900000000005,7577.43,7580.68,1155
2026-05-29T06:45:00+00:00,7580.68,7583.200000000001,7580.1900000000005,7582.93,595
2026-05-29T07:00:00+00:00,7582.93,7583.200000000001,7579.93,7580.43,1130
2026-05-29T07:15:00+00:00,7580.43,7580.700000000001,7574.68,7576.18,1194
2026-05-29T07:30:00+00:00,7576.18,7576.700000000001,7570.56,7572.6900000000005,1979
2026-05-29T07:45:00+00:00,7572.6900000000005,7577.450000000001,7572.4400000000005,7577.18,903
2026-05-29T08:00:00+00:00,7577.18,7579.950000000001,7575.1900000000005,7578.68,2019
2026-05-29T08:15:00+00:00,7578.68,7579.450000000001,7575.200000000001,7577.93,1321
2026-05-29T08:30:00+00:00,7577.93,7579.200000000001,7576.1900000000005,7576.450000000001,996
2026-05-29T08:45:00+00:00,7576.450000000001,7576.950000000001,7572.68,7576.4400000000005,1067
2026-05-29T09:00:00+00:00,7576.4400000000005,7583.9400000000005,7575.68,7583.200000000001,1522
2026-05-29T09:15:00+00:00,7583.200000000001,7585.9400000000005,7580.18,7582.68,1616
2026-05-29T09:30:00+00:00,7582.68,7583.200000000001,7580.43,7580.950000000001,1079
2026-05-29T09:45:00+00:00,7580.950000000001,7583.950000000001,7580.18,7580.950000000001,1099
2026-05-29T10:00:00+00:00,7580.950000000001,7581.200000000001,7575.43,7577.6900000000005,983
2026-05-29T10:15:00+00:00,7577.6900000000005,7579.950000000001,7576.1900000000005,7579.200000000001,831
2026-05-29T10:30:00+00:00,7579.200000000001,7581.200000000001,7577.68,7580.320000000001,888
2026-05-29T10:45:00+00:00,7580.320000000001,7581.950000000001,7579.700000000001,7580.950000000001,855
2026-05-29T11:00:00+00:00,7580.950000000001,7583.93,7580.21,7583.1900000000005,827
2026-05-29T11:15:00+00:00,7583.1900000000005,7586.43,7580.4400000000005,7580.700000000001,1115
2026-05-29T11:30:00+00:00,7580.700000000001,7583.1900000000005,7576.93,7581.68,1201
2026-05-29T11:45:00+00:00,7581.68,7584.200000000001,7574.6900000000005,7583.9400000000005,2346
2026-05-29T12:00:00+00:00,7583.9400000000005,7584.700000000001,7580.18,7580.700000000001,1585
2026-05-29T12:15:00+00:00,7580.700000000001,7583.450000000001,7579.93,7582.450000000001,1161
2026-05-29T12:30:00+00:00,7582.450000000001,7583.200000000001,7576.68,7579.450000000001,2427
2026-05-29T12:45:00+00:00,7579.450000000001,7582.700000000001,7576.93,7581.93,1164
2026-05-29T13:00:00+00:00,7581.93,7583.6900000000005,7579.43,7579.8,1505
2026-05-29T13:15:00+00:00,7579.8,7581.450000000001,7577.93,7581.18,1654
2026-05-29T13:30:00+00:00,7581.18,7596.5,7577.4800000000005,7596.2300000000005,10963
2026-05-29T13:45:00+00:00,7596.2300000000005,7600.5,7594.25,7599.490000000001,6282
2026-05-29T14:00:00+00:00,7599.490000000001,7602.25,7593.4800000000005,7594.7300000000005,7924
2026-05-29T14:15:00+00:00,7594.7300000000005,7594.990000000001,7579.740000000001,7587.490000000001,14840
2026-05-29T14:30:00+00:00,7587.490000000001,7591,7572.2300000000005,7573,15973
2026-05-29T14:45:00+00:00,7573,7588.5,7568.2300000000005,7581.4800000000005,20530
2026-05-29T15:00:00+00:00,7581.4800000000005,7594.25,7579.9800000000005,7593.9800000000005,10789
2026-05-29T15:15:00+00:00,7593.9800000000005,7595.25,7583.9800000000005,7589,8959
2026-05-29T15:30:00+00:00,7589,7594.5,7585.9800000000005,7587.9800000000005,9688
2026-05-29T15:45:00+00:00,7587.9800000000005,7590,7583.740000000001,7585.25,6369
2026-05-29T16:00:00+00:00,7585.25,7595.75,7584.2300000000005,7594,4293
2026-05-29T16:15:00+00:00,7594,7594.75,7587.7300000000005,7588.5,3179
2026-05-29T16:30:00+00:00,7588.5,7599.25,7585.9800000000005,7595.740000000001,6168
2026-05-29T16:45:00+00:00,7595.740000000001,7596.5,7586.2300000000005,7588.7300000000005,4409
2026-05-29T17:00:00+00:00,7588.7300000000005,7591,7585.9800000000005,7588.490000000001,3014
2026-05-29T17:15:00+00:00,7588.490000000001,7590.75,7582.740000000001,7586.75,4248
2026-05-29T17:30:00+00:00,7586.75,7587.75,7580.9800000000005,7581.5,3523
2026-05-29T17:45:00+00:00,7581.5,7583.869999999998,7573.229999999999,7574.109999999999,4463.669721633267
2026-05-29T18:00:00+00:00,7574.109999999999,7582.369999999998,7572.3499999999985,7578.609999999999,4502
2026-05-29T18:15:00+00:00,7578.609999999999,7585.369999999998,7577.0999999999985,7584.119999999998,2862
2026-05-29T18:30:00+00:00,7584.119999999998,7588.869999999998,7584.119999999998,7585.3499999999985,2304
2026-05-29T18:45:00+00:00,7585.3499999999985,7585.619999999998,7575.3499999999985,7576.0999999999985,6404
2026-05-29T19:00:00+00:00,7576.0999999999985,7586.369999999998,7574.5999999999985,7585.0999999999985,3277
2026-05-29T19:15:00+00:00,7585.0999999999985,7590.119999999998,7580.859999999999,7590.0999999999985,2624
2026-05-29T19:30:00+00:00,7590.0999999999985,7597.859999999999,7589.5999999999985,7593.359999999999,2963
2026-05-29T19:45:00+00:00,7593.359999999999,7595.119999999998,7583.819999999999,7585.609999999999,9020
2026-05-29T20:00:00+00:00,7585.609999999999,7589.559999999999,7583.799999999998,7587.049999999998,2663
2026-05-29T20:15:00+00:00,7587.049999999998,7587.319999999999,7579.79,7581.3,1034
2026-05-29T20:30:00+00:00,7581.3,7583.31,7580.29,7580.55,398
2026-05-31T22:00:00+00:00,7580.55,7589,7577.5,7586.49,3425
2026-05-31T22:15:00+00:00,7586.49,7589.5,7584.25,7587.74,1153
2026-05-31T22:30:00+00:00,7587.74,7592,7587.24,7592,1068
2026-05-31T22:45:00+00:00,7592,7595.25,7591.98,7593.75,824
2026-05-31T23:00:00+00:00,7593.75,7596.23,7592.24,7595,698
2026-05-31T23:15:00+00:00,7595,7596.73,7593,7595.99,565
2026-05-31T23:30:00+00:00,7595.99,7597.49,7594.86,7595.86,609
2026-05-31T23:45:00+00:00,7595.86,7598.5,7594.52,7597.24,922
2026-06-01T00:00:00+00:00,7597.24,7603.99,7596.5,7601.25,2616
2026-06-01T00:15:00+00:00,7601.25,7604,7598.98,7603.75,1326
2026-06-01T00:30:00+00:00,7603.75,7605.5,7601.48,7603.5,1094
2026-06-01T00:45:00+00:00,7603.5,7606,7602.98,7603.73,1076
2026-06-01T01:00:00+00:00,7603.73,7605,7600.25,7602.24,1649
2026-06-01T01:15:00+00:00,7602.24,7605.25,7602.23,7603,1023
2026-06-01T01:30:00+00:00,7603,7605.24,7602.23,7604.73,874
2026-06-01T01:45:00+00:00,7604.73,7606.5,7604.23,7605.99,691
2026-06-01T02:00:00+00:00,7605.99,7609.5,7605.73,7609,746
2026-06-01T02:15:00+00:00,7609,7610,7608.48,7608.98,479
2026-06-01T02:30:00+00:00,7608.98,7609.24,7606.98,7607.24,578
2026-06-01T02:45:00+00:00,7607.24,7608,7606.23,7607.5,467
2026-06-01T03:00:00+00:00,7607.5,7609.25,7607.23,7607.23,367
2026-06-01T03:15:00+00:00,7607.23,7610,7602.99,7609.48,1242
2026-06-01T03:30:00+00:00,7609.48,7612,7604.48,7604.75,702
2026-06-01T03:45:00+00:00,7604.75,7606.5,7603.73,7604.49,808
2026-06-01T04:00:00+00:00,7604.49,7607.25,7604.23,7606.24,614
2026-06-01T04:15:00+00:00,7606.24,7607.75,7605.23,7606.98,406
2026-06-01T04:30:00+00:00,7606.98,7610,7606.23,7609.73,431
2026-06-01T04:45:00+00:00,7609.73,7610,7608.23,7609.49,340
2026-06-01T05:00:00+00:00,7609.49,7609.75,7607.23,7608.48,337
2026-06-01T05:15:00+00:00,7608.48,7609.25,7606.23,7606.5,488
2026-06-01T05:30:00+00:00,7606.5,7609.5,7606.5,7609.23,807
2026-06-01T05:45:00+00:00,7609.23,7611.25,7608.73,7609.99,541
2026-06-01T06:00:00+00:00,7609.99,7611,7608.73,7609.49,848
2026-06-01T06:15:00+00:00,7609.49,7609.75,7606.23,7606.73,602
2026-06-01T06:30:00+00:00,7606.73,7609.5,7606.49,7608.74,705
2026-06-01T06:45:00+00:00,7608.74,7610.75,7607.98,7609.73,804
2026-06-01T07:00:00+00:00,7609.73,7612.75,7608.49,7610.85,1496
2026-06-01T07:15:00+00:00,7610.85,7611.5,7604.24,7605.23,1616
2026-06-01T07:30:00+00:00,7605.23,7606.75,7599.5,7601.25,1582
2026-06-01T07:45:00+00:00,7601.25,7604,7599.73,7603.48,1288
2026-06-01T08:00:00+00:00,7603.48,7604.75,7600.98,7601.74,1778
2026-06-01T08:15:00+00:00,7601.74,7602.75,7599.48,7599.75,1409
2026-06-01T08:30:00+00:00,7599.75,7601.75,7597.98,7601.73,1384
2026-06-01T08:45:00+00:00,7601.73,7606.25,7598,7606.23,1244
2026-06-01T09:00:00+00:00,7606.23,7608.49,7603.73,7603.98,885
2026-06-01T09:15:00+00:00,7603.98,7606,7602.98,7604.24,1064
2026-06-01T09:30:00+00:00,7604.24,7605,7603.25,7604.23,932
2026-06-01T09:45:00+00:00,7604.23,7604.5,7600.99,7602,834
2026-06-01T10:00:00+00:00,7602,7606.75,7601.98,7606.23,917
2026-06-01T10:15:00+00:00,7606.23,7607.25,7604.23,7606.74,781
2026-06-01T10:30:00+00:00,7606.74,7610,7606.73,7608.98,722
2026-06-01T10:45:00+00:00,7608.98,7609.25,7607.25,7608.48,592
2026-06-01T11:00:00+00:00,7608.48,7609.5,7606.23,7607.36,1168
2026-06-01T11:15:00+00:00,7607.36,7609.24,7606,7608.99,1089
2026-06-01T11:30:00+00:00,7608.99,7614.25,7607.48,7611.48,1170
2026-06-01T11:45:00+00:00,7611.48,7612.25,7605.98,7606.23,1113
2026-06-01T12:00:00+00:00,7606.23,7606.5,7600,7600.74,1719
2026-06-01T12:15:00+00:00,7600.74,7603.5,7598.35,7602.49,1522
2026-06-01T12:30:00+00:00,7602.49,7606.73,7598.98,7605.75,1642
2026-06-01T12:45:00+00:00,7605.75,7607.75,7600.23,7600.74,1621
2026-06-01T13:00:00+00:00,7600.74,7602.25,7573.73,7580.85,11750
2026-06-01T13:15:00+00:00,7580.85,7587.99,7569.23,7575.11,13927
2026-06-01T13:30:00+00:00,7575.11,7587.05,7568.3,7583.54,24183
2026-06-01T13:45:00+00:00,7583.54,7588.78,7575.51,7576.76,15959
2026-06-01T14:00:00+00:00,7576.76,7585.55,7574.03,7579.78,16959
2026-06-01T14:15:00+00:00,7579.78,7588.42,7577.53,7579.29,12655
2026-06-01T14:30:00+00:00,7579.29,7582.54,7573.28,7578.54,8335
2026-06-01T14:45:00+00:00,7578.54,7580.54,7573.29,7577.03,6572
2026-06-01T15:00:00+00:00,7577.03,7583.3,7575.03,7579.8,6873
2026-06-01T15:15:00+00:00,7579.8,7584.53,7578.29,7582.03,4489
2026-06-01T15:30:00+00:00,7582.03,7595.05,7581.78,7593.53,11311
2026-06-01T15:45:00+00:00,7593.53,7593.8,7587.28,7587.8,3483
2026-06-01T16:00:00+00:00,7587.8,7592.8,7583.53,7585.67,4837
2026-06-01T16:15:00+00:00,7585.67,7589.05,7579.28,7588.28,4341
2026-06-01T16:30:00+00:00,7588.28,7593.05,7588.28,7591.03,4314
2026-06-01T16:45:00+00:00,7591.03,7601.3,7588.79,7599.78,5187
2026-06-01T17:00:00+00:00,7599.78,7600.55,7591.03,7593.55,3907
2026-06-01T17:15:00+00:00,7593.55,7606.05,7591.53,7605.9,3072
2026-06-01T17:30:00+00:00,7605.9,7624.28,7599.03,7615.53,12490
2026-06-01T17:45:00+00:00,7615.53,7621.4,7615.28,7616.53,5420
2026-06-01T18:00:00+00:00,7616.53,7618.8,7614.28,7615.03,2702
2026-06-01T18:15:00+00:00,7615.03,7620.3,7614.3,7619.29,2409
2026-06-01T18:30:00+00:00,7619.29,7620.05,7616.53,7619.8,1599
2026-06-01T18:45:00+00:00,7619.8,7619.8,7615.78,7616.53,1396
2026-06-01T19:00:00+00:00,7616.53,7618.05,7615.03,7615.55,2168
2026-06-01T19:15:00+00:00,7615.55,7618.8,7615.03,7617.8,1881
2026-06-01T19:30:00+00:00,7617.8,7617.8,7610.03,7611.05,2378
2026-06-01T19:45:00+00:00,7611.05,7612.05,7602.78,7606.03,4940
2026-06-01T20:00:00+00:00,7606.03,7608.25,7605.24,7607.74,773
2026-06-01T20:15:00+00:00,7607.74,7607.75,7602.98,7603.73,301
2026-06-01T20:30:00+00:00,7603.73,7610.24,7602.73,7607.24,991
2026-06-01T20:45:00+00:00,7607.24,7607.49,7598.49,7600.59,1485
2026-06-01T22:00:00+00:00,7600.59,7604.61,7588.23,7591.25,2627
2026-06-01T22:15:00+00:00,7591.25,7592.99,7586.48,7587.12,1207
2026-06-01T22:30:00+00:00,7587.12,7588.5,7583.74,7584.74,1031
2026-06-01T22:45:00+00:00,7584.74,7588.24,7583.98,7588,789
2026-06-01T23:00:00+00:00,7588,7588.86,7586.24,7587.25,532
2026-06-01T23:15:00+00:00,7587.25,7589.23,7586.87,7587.73,324
2026-06-01T23:30:00+00:00,7587.73,7591.5,7586.24,7587.98,1005
2026-06-01T23:45:00+00:00,7587.98,7589,7584.5,7588.49,1031
2026-06-02T00:00:00+00:00,7588.49,7588.75,7579.48,7580.98,3507
2026-06-02T00:15:00+00:00,7580.98,7583.75,7576.23,7579.49,3008
2026-06-02T00:30:00+00:00,7579.49,7582.5,7575.98,7577.74,2342
2026-06-02T00:45:00+00:00,7577.74,7578.25,7572.73,7574.25,2008
2026-06-02T01:00:00+00:00,7574.25,7578.5,7572.73,7577.99,3683
2026-06-02T01:15:00+00:00,7577.99,7578.48,7570.99,7575.5,2656
2026-06-02T01:30:00+00:00,7575.5,7577.49,7571.87,7573.75,3015
2026-06-02T01:45:00+00:00,7573.75,7573.75,7570.24,7570.24,2088
2026-06-02T02:00:00+00:00,7570.24,7572.25,7569.73,7571,1695
2026-06-02T02:15:00+00:00,7571,7574.25,7569.98,7572.48,1686
2026-06-02T02:30:00+00:00,7572.48,7575.98,7572.48,7574.48,1456
2026-06-02T02:45:00+00:00,7574.48,7575,7572.48,7573.99,1088
2026-06-02T03:00:00+00:00,7573.99,7575.25,7570.23,7571.24,1198
2026-06-02T03:15:00+00:00,7571.24,7572.75,7568.98,7570.74,1416
2026-06-02T03:30:00+00:00,7570.74,7573.24,7569.73,7572.73,1786
2026-06-02T03:45:00+00:00,7572.73,7574.74,7572.24,7574.5,1115
2026-06-02T04:00:00+00:00,7574.5,7577.25,7573.98,7575.23,1099
2026-06-02T04:15:00+00:00,7575.23,7579.24,7573.98,7578.25,764
2026-06-02T04:30:00+00:00,7578.25,7578.73,7576.48,7578.25,859
2026-06-02T04:45:00+00:00,7578.25,7583.48,7577.87,7583,808
2026-06-02T05:00:00+00:00,7583,7585.5,7581,7585.25,1307
2026-06-02T05:15:00+00:00,7585.25,7586.99,7584.23,7586.23,775
2026-06-02T05:30:00+00:00,7586.23,7589.25,7586.23,7587.73,1026
2026-06-02T05:45:00+00:00,7587.73,7588,7584.73,7586.74,925
2026-06-02T06:00:00+00:00,7586.74,7590.48,7586.23,7588.99,1352
2026-06-02T06:15:00+00:00,7588.99,7591.25,7588.73,7589.99,878
2026-06-02T06:30:00+00:00,7589.99,7592.85,7587.73,7591.24,1643
2026-06-02T06:45:00+00:00,7591.24,7595,7590.98,7594.25,940
2026-06-02T07:00:00+00:00,7594.25,7598,7593.98,7597.24,1813
2026-06-02T07:15:00+00:00,7597.24,7598.75,7595.73,7596.75,1256
2026-06-02T07:30:00+00:00,7596.75,7597.75,7594.98,7597,923
2026-06-02T07:45:00+00:00,7597,7599.1,7594.98,7598.74,1172
2026-06-02T08:00:00+00:00,7598.74,7603,7598.23,7599.5,2150
2026-06-02T08:15:00+00:00,7599.5,7601.5,7595.75,7596.37,2417
2026-06-02T08:30:00+00:00,7596.37,7600.12,7595.98,7598,1521
2026-06-02T08:45:00+00:00,7598,7600.24,7597.48,7598.24,1070
2026-06-02T09:00:00+00:00,7598.24,7598.24,7594.48,7595.24,1144
2026-06-02T09:15:00+00:00,7595.24,7596.75,7591.6,7592.85,1267
2026-06-02T09:30:00+00:00,7592.85,7597.99,7591.23,7596.99,1413
2026-06-02T09:45:00+00:00,7596.99,7598.5,7593.73,7593.99,1192
2026-06-02T10:00:00+00:00,7593.99,7596,7592.12,7594.5,936
2026-06-02T10:15:00+00:00,7594.5,7596,7593.23,7594.74,1021
2026-06-02T10:30:00+00:00,7594.74,7595.25,7591.73,7592.74,791
2026-06-02T10:45:00+00:00,7592.74,7593.74,7591.48,7591.49,888
2026-06-02T11:00:00+00:00,7591.49,7592.76,7587.98,7591.24,1477
2026-06-02T11:15:00+00:00,7591.24,7591.5,7588.73,7591.23,1185
2026-06-02T11:30:00+00:00,7591.23,7595,7590.98,7591.49,1468
2026-06-02T11:45:00+00:00,7591.49,7592,7588.73,7588.74,916
2026-06-02T12:00:00+00:00,7588.74,7592.75,7587.73,7590.99,1143
2026-06-02T12:15:00+00:00,7590.99,7595.48,7589.73,7593.75,1462
2026-06-02T12:30:00+00:00,7593.75,7594.5,7589.73,7593.73,2323
2026-06-02T12:45:00+00:00,7593.73,7594.23,7589.23,7589.5,1611
2026-06-02T13:00:00+00:00,7589.5,7590.75,7580.12,7584.5,4194
2026-06-02T13:15:00+00:00,7584.5,7592.25,7583.25,7590.48,2654
2026-06-02T13:30:00+00:00,7590.48,7597.8,7588.03,7593.79,15786
2026-06-02T13:45:00+00:00,7593.79,7598.05,7593.28,7596.4,9902
2026-06-02T14:00:00+00:00,7596.4,7604.3,7592.78,7602.05,8928
2026-06-02T14:15:00+00:00,7602.05,7605.05,7595.78,7597.54,9766
2026-06-02T14:30:00+00:00,7597.54,7610.05,7597.53,7609.53,8048
2026-06-02T14:45:00+00:00,7609.53,7618.05,7608.78,7617.79,6640
2026-06-02T15:00:00+00:00,7617.79,7622.55,7614.29,7620.55,5312
2026-06-02T15:15:00+00:00,7620.55,7624.55,7619.28,7619.55,3812
2026-06-02T15:30:00+00:00,7619.55,7621.05,7616.53,7617.3,3940
2026-06-02T15:45:00+00:00,7617.3,7619.8,7616.29,7617.3,3498
2026-06-02T16:00:00+00:00,7617.3,7620.55,7614.28,7619.3,4085
2026-06-02T16:15:00+00:00,7619.3,7619.3,7612.78,7613.79,3419
2026-06-02T16:30:00+00:00,7613.79,7615.79,7611.53,7613.53,3209
2026-06-02T16:45:00+00:00,7613.53,7619.8,7613.04,7619.04,2978
2026-06-02T17:00:00+00:00,7619.04,7620.05,7616.53,7619.29,2932
2026-06-02T17:15:00+00:00,7619.29,7619.55,7609.78,7610.78,4166
2026-06-02T17:30:00+00:00,7610.78,7613.8,7608.28,7611.28,3266
2026-06-02T17:45:00+00:00,7611.28,7613.8,7608.8,7609.3,2410
2026-06-02T18:00:00+00:00,7609.3,7613.8,7608.53,7611.03,2473
2026-06-02T18:15:00+00:00,7611.03,7611.55,7609.03,7610.05,2690
2026-06-02T18:30:00+00:00,7610.05,7612.8,7607.03,7609.04,2590
2026-06-02T18:45:00+00:00,7609.04,7612.55,7608.53,7611.54,1742
2026-06-02T19:00:00+00:00,7611.54,7615.3,7611.3,7613.05,1856
2026-06-02T19:15:00+00:00,7613.05,7616.3,7612.78,7614.03,1602
2026-06-02T19:30:00+00:00,7614.03,7615.8,7612.78,7612.8,1503
2026-06-02T19:45:00+00:00,7612.8,7618.05,7612.28,7616.03,4151
2026-06-02T20:00:00+00:00,7616.03,7622.49,7615.99,7619.5,1289
2026-06-02T20:15:00+00:00,7619.5,7622,7618.48,7618.73,673
2026-06-02T20:30:00+00:00,7618.73,7621,7618.48,7620.75,243
2026-06-02T20:45:00+00:00,7620.75,7621.5,7619.98,7620.85,202
2026-06-02T22:00:00+00:00,7620.85,7621.62,7615.36,7616.61,3159
2026-06-02T22:15:00+00:00,7616.61,7619.12,7615.85,7618.36,1471
2026-06-02T22:30:00+00:00,7618.36,7620.12,7617.61,7618.6,830
2026-06-02T22:45:00+00:00,7618.6,7619.61,7613.86,7614.6,1670
2026-06-02T23:00:00+00:00,7614.6,7615.37,7607.85,7608.97,2838
2026-06-02T23:15:00+00:00,7608.97,7609.37,7595.37,7603.47,4704
2026-06-02T23:30:00+00:00,7603.47,7615.87,7601.1,7614.72,3346
2026-06-02T23:45:00+00:00,7614.72,7619.12,7611.85,7617.62,3091
2026-06-03T00:00:00+00:00,7617.62,7619.62,7613.6,7613.87,4525
2026-06-03T00:15:00+00:00,7613.87,7617.62,7612.85,7615.61,1839
2026-06-03T00:30:00+00:00,7615.61,7618.87,7614.6,7618.86,1357
2026-06-03T00:45:00+00:00,7618.86,7620.35,7618.1,7618.6,793
2026-06-03T01:00:00+00:00,7618.6,7619.36,7613.35,7613.62,1829
2026-06-03T01:15:00+00:00,7613.62,7615.37,7613.1,7614.62,909
2026-06-03T01:30:00+00:00,7614.62,7616.62,7612.61,7613.86,1495
2026-06-03T01:45:00+00:00,7613.86,7615.6,7612.36,7614.97,900
2026-06-03T02:00:00+00:00,7614.97,7616.12,7613.6,7615.85,759
2026-06-03T02:15:00+00:00,7615.85,7616.37,7613.35,7614.35,542
2026-06-03T02:30:00+00:00,7614.35,7616.12,7613.62,7614.74,490
2026-06-03T02:45:00+00:00,7614.74,7614.85,7613.35,7614.62,442
2026-06-03T03:00:00+00:00,7614.62,7615.85,7614.1,7615.85,466
2026-06-03T03:15:00+00:00,7615.85,7617.85,7614.35,7614.6,416
2026-06-03T03:30:00+00:00,7614.6,7616.87,7614.6,7616.37,533
2026-06-03T03:45:00+00:00,7616.37,7617.12,7614.99,7616.86,340
2026-06-03T04:00:00+00:00,7616.86,7618.85,7616.6,7618.35,315
2026-06-03T04:15:00+00:00,7618.35,7619.12,7617.36,7617.86,179
2026-06-03T04:30:00+00:00,7617.86,7618.87,7617.35,7618.11,258
2026-06-03T04:45:00+00:00,7618.11,7618.37,7615.12,7615.61,335
2026-06-03T05:00:00+00:00,7615.61,7617.61,7612.85,7616.62,789
2026-06-03T05:15:00+00:00,7616.62,7617.62,7614.85,7615.11,350
2026-06-03T05:30:00+00:00,7615.11,7615.37,7612.11,7612.6,687
2026-06-03T05:45:00+00:00,7612.6,7613.36,7610.86,7612.1,702
2026-06-03T06:00:00+00:00,7612.1,7615.12,7609.1,7611.1,1574
2026-06-03T06:15:00+00:00,7611.1,7612.62,7610.1,7611.62,1023
2026-06-03T06:30:00+00:00,7611.62,7614.97,7609.85,7612.86,1480
2026-06-03T06:45:00+00:00,7612.86,7613.12,7610.6,7612.36,965
2026-06-03T07:00:00+00:00,7612.36,7616.85,7610.97,7615.61,1875
2026-06-03T07:15:00+00:00,7615.61,7616.62,7611.72,7612.36,1253
2026-06-03T07:30:00+00:00,7612.36,7613.61,7608.85,7610.85,1609
2026-06-03T07:45:00+00:00,7610.85,7613.62,7610.35,7613.37,963
2026-06-03T08:00:00+00:00,7613.37,7615.12,7610.6,7612.87,1750
2026-06-03T08:15:00+00:00,7612.87,7614.87,7608.61,7614.74,1722
2026-06-03T08:30:00+00:00,7614.74,7615.35,7611.12,7612.11,1438
2026-06-03T08:45:00+00:00,7612.11,7613.12,7610.64,7611.86,814
2026-06-03T09:00:00+00:00,7611.86,7614.87,7610.62,7612.12,838
2026-06-03T09:15:00+00:00,7612.12,7613.37,7610.1,7611.97,1253
2026-06-03T09:30:00+00:00,7611.97,7612.37,7607.85,7608.85,853
2026-06-03T09:45:00+00:00,7608.85,7609.11,7604.6,7605.11,992
2026-06-03T10:00:00+00:00,7605.11,7615.37,7603.6,7609.85,4807
2026-06-03T10:15:00+00:00,7609.85,7609.85,7606.85,7609.37,1383
2026-06-03T10:30:00+00:00,7609.37,7611.11,7604.35,7604.36,1169
2026-06-03T10:45:00+00:00,7604.36,7609.11,7604.12,7607.87,1098
2026-06-03T11:00:00+00:00,7607.87,7611.37,7607.72,7610.1,1139
2026-06-03T11:15:00+00:00,7610.1,7611.87,7609.1,7610.6,934
2026-06-03T11:30:00+00:00,7610.6,7613.61,7610.6,7611.85,880
2026-06-03T11:45:00+00:00,7611.85,7612.36,7609.61,7609.61,946
2026-06-03T12:00:00+00:00,7609.61,7611.87,7609.1,7610.37,1262
2026-06-03T12:15:00+00:00,7610.37,7610.37,7604.6,7604.6,1621
2026-06-03T12:30:00+00:00,7604.6,7604.62,7597.35,7601.12,2745
2026-06-03T12:45:00+00:00,7601.12,7603.12,7597.11,7600.1,1785
2026-06-03T13:00:00+00:00,7600.1,7602.12,7598.86,7600.62,1795
2026-06-03T13:15:00+00:00,7600.62,7602.35,7598.85,7601.35,1757
2026-06-03T13:30:00+00:00,7601.35,7607.92,7585.4,7585.78,13159
2026-06-03T13:45:00+00:00,7585.78,7587.67,7567.91,7579.66,21491
2026-06-03T14:00:00+00:00,7579.66,7589.92,7578.38,7589.42,14292
2026-06-03T14:15:00+00:00,7589.42,7590.17,7580.16,7588.16,12091
2026-06-03T14:30:00+00:00,7588.16,7590.42,7584.15,7584.9,8126
2026-06-03T14:45:00+00:00,7584.9,7585.66,7577.15,7582.16,7829
2026-06-03T15:00:00+00:00,7582.16,7585.67,7578.9,7580.53,6932
2026-06-03T15:15:00+00:00,7580.53,7583.03,7573.66,7581.66,7985
2026-06-03T15:30:00+00:00,7581.66,7583.41,7571.4,7572.41,7525
2026-06-03T15:45:00+00:00,7572.41,7575.9,7568.15,7572.67,5899
2026-06-03T16:00:00+00:00,7572.67,7575.17,7569.92,7572.92,5221
2026-06-03T16:15:00+00:00,7572.92,7572.92,7558.91,7563.4,7181
2026-06-03T16:30:00+00:00,7563.4,7566.67,7555.9,7560.92,6973
2026-06-03T16:45:00+00:00,7560.92,7571.91,7560.65,7571.42,6295
2026-06-03T17:00:00+00:00,7571.42,7571.92,7561.4,7563.16,5664
2026-06-03T17:15:00+00:00,7563.16,7567.17,7560.4,7566.4,3778
2026-06-03T17:30:00+00:00,7566.4,7574.17,7562.15,7572.4,3428
2026-06-03T17:45:00+00:00,7572.4,7578.17,7571.15,7576.41,3066
2026-06-03T18:00:00+00:00,7576.41,7576.92,7571.9400000000005,7573.9400000000005,3772.3072123783377
2026-06-03T18:15:00+00:00,7573.9400000000005,7580.960000000001,7570.450000000001,7580.460000000001,3926
2026-06-03T18:30:00+00:00,7580.460000000001,7581.210000000001,7575.950000000001,7577.6900000000005,3039
2026-06-03T18:45:00+00:00,7577.6900000000005,7579.710000000001,7575.4400000000005,7576.700000000001,2138
2026-06-03T19:00:00+00:00,7576.700000000001,7576.710000000001,7567.6900000000005,7570.960000000001,3471
2026-06-03T19:15:00+00:00,7570.960000000001,7574.960000000001,7566.700000000001,7568.9400000000005,2970
2026-06-03T19:30:00+00:00,7568.9400000000005,7575.960000000001,7566.9400000000005,7573.950000000001,3236
2026-06-03T19:45:00+00:00,7573.950000000001,7575.710000000001,7561.9400000000005,7565.710000000001,8768
2026-06-03T20:00:00+00:00,7565.710000000001,7566.400000000001,7559.390000000001,7560.510000000001,3506
2026-06-03T20:15:00+00:00,7560.510000000001,7561.160000000001,7545.890000000001,7551.760000000001,7606
2026-06-03T20:30:00+00:00,7551.760000000001,7552.410000000001,7536.410000000001,7537.410000000001,2836
2026-06-03T20:45:00+00:00,7537.410000000001,7542.160000000001,7534.890000000001,7540.760000000001,2241
2026-06-03T22:00:00+00:00,7540.760000000001,7540.760000000001,7525.9800000000005,7532.970000000001,4638
2026-06-03T22:15:00+00:00,7532.970000000001,7533.350000000001,7525.460000000001,7530.710000000001,2916
2026-06-03T22:30:00+00:00,7530.710000000001,7534.220000000001,7527.710000000001,7530.090000000001,2180
2026-06-03T22:45:00+00:00,7530.090000000001,7538.9800000000005,7523.460000000001,7536.4800000000005,3901
2026-06-03T23:00:00+00:00,7536.4800000000005,7537.470000000001,7527.220000000001,7530.080000000001,2376
2026-06-03T23:15:00+00:00,7530.080000000001,7530.7300000000005,7524.4800000000005,7527.600000000001,1481
2026-06-03T23:30:00+00:00,7527.600000000001,7530.2300000000005,7521.960000000001,7523.720000000001,2034
2026-06-03T23:45:00+00:00,7523.720000000001,7531.220000000001,7521.970000000001,7527.210000000001,2731
2026-06-04T00:00:00+00:00,7527.210000000001,7536.220000000001,7524.460000000001,7532.7300000000005,6484
2026-06-04T00:15:00+00:00,7532.7300000000005,7536.970000000001,7528.220000000001,7533.2300000000005,3824
2026-06-04T00:30:00+00:00,7533.2300000000005,7541.710000000001,7532.960000000001,7539.470000000001,3300
2026-06-04T00:45:00+00:00,7539.470000000001,7539.9800000000005,7535.210000000001,7539.470000000001,2515
2026-06-04T01:00:00+00:00,7539.470000000001,7544.2300000000005,7538.460000000001,7542.210000000001,3087
2026-06-04T01:15:00+00:00,7542.210000000001,7542.470000000001,7535.710000000001,7538.210000000001,2450
2026-06-04T01:30:00+00:00,7538.210000000001,7543.7300000000005,7536.210000000001,7537.470000000001,2339
2026-06-04T01:45:00+00:00,7537.470000000001,7538.470000000001,7529.600000000001,7533.7300000000005,2772
2026-06-04T02:00:00+00:00,7533.7300000000005,7534.2300000000005,7526.340000000001,7526.7300000000005,2784
2026-06-04T02:15:00+00:00,7526.7300000000005,7530.2300000000005,7520.460000000001,7528.330000000001,3303
2026-06-04T02:30:00+00:00,7528.330000000001,7528.9800000000005,7524.210000000001,7527.710000000001,2115
2026-06-04T02:45:00+00:00,7527.710000000001,7532.2300000000005,7526.9800000000005,7527.960000000001,1517
2026-06-04T03:00:00+00:00,7527.960000000001,7533.2300000000005,7526.960000000001,7530.960000000001,1621
2026-06-04T03:15:00+00:00,7530.960000000001,7535.460000000001,7530.710000000001,7535.220000000001,1175
2026-06-04T03:30:00+00:00,7535.220000000001,7537.4800000000005,7532.210000000001,7532.7300000000005,1523
2026-06-04T03:45:00+00:00,7532.7300000000005,7536.720000000001,7531.210000000001,7536.470000000001,1310
2026-06-04T04:00:00+00:00,7536.470000000001,7538.9800000000005,7533.970000000001,7538.9800000000005,1027
2026-06-04T04:15:00+00:00,7538.9800000000005,7539.720000000001,7536.7300000000005,7538.090000000001,974
2026-06-04T04:30:00+00:00,7538.090000000001,7540.7300000000005,7536.710000000001,7540.220000000001,1377
2026-06-04T04:45:00+00:00,7540.220000000001,7540.7300000000005,7537.460000000001,7538.9800000000005,723
2026-06-04T05:00:00+00:00,7538.9800000000005,7539.4800000000005,7531.220000000001,7534.7300000000005,1819
2026-06-04T05:15:00+00:00,7534.7300000000005,7537.100000000001,7532.210000000001,7532.970000000001,1528
2026-06-04T05:30:00+00:00,7532.970000000001,7537.970000000001,7532.210000000001,7537.4800000000005,1987
2026-06-04T05:45:00+00:00,7537.4800000000005,7537.4800000000005,7532.460000000001,7536.710000000001,1444
2026-06-04T06:00:00+00:00,7536.710000000001,7540.2300000000005,7535.4800000000005,7537.9800000000005,1661
2026-06-04T06:15:00+00:00,7537.9800000000005,7538.9800000000005,7534.960000000001,7538.840000000001,1581
2026-06-04T06:30:00+00:00,7538.840000000001,7543.7300000000005,7536.220000000001,7543.4800000000005,2060
2026-06-04T06:45:00+00:00,7543.4800000000005,7545.720000000001,7540.710000000001,7545.460000000001,1457
2026-06-04T07:00:00+00:00,7545.460000000001,7550.2300000000005,7543.710000000001,7548.7300000000005,2383
2026-06-04T07:15:00+00:00,7548.7300000000005,7549.4800000000005,7543.710000000001,7548.9800000000005,1990
2026-06-04T07:30:00+00:00,7548.9800000000005,7550.7300000000005,7546.220000000001,7546.960000000001,1610
2026-06-04T07:45:00+00:00,7546.960000000001,7548.2300000000005,7545.210000000001,7546.4800000000005,1448
2026-06-04T08:00:00+00:00,7546.4800000000005,7546.4800000000005,7535.7300000000005,7535.9800000000005,3469
2026-06-04T08:15:00+00:00,7535.9800000000005,7538.7300000000005,7529.970000000001,7536.7300000000005,5044
2026-06-04T08:30:00+00:00,7536.7300000000005,7542.7300000000005,7534.460000000001,7536.4800000000005,5017
2026-06-04T08:45:00+00:00,7536.4800000000005,7538.2300000000005,7530.960000000001,7533.340000000001,2991
2026-06-04T09:00:00+00:00,7533.340000000001,7533.4800000000005,7525.710000000001,7525.970000000001,4516
2026-06-04T09:15:00+00:00,7525.970000000001,7533.720000000001,7525.2300000000005,7533.100000000001,3957
2026-06-04T09:30:00+00:00,7533.100000000001,7540.090000000001,7531.580000000001,7536.840000000001,3573
2026-06-04T09:45:00+00:00,7536.840000000001,7542.4800000000005,7536.710000000001,7540.590000000001,2811
2026-06-04T10:00:00+00:00,7540.590000000001,7540.7300000000005,7534.460000000001,7536.080000000001,2299
2026-06-04T10:15:00+00:00,7536.080000000001,7536.2300000000005,7529.960000000001,7530.460000000001,2215
2026-06-04T10:30:00+00:00,7530.460000000001,7532.9800000000005,7527.710000000001,7528.080000000001,2054
2026-06-04T10:45:00+00:00,7528.080000000001,7529.460000000001,7520.960000000001,7526.340000000001,3059
2026-06-04T11:00:00+00:00,7526.340000000001,7530.7300000000005,7525.710000000001,7529.7300000000005,3143
2026-06-04T11:15:00+00:00,7529.7300000000005,7536.7300000000005,7528.210000000001,7533.220000000001,4686
2026-06-04T11:30:00+00:00,7533.220000000001,7535.4800000000005,7517.460000000001,7525.7300000000005,7168
2026-06-04T11:45:00+00:00,7525.7300000000005,7538.470000000001,7523.710000000001,7536.850000000001,5513
2026-06-04T12:00:00+00:00,7536.850000000001,7540.4800000000005,7529.600000000001,7531.220000000001,6164
2026-06-04T12:15:00+00:00,7531.220000000001,7536.4800000000005,7530.460000000001,7534.4800000000005,4265
2026-06-04T12:30:00+00:00,7534.4800000000005,7542.9800000000005,7534.4800000000005,7542.460000000001,3944
2026-06-04T12:45:00+00:00,7542.460000000001,7545.2300000000005,7538.210000000001,7542.9800000000005,3319
2026-06-04T13:00:00+00:00,7542.9800000000005,7544.7300000000005,7540.210000000001,7542.4800000000005,3221
2026-06-04T13:15:00+00:00,7542.4800000000005,7547.7300000000005,7538.470000000001,7541.340000000001,4625
2026-06-04T13:30:00+00:00,7541.340000000001,7554.280000000001,7534.760000000001,7541.010000000001,21215
2026-06-04T13:45:00+00:00,7541.010000000001,7557.530000000001,7536.510000000001,7552.260000000001,21723
2026-06-04T14:00:00+00:00,7552.260000000001,7557.030000000001,7542.760000000001,7554.52,19932
2026-06-04T14:15:00+00:00,7554.52,7563.280000000001,7551.260000000001,7560.760000000001,11953
2026-06-04T14:30:00+00:00,7560.760000000001,7562.280000000001,7555.27,7558.760000000001,10393
2026-06-04T14:45:00+00:00,7558.760000000001,7562.780000000001,7554.010000000001,7562.530000000001,7925
2026-06-04T15:00:00+00:00,7562.530000000001,7576.780000000001,7562.27,7576.27,6182
2026-06-04T15:15:00+00:00,7576.27,7580.27,7574.27,7579.27,4966
2026-06-04T15:30:00+00:00,7579.27,7580.280000000001,7572.510000000001,7573.530000000001,4101
2026-06-04T15:45:00+00:00,7573.530000000001,7575.280000000001,7568.510000000001,7574.02,6039
2026-06-04T16:00:00+00:00,7574.02,7584.780000000001,7572.280000000001,7583.010000000001,4034
2026-06-04T16:15:00+00:00,7583.010000000001,7587.780000000001,7583.010000000001,7586.27,3083
2026-06-04T16:30:00+00:00,7586.27,7589.77,7581.510000000001,7588.780000000001,3481
2026-06-04T16:45:00+00:00,7588.780000000001,7590.530000000001,7586.510000000001,7589.280000000001,2698
2026-06-04T17:00:00+00:00,7589.280000000001,7590.780000000001,7587.010000000001,7589.27,2581
2026-06-04T17:15:00+00:00,7589.27,7592.780000000001,7587.260000000001,7592.260000000001,1799
2026-06-04T17:30:00+00:00,7592.260000000001,7595.280000000001,7591.260000000001,7593.530000000001,2437
2026-06-04T17:45:00+00:00,7593.530000000001,7598.280000000001,7592.260000000001,7597.760000000001,1786
2026-06-04T18:00:00+00:00,7597.760000000001,7599.780000000001,7596.760000000001,7597.77,2626
2026-06-04T18:15:00+00:00,7597.77,7600.280000000001,7596.510000000001,7599.030000000001,2497
2026-06-04T18:30:00+00:00,7599.030000000001,7600.280000000001,7597.130000000001,7598.760000000001,2412
2026-06-04T18:45:00+00:00,7598.760000000001,7600.780000000001,7596.010000000001,7597.280000000001,1969
2026-06-04T19:00:00+00:00,7597.280000000001,7601.780000000001,7597.260000000001,7599.02,2750
2026-06-04T19:15:00+00:00,7599.02,7604.280000000001,7597.010000000001,7603.760000000001,3315
2026-06-04T19:30:00+00:00,7603.760000000001,7604.280000000001,7599.010000000001,7599.260000000001,2840
2026-06-04T19:45:00+00:00,7599.260000000001,7601.390000000001,7591.27,7592.510000000001,9228
2026-06-04T20:00:00+00:00,7592.510000000001,7594.9800000000005,7585.960000000001,7586.710000000001,3622
2026-06-04T20:15:00+00:00,7586.710000000001,7587.7300000000005,7580.210000000001,7581.720000000001,2038
2026-06-04T20:30:00+00:00,7581.720000000001,7583.9800000000005,7581.210000000001,7581.710000000001,1353
2026-06-04T20:45:00+00:00,7581.710000000001,7582.9800000000005,7579.960000000001,7580.560000000001,1082
2026-06-04T22:00:00+00:00,7580.560000000001,7583.460000000001,7576.090000000001,7576.610000000001,2881
2026-06-04T22:15:00+00:00,7576.610000000001,7578.600000000001,7570.840000000001,7574.100000000001,2044
2026-06-04T22:30:00+00:00,7574.100000000001,7576.360000000001,7572.840000000001,7574.590000000001,1317
2026-06-04T22:45:00+00:00,7574.590000000001,7578.840000000001,7574.340000000001,7578.340000000001,793
2026-06-04T23:00:00+00:00,7578.340000000001,7579.360000000001,7572.840000000001,7573.110000000001,986
2026-06-04T23:15:00+00:00,7573.110000000001,7573.610000000001,7568.610000000001,7571.850000000001,1490
2026-06-04T23:30:00+00:00,7571.850000000001,7572.110000000001,7568.340000000001,7569.090000000001,1121
2026-06-04T23:45:00+00:00,7569.090000000001,7569.110000000001,7565.840000000001,7565.840000000001,2268
2026-06-05T00:00:00+00:00,7565.840000000001,7566.090000000001,7555.590000000001,7556.340000000001,6593
2026-06-05T00:15:00+00:00,7556.340000000001,7559.590000000001,7554.090000000001,7556.860000000001,5784
2026-06-05T00:30:00+00:00,7556.860000000001,7559.110000000001,7553.340000000001,7554.7300000000005,4844
2026-06-05T00:45:00+00:00,7554.7300000000005,7557.590000000001,7549.090000000001,7551.600000000001,5029
2026-06-05T01:00:00+00:00,7551.600000000001,7552.860000000001,7548.340000000001,7549.850000000001,4889
2026-06-05T01:15:00+00:00,7549.850000000001,7550.860000000001,7539.340000000001,7543.360000000001,6028
2026-06-05T01:30:00+00:00,7543.360000000001,7549.110000000001,7543.090000000001,7547.210000000001,5239
2026-06-05T01:45:00+00:00,7547.210000000001,7553.360000000001,7544.360000000001,7553.110000000001,4372
2026-06-05T02:00:00+00:00,7553.110000000001,7556.860000000001,7550.840000000001,7555.710000000001,3765
2026-06-05T02:15:00+00:00,7555.710000000001,7558.860000000001,7553.840000000001,7557.340000000001,2819
2026-06-05T02:30:00+00:00,7557.340000000001,7558.610000000001,7554.340000000001,7554.840000000001,3016
2026-06-05T02:45:00+00:00,7554.840000000001,7556.590000000001,7552.350000000001,7553.840000000001,3328
2026-06-05T03:00:00+00:00,7553.840000000001,7554.610000000001,7549.610000000001,7553.460000000001,3616
2026-06-05T03:15:00+00:00,7553.460000000001,7556.610000000001,7550.840000000001,7551.350000000001,2473
2026-06-05T03:30:00+00:00,7551.350000000001,7553.590000000001,7550.090000000001,7551.470000000001,3569
2026-06-05T03:45:00+00:00,7551.470000000001,7551.860000000001,7546.090000000001,7549.100000000001,3138
2026-06-05T04:00:00+00:00,7549.100000000001,7551.610000000001,7547.840000000001,7550.340000000001,3252
2026-06-05T04:15:00+00:00,7550.340000000001,7554.090000000001,7549.840000000001,7550.2300000000005,2748
2026-06-05T04:30:00+00:00,7550.2300000000005,7555.110000000001,7548.710000000001,7553.090000000001,3057
2026-06-05T04:45:00+00:00,7553.090000000001,7557.860000000001,7552.340000000001,7556.350000000001,2403
2026-06-05T05:00:00+00:00,7556.350000000001,7556.610000000001,7551.340000000001,7552.2300000000005,2895
2026-06-05T05:15:00+00:00,7552.2300000000005,7555.850000000001,7551.090000000001,7552.090000000001,2373
2026-06-05T05:30:00+00:00,7552.090000000001,7556.860000000001,7551.850000000001,7553.600000000001,2931
2026-06-05T05:45:00+00:00,7553.600000000001,7553.860000000001,7549.340000000001,7550.350000000001,2469
2026-06-05T06:00:00+00:00,7550.350000000001,7557.610000000001,7550.090000000001,7551.850000000001,3803
2026-06-05T06:15:00+00:00,7551.850000000001,7551.9800000000005,7546.090000000001,7547.850000000001,3133
2026-06-05T06:30:00+00:00,7547.850000000001,7549.110000000001,7545.2300000000005,7545.350000000001,3018
2026-06-05T06:45:00+00:00,7545.350000000001,7548.610000000001,7543.340000000001,7546.350000000001,2753
2026-06-05T07:00:00+00:00,7546.350000000001,7547.860000000001,7541.590000000001,7542.360000000001,4461
2026-06-05T07:15:00+00:00,7542.360000000001,7548.360000000001,7539.590000000001,7547.840000000001,3869
2026-06-05T07:30:00+00:00,7547.840000000001,7552.360000000001,7547.090000000001,7550.100000000001,3495
2026-06-05T07:45:00+00:00,7550.100000000001,7552.360000000001,7548.340000000001,7549.860000000001,2401
2026-06-05T08:00:00+00:00,7549.860000000001,7552.360000000001,7546.860000000001,7551.340000000001,3869
2026-06-05T08:15:00+00:00,7551.340000000001,7559.110000000001,7549.340000000001,7558.960000000001,4427
2026-06-05T08:30:00+00:00,7558.960000000001,7560.860000000001,7553.840000000001,7554.110000000001,3352
2026-06-05T08:45:00+00:00,7554.110000000001,7555.360000000001,7551.840000000001,7552.860000000001,2224
2026-06-05T09:00:00+00:00,7552.860000000001,7571.360000000001,7552.110000000001,7564.610000000001,6065
2026-06-05T09:15:00+00:00,7564.610000000001,7566.850000000001,7557.4800000000005,7558.860000000001,4884
2026-06-05T09:30:00+00:00,7558.860000000001,7560.7300000000005,7556.340000000001,7557.100000000001,2630
2026-06-05T09:45:00+00:00,7557.100000000001,7561.600000000001,7556.850000000001,7560.090000000001,1792
2026-06-05T10:00:00+00:00,7560.090000000001,7563.360000000001,7559.600000000001,7563.100000000001,1426
2026-06-05T10:15:00+00:00,7563.100000000001,7566.600000000001,7562.090000000001,7565.850000000001,1369
2026-06-05T10:30:00+00:00,7565.850000000001,7566.360000000001,7563.090000000001,7565.100000000001,1679
2026-06-05T10:45:00+00:00,7565.100000000001,7565.600000000001,7560.600000000001,7560.860000000001,1065
2026-06-05T11:00:00+00:00,7560.860000000001,7562.600000000001,7559.340000000001,7560.340000000001,1622
2026-06-05T11:15:00+00:00,7560.340000000001,7561.360000000001,7551.850000000001,7561.100000000001,2346
2026-06-05T11:30:00+00:00,7561.100000000001,7563.350000000001,7559.090000000001,7560.590000000001,2101
2026-06-05T11:45:00+00:00,7560.590000000001,7561.110000000001,7555.100000000001,7555.860000000001,1562
2026-06-05T12:00:00+00:00,7555.860000000001,7555.860000000001,7550.090000000001,7551.110000000001,2450
2026-06-05T12:15:00+00:00,7551.110000000001,7555.860000000001,7550.340000000001,7551.210000000001,3134
2026-06-05T12:30:00+00:00,7551.210000000001,7560.360000000001,7538.840000000001,7551.850000000001,10892
2026-06-05T12:45:00+00:00,7551.850000000001,7554.590000000001,7540.860000000001,7542.100000000001,7036
2026-06-05T13:00:00+00:00,7542.100000000001,7543.9800000000005,7536.120000000001,7538.100000000001,6886
2026-06-05T13:15:00+00:00,7538.100000000001,7542.360000000001,7536.090000000001,7540.340000000001,5615
2026-06-05T13:30:00+00:00,7540.340000000001,7545.160000000001,7519.140000000001,7519.910000000001,24041
2026-06-05T13:45:00+00:00,7519.910000000001,7523.410000000001,7503.140000000001,7503.900000000001,24058
2026-06-05T14:00:00+00:00,7503.900000000001,7518.910000000001,7498.400000000001,7517.640000000001,27604
2026-06-05T14:15:00+00:00,7517.640000000001,7525.900000000001,7505.390000000001,7508.890000000001,16843
2026-06-05T14:30:00+00:00,7508.890000000001,7523.910000000001,7507.410000000001,7512.150000000001,17429
2026-06-05T14:45:00+00:00,7512.150000000001,7517.410000000001,7507.640000000001,7515.410000000001,14304
2026-06-05T15:00:00+00:00,7515.410000000001,7518.660000000001,7499.640000000001,7499.890000000001,12245
2026-06-05T15:15:00+00:00,7499.890000000001,7504.660000000001,7492.400000000001,7498.160000000001,12885
2026-06-05T15:30:00+00:00,7498.160000000001,7501.400000000001,7480.890000000001,7482.650000000001,13103
2026-06-05T15:45:00+00:00,7482.650000000001,7486.660000000001,7478.890000000001,7482.660000000001,9816
2026-06-05T16:00:00+00:00,7482.660000000001,7482.910000000001,7466.900000000001,7471.390000000001,11047
2026-06-05T16:15:00+00:00,7471.390000000001,7472.410000000001,7462.890000000001,7464.400000000001,11885
2026-06-05T16:30:00+00:00,7464.400000000001,7464.900000000001,7445.900000000001,7449.140000000001,13526
2026-06-05T16:45:00+00:00,7449.140000000001,7463.400000000001,7441.400000000001,7462.400000000001,16949
2026-06-05T17:00:00+00:00,7462.400000000001,7462.660000000001,7446.160000000001,7451.150000000001,14510
2026-06-05T17:15:00+00:00,7451.150000000001,7458.640000000001,7444.630000000001,7457.150000000001,13854
2026-06-05T17:30:00+00:00,7457.150000000001,7470.160000000001,7452.390000000001,7455.140000000001,13007
2026-06-05T17:45:00+00:00,7455.140000000001,7464.550000000002,7453.140000000001,7464.190000000002,9391.527415546876
2026-06-05T18:00:00+00:00,7464.190000000002,7465.190000000002,7438.420000000003,7438.690000000002,11523
2026-06-05T18:15:00+00:00,7438.690000000002,7438.940000000002,7422.420000000003,7426.170000000003,18657
2026-06-05T18:30:00+00:00,7426.170000000003,7428.680000000002,7414.670000000003,7417.430000000002,15277
2026-06-05T18:45:00+00:00,7417.430000000002,7419.180000000002,7401.920000000003,7408.920000000003,24706
2026-06-05T19:00:00+00:00,7408.920000000003,7410.940000000002,7386.190000000002,7389.440000000002,22149
2026-06-05T19:15:00+00:00,7389.440000000002,7402.180000000002,7372.440000000002,7401.920000000003,24918
2026-06-05T19:30:00+00:00,7401.920000000003,7405.940000000002,7387.190000000002,7395.670000000003,24095
2026-06-05T19:45:00+00:00,7395.670000000003,7415.940000000002,7389.920000000003,7392.940000000002,30314
2026-06-05T20:00:00+00:00,7392.940000000002,7394.140000000002,7357.120000000003,7360.870000000003,19956
2026-06-05T20:15:00+00:00,7360.870000000003,7363.82,7353.05,7362.19,8092
2026-06-05T20:30:00+00:00,7362.19,7362.32,7351.56,7356.91,5669
2026-06-07T22:00:00+00:00,7356.91,7381.77,7350.52,7381.39,16223
2026-06-07T22:15:00+00:00,7381.39,7391,7376.77,7378.62,7081
2026-06-07T22:30:00+00:00,7378.62,7386.26,7375.88,7380.39,4232
2026-06-07T22:45:00+00:00,7380.39,7383.26,7350.02,7362.38,7725
2026-06-07T23:00:00+00:00,7362.38,7381.01,7362.38,7379.5,5090
2026-06-07T23:15:00+00:00,7379.5,7380.02,7368.29,7375.89,4087
2026-06-07T23:30:00+00:00,7375.89,7386.01,7375.27,7385.75,3115
2026-06-07T23:45:00+00:00,7385.75,7398.77,7384.26,7394.89,5591
2026-06-08T00:00:00+00:00,7394.89,7402.02,7390.5,7401.38,8817
2026-06-08T00:15:00+00:00,7401.38,7410.52,7399.25,7409.5,5857
2026-06-08T00:30:00+00:00,7409.5,7417.52,7406.5,7410.76,6272
2026-06-08T00:45:00+00:00,7410.76,7412.13,7401.26,7410.02,7907
2026-06-08T01:00:00+00:00,7410.02,7413.77,7400.25,7400.64,9768
2026-06-08T01:15:00+00:00,7400.64,7402.02,7386.77,7387.52,14337
2026-06-08T01:30:00+00:00,7387.52,7401.52,7378.87,7400.38,17222
2026-06-08T01:45:00+00:00,7400.38,7404.14,7395.02,7400.75,10173
2026-06-08T02:00:00+00:00,7400.75,7405.27,7395.63,7401.12,9313
2026-06-08T02:15:00+00:00,7401.12,7404.77,7395.25,7402.88,6956
2026-06-08T02:30:00+00:00,7402.88,7412.27,7396,7412.01,7433
2026-06-08T02:45:00+00:00,7412.01,7413.77,7406.77,7409.25,5302
2026-06-08T03:00:00+00:00,7409.25,7413.02,7407.75,7410.75,4810
2026-06-08T03:15:00+00:00,7410.75,7412.77,7405.5,7411.5,4466
2026-06-08T03:30:00+00:00,7411.5,7414.01,7410,7410.75,4016
2026-06-08T03:45:00+00:00,7410.75,7413.51,7409.5,7411.26,3326
2026-06-08T04:00:00+00:00,7411.26,7413.52,7405.25,7407.25,5242
2026-06-08T04:15:00+00:00,7407.25,7411.02,7402.51,7406.12,4202
2026-06-08T04:30:00+00:00,7406.12,7407.52,7396,7396.37,5598
2026-06-08T04:45:00+00:00,7396.37,7403,7395.25,7395.88,5189
2026-06-08T05:00:00+00:00,7395.88,7403.51,7391.25,7391.52,6514
2026-06-08T05:15:00+00:00,7391.52,7398.51,7390.25,7396.75,6580
2026-06-08T05:30:00+00:00,7396.75,7398.25,7381.02,7384,7770
2026-06-08T05:45:00+00:00,7384,7387.27,7381,7386.26,6630
2026-06-08T06:00:00+00:00,7386.26,7394.5,7384.26,7388.25,9092
2026-06-08T06:15:00+00:00,7388.25,7403.02,7385.76,7401.76,7168
2026-06-08T06:30:00+00:00,7401.76,7404.51,7391.27,7395.89,7403
2026-06-08T06:45:00+00:00,7395.89,7397.27,7389,7397.25,5435
2026-06-08T07:00:00+00:00,7397.25,7407.25,7395.12,7404.51,8838
2026-06-08T07:15:00+00:00,7404.51,7418.27,7398.75,7415.51,7237
2026-06-08T07:30:00+00:00,7415.51,7418.5,7410.5,7417.25,5183
2026-06-08T07:45:00+00:00,7417.25,7423.52,7415.5,7417.76,4502
2026-06-08T08:00:00+00:00,7417.76,7418.27,7411.27,7412.52,6412
2026-06-08T08:15:00+00:00,7412.52,7415.77,7407.62,7411.76,6083
2026-06-08T08:30:00+00:00,7411.76,7415.77,7405.26,7409.26,5091
2026-06-08T08:45:00+00:00,7409.26,7412,7404,7408.26,5510
2026-06-08T09:00:00+00:00,7408.26,7412.02,7401.75,7410.51,4155
2026-06-08T09:15:00+00:00,7410.51,7414.76,7409.51,7411.27,3020
2026-06-08T09:30:00+00:00,7411.27,7425.38,7406.5,7417.77,7785
2026-06-08T09:45:00+00:00,7417.77,7422.02,7416.75,7422.01,4082
2026-06-08T10:00:00+00:00,7422.01,7422.27,7411.26,7419.63,4455
2026-06-08T10:15:00+00:00,7419.63,7420.27,7410.27,7414.89,3337
2026-06-08T10:30:00+00:00,7414.89,7430.27,7413.75,7423.75,7787
2026-06-08T10:45:00+00:00,7423.75,7425.02,7419.5,7423.01,3963
2026-06-08T11:00:00+00:00,7423.01,7443.27,7417.25,7443.01,7585
2026-06-08T11:15:00+00:00,7443.01,7448.39,7436.75,7446.62,11799
2026-06-08T11:30:00+00:00,7446.62,7452.26,7445.27,7446.26,5736
2026-06-08T11:45:00+00:00,7446.26,7447.51,7439.75,7441.52,4842
2026-06-08T12:00:00+00:00,7441.52,7451.27,7440.75,7448.5,6866
2026-06-08T12:15:00+00:00,7448.5,7453.51,7446.25,7452.75,4112
2026-06-08T12:30:00+00:00,7452.75,7462.26,7452.5,7457.77,4401
2026-06-08T12:45:00+00:00,7457.77,7458.27,7451.29,7454.01,5005
2026-06-08T13:00:00+00:00,7454.01,7459.75,7453.75,7457.27,6153
2026-06-08T13:15:00+00:00,7457.27,7466.13,7451.26,7452,5474
2026-06-08T13:30:00+00:00,7452,7464.07,7432.55,7445.05,38901
2026-06-08T13:45:00+00:00,7445.05,7455.31,7425.8,7426.07,38582
2026-06-08T14:00:00+00:00,7426.07,7443.31,7423.8,7434.07,39815
2026-06-08T14:15:00+00:00,7434.07,7448.07,7426.05,7442.57,27286
2026-06-08T14:30:00+00:00,7442.57,7454.3,7436.81,7443.06,19517
2026-06-08T14:45:00+00:00,7443.06,7468.3,7442.8,7467.82,14357
2026-06-08T15:00:00+00:00,7467.82,7471.32,7463.3,7465.31,8993
2026-06-08T15:15:00+00:00,7465.31,7469.56,7448.3,7449.82,12355
2026-06-08T15:30:00+00:00,7449.82,7456.32,7435.55,7454.32,18427
2026-06-08T15:45:00+00:00,7454.32,7460.57,7441.82,7444.67,12830
2026-06-08T16:00:00+00:00,7444.67,7449.82,7438.8,7447.8,13802
2026-06-08T16:15:00+00:00,7447.8,7457.06,7438.05,7438.57,11095
2026-06-08T16:30:00+00:00,7438.57,7443.31,7431.93,7438.05,14299
2026-06-08T16:45:00+00:00,7438.05,7446.81,7435.8,7436.05,10440
2026-06-08T17:00:00+00:00,7436.05,7436.82,7417.8,7426.31,16822
2026-06-08T17:15:00+00:00,7426.31,7437.57,7417.8,7437.32,12970
2026-06-08T17:30:00+00:00,7437.32,7441.07,7420.8,7421.06,17583
2026-06-08T17:45:00+00:00,7421.06,7434.57,7420.52,7428.31,13726
2026-06-08T18:00:00+00:00,7428.31,7440.31,7427.55,7429.82,13622
2026-06-08T18:15:00+00:00,7429.82,7438.06,7429.31,7436.56,9776
2026-06-08T18:30:00+00:00,7436.56,7441.82,7424.8,7426.07,9806
2026-06-08T18:45:00+00:00,7426.07,7432.82,7425.8,7426.55,7419
2026-06-08T19:00:00+00:00,7426.55,7428.82,7409.32,7409.56,11269
2026-06-08T19:15:00+00:00,7409.56,7414.07,7398.55,7409.05,12551
2026-06-08T19:30:00+00:00,7409.05,7419.07,7406.05,7410.56,12633
2026-06-08T19:45:00+00:00,7410.56,7417.07,7405.05,7410.56,14613
2026-06-08T20:00:00+00:00,7410.56,7413.52,7406.01,7407.89,3717
2026-06-08T20:15:00+00:00,7407.89,7409.27,7402,7407.52,2219
2026-06-08T20:30:00+00:00,7407.52,7408.27,7405.5,7406.5,973
2026-06-08T20:45:00+00:00,7406.5,7408.27,7404.02,7407.12,925
2026-06-08T22:00:00+00:00,7407.12,7411.75,7390.5,7392.73,7441
2026-06-08T22:15:00+00:00,7392.73,7396,7385.75,7390.75,3919
2026-06-08T22:30:00+00:00,7390.75,7399.99,7390.73,7398.74,2481
2026-06-08T22:45:00+00:00,7398.74,7408,7396.98,7406.86,1879
2026-06-08T23:00:00+00:00,7406.86,7411.75,7403.87,7410.98,2238
2026-06-08T23:15:00+00:00,7410.98,7411.5,7406.25,7407.37,1841
2026-06-08T23:30:00+00:00,7407.37,7414.24,7405.73,7408.12,3011
2026-06-08T23:45:00+00:00,7408.12,7408.37,7398.23,7405.35,5537
2026-06-09T00:00:00+00:00,7405.35,7407,7389.48,7392.24,15190
2026-06-09T00:15:00+00:00,7392.24,7396.25,7388.73,7394.6,9953
2026-06-09T00:30:00+00:00,7394.6,7396.25,7385.98,7392.25,8598
2026-06-09T00:45:00+00:00,7392.25,7393,7385.23,7390.35,7274
2026-06-09T01:00:00+00:00,7390.35,7397.25,7388.48,7394.99,9342
2026-06-09T01:15:00+00:00,7394.99,7413,7393.73,7408.73,10598
2026-06-09T01:30:00+00:00,7408.73,7417.5,7407.23,7414.99,9252
2026-06-09T01:45:00+00:00,7414.99,7423.25,7413.48,7414.86,6908
2026-06-09T02:00:00+00:00,7414.86,7419.75,7414.35,7417,5974
2026-06-09T02:15:00+00:00,7417,7417.75,7410.61,7415.25,4366
2026-06-09T02:30:00+00:00,7415.25,7418.5,7412.26,7418,4873
2026-06-09T02:45:00+00:00,7418,7420.25,7414.73,7418.5,3671
2026-06-09T03:00:00+00:00,7418.5,7422.23,7416.48,7421.36,3786
2026-06-09T03:15:00+00:00,7421.36,7424.24,7417.23,7420.36,3778
2026-06-09T03:30:00+00:00,7420.36,7428.25,7419.48,7426.98,4377
2026-06-09T03:45:00+00:00,7426.98,7428.12,7423.74,7425.49,2892
2026-06-09T04:00:00+00:00,7425.49,7429,7422.99,7426.48,2593
2026-06-09T04:15:00+00:00,7426.48,7430.5,7425.73,7428.6,2201
2026-06-09T04:30:00+00:00,7428.6,7432.37,7426.73,7430.48,2368
2026-06-09T04:45:00+00:00,7430.48,7432,7428.49,7429.25,1629
2026-06-09T05:00:00+00:00,7429.25,7432.5,7427.98,7429.23,2515
2026-06-09T05:15:00+00:00,7429.23,7431.5,7427.23,7427.61,2403
2026-06-09T05:30:00+00:00,7427.61,7435.23,7427.48,7431.73,4436
2026-06-09T05:45:00+00:00,7431.73,7436,7429.48,7431.75,2957
2026-06-09T06:00:00+00:00,7431.75,7434.25,7429.98,7433.74,3600
2026-06-09T06:15:00+00:00,7433.74,7437.23,7430.98,7431.5,2555
2026-06-09T06:30:00+00:00,7431.5,7433,7428.61,7431.35,2535
2026-06-09T06:45:00+00:00,7431.35,7432.75,7425.25,7428.5,2015
2026-06-09T07:00:00+00:00,7428.5,7441.87,7426.49,7433.25,4441
2026-06-09T07:15:00+00:00,7433.25,7435.75,7425.85,7428.49,4096
2026-06-09T07:30:00+00:00,7428.49,7431.5,7425.98,7431.5,3828
2026-06-09T07:45:00+00:00,7431.5,7434,7425.74,7427.5,3091
2026-06-09T08:00:00+00:00,7427.5,7440.5,7423.24,7439.1,6308
2026-06-09T08:15:00+00:00,7439.1,7440.75,7434.98,7438.25,4048
2026-06-09T08:30:00+00:00,7438.25,7443.87,7436.24,7442.73,3082
2026-06-09T08:45:00+00:00,7442.73,7443.99,7435.74,7437.23,1960
2026-06-09T09:00:00+00:00,7437.23,7443.25,7436.23,7443,1812
2026-06-09T09:15:00+00:00,7443,7445.75,7441.23,7444.48,1725
2026-06-09T09:30:00+00:00,7444.48,7445,7439.62,7443.49,1843
2026-06-09T09:45:00+00:00,7443.49,7446.24,7442.99,7443.75,1286
2026-06-09T10:00:00+00:00,7443.75,7446.99,7429.48,7444.23,5412
2026-06-09T10:15:00+00:00,7444.23,7444.75,7439.98,7444.25,1854
2026-06-09T10:30:00+00:00,7444.25,7444.75,7440.48,7441.85,1286
2026-06-09T10:45:00+00:00,7441.85,7451,7440.74,7446.36,2980
2026-06-09T11:00:00+00:00,7446.36,7449.75,7444.12,7445.48,2434
2026-06-09T11:15:00+00:00,7445.48,7446,7439.73,7441.74,1766
2026-06-09T11:30:00+00:00,7441.74,7445.99,7440.23,7443.62,2104
2026-06-09T11:45:00+00:00,7443.62,7445.5,7438.23,7438.48,1588
2026-06-09T12:00:00+00:00,7438.48,7443,7437.75,7438.25,2176
2026-06-09T12:15:00+00:00,7438.25,7440.5,7436.48,7438.73,2465
2026-06-09T12:30:00+00:00,7438.73,7451,7438.73,7444.74,2888
2026-06-09T12:45:00+00:00,7444.74,7451.74,7441.48,7451.12,2738
2026-06-09T13:00:00+00:00,7451.12,7454.23,7446.23,7446.75,4387
2026-06-09T13:15:00+00:00,7446.75,7454.5,7444.23,7453.75,3807
2026-06-09T13:30:00+00:00,7453.75,7470.55,7449.79,7470.28,17053
2026-06-09T13:45:00+00:00,7470.28,7486.3,7459.28,7460.53,18206
2026-06-09T14:00:00+00:00,7460.53,7467.54,7431.03,7432.29,31360
2026-06-09T14:15:00+00:00,7432.29,7438.53,7410.53,7428.29,40056
2026-06-09T14:30:00+00:00,7428.29,7434.05,7400.78,7403.05,40526
2026-06-09T14:45:00+00:00,7403.05,7405.79,7362.79,7394.3,46460
2026-06-09T15:00:00+00:00,7394.3,7400.8,7379.28,7391.79,35185
2026-06-09T15:15:00+00:00,7391.79,7394.04,7323.92,7326.78,34839
2026-06-09T15:30:00+00:00,7326.78,7341.3,7321.3,7334.8,46881
2026-06-09T15:45:00+00:00,7334.8,7344.05,7306.03,7307.54,36211
2026-06-09T16:00:00+00:00,7307.54,7322.29,7294.54,7302.28,40406
2026-06-09T16:15:00+00:00,7302.28,7302.55,7269.79,7290.3,43860
2026-06-09T16:30:00+00:00,7290.3,7302.67,7242.4,7263.04,46327
2026-06-09T16:45:00+00:00,7263.04,7283.42,7252.28,7282.53,34978
2026-06-09T17:00:00+00:00,7282.53,7307.05,7280.54,7302.29,43961
2026-06-09T17:15:00+00:00,7302.29,7329.55,7295.78,7324.04,37078
2026-06-09T17:30:00+00:00,7324.04,7356.4,7318.53,7346.3,28258
2026-06-09T17:45:00+00:00,7346.3,7348.8,7326.28,7342.8,34161
2026-06-09T18:00:00+00:00,7342.8,7354.55,7337.78,7349.3,29331
2026-06-09T18:15:00+00:00,7349.3,7368.8,7342.51,7368.15,25811
2026-06-09T18:30:00+00:00,7368.15,7379.8,7360.05,7361.3,24701
2026-06-09T18:45:00+00:00,7361.3,7388.65,7360.29,7384.54,20847
2026-06-09T19:00:00+00:00,7384.54,7393.8,7368.53,7370.05,22213
2026-06-09T19:15:00+00:00,7370.05,7371.3,7348.78,7362.79,35489
2026-06-09T19:30:00+00:00,7362.79,7367.05,7343.04,7351.42,34868
2026-06-09T19:45:00+00:00,7351.42,7390.55,7342.53,7387.03,38926
2026-06-09T20:00:00+00:00,7387.03,7394,7378.73,7380.62,13656
2026-06-09T20:15:00+00:00,7380.62,7386.75,7377.48,7384.75,4677
2026-06-09T20:30:00+00:00,7384.75,7388.75,7381.48,7386.23,2550
2026-06-09T20:45:00+00:00,7386.23,7387.75,7380.73,7384.97,1787
2026-06-09T22:00:00+00:00,7384.97,7384.97,7370.03,7377.42,13386
2026-06-09T22:15:00+00:00,7377.42,7382.28,7372.28,7373.91,4275
2026-06-09T22:30:00+00:00,7373.91,7374.3,7362.28,7366.42,4461
2026-06-09T22:45:00+00:00,7366.42,7367.79,7359.28,7365.92,3246
2026-06-09T23:00:00+00:00,7365.92,7375.17,7364.28,7365.9,3800
2026-06-09T23:15:00+00:00,7365.9,7367.8,7362.28,7362.92,2308
2026-06-09T23:30:00+00:00,7362.92,7366.55,7360.55,7365.55,2423
2026-06-09T23:45:00+00:00,7365.55,7375.53,7364.28,7374.29,4340
2026-06-10T00:00:00+00:00,7374.29,7388.79,7374.03,7380.4,9325
2026-06-10T00:15:00+00:00,7380.4,7381.9,7372.79,7378.67,7999
2026-06-10T00:30:00+00:00,7378.67,7379.8,7359.56,7363.8,9313
2026-06-10T00:45:00+00:00,7363.8,7380.3,7362.78,7377.17,8869
2026-06-10T01:00:00+00:00,7377.17,7384.05,7374.05,7380.15,8583
2026-06-10T01:15:00+00:00,7380.15,7385.54,7376.4,7379.05,6374
2026-06-10T01:30:00+00:00,7379.05,7384.55,7373.05,7375.05,7632
2026-06-10T01:45:00+00:00,7375.05,7381.3,7372.04,7375.65,7417
2026-06-10T02:00:00+00:00,7375.65,7377.04,7367.28,7371.4,5340
2026-06-10T02:15:00+00:00,7371.4,7375.29,7368.28,7374.15,5332
2026-06-10T02:30:00+00:00,7374.15,7376.92,7369.03,7372.42,4721
2026-06-10T02:45:00+00:00,7372.42,7376.8,7365.03,7366.55,3981
2026-06-10T03:00:00+00:00,7366.55,7375.55,7365.78,7373.03,4139
2026-06-10T03:15:00+00:00,7373.03,7377.17,7370.03,7371.78,3743
2026-06-10T03:30:00+00:00,7371.78,7373.55,7365.53,7365.91,4156
2026-06-10T03:45:00+00:00,7365.91,7370.05,7365.28,7367.91,2980
2026-06-10T04:00:00+00:00,7367.91,7369.42,7360.28,7361.28,2765
2026-06-10T04:15:00+00:00,7361.28,7366.3,7359.28,7361.04,3968
2026-06-10T04:30:00+00:00,7361.04,7361.3,7352.53,7352.8,3545
2026-06-10T04:45:00+00:00,7352.8,7360.79,7351.54,7353.54,3913
2026-06-10T05:00:00+00:00,7353.54,7361.04,7352.53,7356.15,4817
2026-06-10T05:15:00+00:00,7356.15,7363.05,7349.41,7362.67,4524
2026-06-10T05:30:00+00:00,7362.67,7364.55,7354.3,7359.67,5909
2026-06-10T05:45:00+00:00,7359.67,7366.3,7355.28,7363.79,4245
2026-06-10T06:00:00+00:00,7363.79,7371.04,7362.9,7368.05,4509
2026-06-10T06:15:00+00:00,7368.05,7370.55,7362.53,7366.16,3041
2026-06-10T06:30:00+00:00,7366.16,7371.41,7363.03,7367.16,3548
2026-06-10T06:45:00+00:00,7367.16,7367.79,7362.28,7364.04,1909
2026-06-10T07:00:00+00:00,7364.04,7369.3,7360.16,7366.65,5228
2026-06-10T07:15:00+00:00,7366.65,7368.8,7358.03,7360.28,4337
2026-06-10T07:30:00+00:00,7360.28,7366.53,7358.29,7360.65,4357
2026-06-10T07:45:00+00:00,7360.65,7364.05,7357.53,7363.03,4378
2026-06-10T08:00:00+00:00,7363.03,7363.54,7348.53,7351.53,7839
2026-06-10T08:15:00+00:00,7351.53,7354.05,7346.53,7348.67,6518
2026-06-10T08:30:00+00:00,7348.67,7352.55,7334.28,7335.15,5804
2026-06-10T08:45:00+00:00,7335.15,7340.55,7328.29,7331.8,7950
2026-06-10T09:00:00+00:00,7331.8,7335.54,7319.55,7319.65,7958
2026-06-10T09:15:00+00:00,7319.65,7333.04,7314.53,7332.3,7615
2026-06-10T09:30:00+00:00,7332.3,7338.3,7325.28,7328.8,6271
2026-06-10T09:45:00+00:00,7328.8,7335.29,7324.31,7333.29,5490
2026-06-10T10:00:00+00:00,7333.29,7333.92,7326.05,7330.16,4830
2026-06-10T10:15:00+00:00,7330.16,7332.8,7320.04,7331.8,6231
2026-06-10T10:30:00+00:00,7331.8,7340.05,7329.17,7339.65,5395
2026-06-10T10:45:00+00:00,7339.65,7342.3,7330.28,7339.65,5496
2026-06-10T11:00:00+00:00,7339.65,7342.15,7302.8,7321.42,17698
2026-06-10T11:15:00+00:00,7321.42,7329.8,7301.16,7312.53,15425
2026-06-10T11:30:00+00:00,7312.53,7314.55,7302.15,7307.54,10960
2026-06-10T11:45:00+00:00,7307.54,7322.3,7304.65,7317.91,8033
2026-06-10T12:00:00+00:00,7317.91,7330.55,7315.03,7323.15,7715
2026-06-10T12:15:00+00:00,7323.15,7334.17,7317.55,7333.56,8903
2026-06-10T12:30:00+00:00,7333.56,7362.53,7330.8,7354.9,34257
2026-06-10T12:45:00+00:00,7354.9,7362.29,7345.53,7346.05,22935
2026-06-10T13:00:00+00:00,7346.05,7351.3,7341.56,7347.03,11980
2026-06-10T13:15:00+00:00,7347.03,7351.78,7345.29,7350.67,7886
2026-06-10T13:30:00+00:00,7350.67,7378.35,7331.08,7377.84,49653
2026-06-10T13:45:00+00:00,7377.84,7386.1,7363.33,7373.59,45524
2026-06-10T14:00:00+00:00,7373.59,7392.35,7366.58,7383.35,41665
2026-06-10T14:15:00+00:00,7383.35,7400.35,7374.33,7388.6,37810
2026-06-10T14:30:00+00:00,7388.6,7395.84,7372.08,7372.34,37671
2026-06-10T14:45:00+00:00,7372.34,7377.35,7338.83,7344.85,43632
2026-06-10T15:00:00+00:00,7344.85,7360.6,7322.58,7323.08,43065
2026-06-10T15:15:00+00:00,7323.08,7342.09,7311.33,7330.45,43515
2026-06-10T15:30:00+00:00,7330.45,7342.09,7316.59,7338.58,38669
2026-06-10T15:45:00+00:00,7338.58,7344.1,7300.81,7335.95,37639
2026-06-10T16:00:00+00:00,7335.95,7341.7,7315.33,7318.83,26904
2026-06-10T16:15:00+00:00,7318.83,7326.6,7315.33,7322.84,25539
2026-06-10T16:30:00+00:00,7322.84,7339.6,7316.33,7324.46,26602
2026-06-10T16:45:00+00:00,7324.46,7326.6,7310.33,7319.85,23883
2026-06-10T17:00:00+00:00,7319.85,7330.09,7303.08,7306.2,22798
2026-06-10T17:15:00+00:00,7306.2,7314.6,7302.83,7312.6,23415
2026-06-10T17:30:00+00:00,7312.6,7313.21,7294.83,7296.08,21630
2026-06-10T17:45:00+00:00,7296.08,7324.58,7294.83,7322.85,29884
2026-06-10T18:00:00+00:00,7322.85,7334.1,7320.82,7323.6,19897
2026-06-10T18:15:00+00:00,7323.6,7329.1,7309.33,7311.84,21634
2026-06-10T18:30:00+00:00,7311.84,7312.22,7297.33,7301.6,18830
2026-06-10T18:45:00+00:00,7301.6,7301.85,7286.33,7290.84,18058
2026-06-10T19:00:00+00:00,7290.84,7297.85,7284.45,7287.34,19531
2026-06-10T19:15:00+00:00,7287.34,7289.09,7271.83,7276.84,18771
2026-06-10T19:30:00+00:00,7276.84,7294.47,7273.58,7289.59,23505
2026-06-10T19:45:00+00:00,7289.59,7296.35,7270.84,7271.84,26950
2026-06-10T20:00:00+00:00,7271.84,7274.8,7257.04,7267.16,12959
2026-06-10T20:15:00+00:00,7267.16,7271.54,7264.05,7265.79,3336
2026-06-10T20:30:00+00:00,7265.79,7265.79,7257.55,7258.03,1918
2026-06-10T20:45:00+00:00,7258.03,7263.55,7251.53,7262.9,3038
2026-06-10T22:00:00+00:00,7262.9,7262.9,7243.53,7251.54,10097
2026-06-10T22:15:00+00:00,7251.54,7256.05,7249.28,7255.16,4944
2026-06-10T22:30:00+00:00,7255.16,7263.05,7253.03,7256.67,4518
2026-06-10T22:45:00+00:00,7256.67,7261.66,7239.53,7240.42,7504
2026-06-10T23:00:00+00:00,7240.42,7247.67,7230.93,7231.950000000001,6064.705115918218
2026-06-10T23:15:00+00:00,7231.950000000001,7254.3,7228.3,7253.06,9541
2026-06-10T23:30:00+00:00,7253.06,7259.06,7243.1900000000005,7255.3,3996
2026-06-10T23:45:00+00:00,7255.3,7255.93,7243.070000000001,7245.4400000000005,4426
2026-06-11T00:00:00+00:00,7245.4400000000005,7254.450000000001,7241.68,7250.700000000001,11153
2026-06-11T00:15:00+00:00,7250.700000000001,7278.700000000001,7250.68,7263.18,17066
2026-06-11T00:30:00+00:00,7263.18,7268.4400000000005,7253.450000000001,7258.950000000001,12745
2026-06-11T00:45:00+00:00,7258.950000000001,7275.700000000001,7258.68,7272.93,9702
2026-06-11T01:00:00+00:00,7272.93,7299.200000000001,7272.8,7298.43,10480
2026-06-11T01:15:00+00:00,7298.43,7301.93,7293.1900000000005,7300.18,9483
2026-06-11T01:30:00+00:00,7300.18,7301.1900000000005,7291.47,7292.6900000000005,7733
2026-06-11T01:45:00+00:00,7292.6900000000005,7293.200000000001,7281.43,7283.4400000000005,6247
2026-06-11T02:00:00+00:00,7283.4400000000005,7292.9400000000005,7282.320000000001,7282.93,7473
2026-06-11T02:15:00+00:00,7282.93,7286.6900000000005,7272.43,7274.1900000000005,7789
2026-06-11T02:30:00+00:00,7274.1900000000005,7279.43,7268.72,7275.18,9304
2026-06-11T02:45:00+00:00,7275.18,7286.950000000001,7273.950000000001,7285.06,6836
2026-06-11T03:00:00+00:00,7285.06,7290.4400000000005,7277.93,7280.4400000000005,6471
2026-06-11T03:15:00+00:00,7280.4400000000005,7284.4400000000005,7276.93,7283.68,6351
2026-06-11T03:30:00+00:00,7283.68,7294.450000000001,7282.93,7293.93,7283
2026-06-11T03:45:00+00:00,7293.93,7301.9400000000005,7291.6900000000005,7300.68,4938
2026-06-11T04:00:00+00:00,7300.68,7301.570000000001,7296.93,7299.070000000001,4132
2026-06-11T04:15:00+00:00,7299.070000000001,7304.700000000001,7296.43,7302.1900000000005,5001
2026-06-11T04:30:00+00:00,7302.1900000000005,7313.200000000001,7301.070000000001,7311.4400000000005,4290
2026-06-11T04:45:00+00:00,7311.4400000000005,7313.450000000001,7306.05,7308.68,3741
2026-06-11T05:00:00+00:00,7308.68,7309.56,7299.93,7301.56,4654
2026-06-11T05:15:00+00:00,7301.56,7304.450000000001,7298.68,7301.700000000001,4224
2026-06-11T05:30:00+00:00,7301.700000000001,7304.700000000001,7298.43,7303.700000000001,5153
2026-06-11T05:45:00+00:00,7303.700000000001,7306.450000000001,7301.43,7304.31,4408
2026-06-11T06:00:00+00:00,7304.31,7304.6900000000005,7290.68,7302.070000000001,7952
2026-06-11T06:15:00+00:00,7302.070000000001,7305.950000000001,7300.43,7301.68,4807
2026-06-11T06:30:00+00:00,7301.68,7308.450000000001,7299.43,7306.18,4039
2026-06-11T06:45:00+00:00,7306.18,7311.950000000001,7304.570000000001,7311.18,3339
2026-06-11T07:00:00+00:00,7311.18,7315.450000000001,7308.05,7313.1900000000005,5595
2026-06-11T07:15:00+00:00,7313.1900000000005,7325.700000000001,7311.93,7322.700000000001,4672
2026-06-11T07:30:00+00:00,7322.700000000001,7327.18,7321.700000000001,7325.6900000000005,3862
2026-06-11T07:45:00+00:00,7325.6900000000005,7326.68,7320.18,7322.93,3366
2026-06-11T08:00:00+00:00,7322.93,7333.200000000001,7322.18,7331.200000000001,4925
2026-06-11T08:15:00+00:00,7331.200000000001,7332.450000000001,7325.6900000000005,7328.1900000000005,4004
2026-06-11T08:30:00+00:00,7328.1900000000005,7333.200000000001,7326.93,7330.950000000001,3375
2026-06-11T08:45:00+00:00,7330.950000000001,7333.450000000001,7328.81,7332.43,2834
2026-06-11T09:00:00+00:00,7332.43,7333.6900000000005,7327.43,7329.1900000000005,3023
2026-06-11T09:15:00+00:00,7329.1900000000005,7332.450000000001,7327.43,7329.200000000001,2477
2026-06-11T09:30:00+00:00,7329.200000000001,7332.9400000000005,7327.93,7331.18,2001
2026-06-11T09:45:00+00:00,7331.18,7334.700000000001,7329.1900000000005,7329.43,2438
2026-06-11T10:00:00+00:00,7329.43,7333.450000000001,7326.450000000001,7327.6900000000005,3271
2026-06-11T10:15:00+00:00,7327.6900000000005,7329.450000000001,7324.200000000001,7324.700000000001,2510
2026-06-11T10:30:00+00:00,7324.700000000001,7330.18,7324.700000000001,7327.43,2288
2026-06-11T10:45:00+00:00,7327.43,7330.18,7324.18,7324.6900000000005,1989
2026-06-11T11:00:00+00:00,7324.6900000000005,7324.950000000001,7313.43,7317.8,4631
2026-06-11T11:15:00+00:00,7317.8,7321.56,7313.43,7318.570000000001,3818
2026-06-11T11:30:00+00:00,7318.570000000001,7328.450000000001,7317.68,7325.4400000000005,6138
2026-06-11T11:45:00+00:00,7325.4400000000005,7329.700000000001,7322.43,7327.950000000001,2688
2026-06-11T12:00:00+00:00,7327.950000000001,7329.950000000001,7324.22,7327.93,2879
2026-06-11T12:15:00+00:00,7327.93,7328.070000000001,7292.1900000000005,7301.97,17956
2026-06-11T12:30:00+00:00,7301.97,7308.72,7284.1900000000005,7300.570000000001,18357
2026-06-11T12:45:00+00:00,7300.570000000001,7315.31,7297.68,7311.9400000000005,13663
2026-06-11T13:00:00+00:00,7311.9400000000005,7312.68,7300.18,7304.4400000000005,8636
2026-06-11T13:15:00+00:00,7304.4400000000005,7307.450000000001,7301.9400000000005,7303.700000000001,6453
2026-06-11T13:30:00+00:00,7303.700000000001,7306.750000000001,7278.9800000000005,7286.990000000001,40044
2026-06-11T13:45:00+00:00,7286.990000000001,7331.240000000001,7283.000000000001,7312.9800000000005,42572
2026-06-11T14:00:00+00:00,7312.9800000000005,7331.500000000001,7293.2300000000005,7293.990000000001,37525
2026-06-11T14:15:00+00:00,7293.990000000001,7313.250000000001,7284.9800000000005,7303.7300000000005,40083
2026-06-11T14:30:00+00:00,7303.7300000000005,7316.110000000001,7292.250000000001,7301.250000000001,32939
2026-06-11T14:45:00+00:00,7301.250000000001,7305.490000000001,7266.210000000001,7271.250000000001,36863
2026-06-11T15:00:00+00:00,7271.250000000001,7293.990000000001,7258.9800000000005,7288.750000000001,41259
2026-06-11T15:15:00+00:00,7288.750000000001,7302.740000000001,7282.120000000001,7286.990000000001,30863
2026-06-11T15:30:00+00:00,7286.990000000001,7310.250000000001,7282.2300000000005,7293.85,30678
2026-06-11T15:45:00+00:00,7293.85,7299.6,7283.4800000000005,7295.990000000001,26968
2026-06-11T16:00:00+00:00,7295.990000000001,7316.750000000001,7290.7300000000005,7314.2300000000005,25284
2026-06-11T16:15:00+00:00,7314.2300000000005,7318.610000000001,7293.000000000001,7294.000000000001,21904
2026-06-11T16:30:00+00:00,7294.000000000001,7314.500000000001,7289.4800000000005,7301.500000000001,22786
2026-06-11T16:45:00+00:00,7301.500000000001,7304.750000000001,7280.240000000001,7280.750000000001,19491
2026-06-11T17:00:00+00:00,7280.750000000001,7288.000000000001,7270.750000000001,7278.500000000001,24975
2026-06-11T17:15:00+00:00,7278.500000000001,7342.240000000001,7267.7300000000005,7340.860000000001,28282
2026-06-11T17:30:00+00:00,7340.860000000001,7382.250000000001,7337.710000000001,7378.000000000001,55611
2026-06-11T17:45:00+00:00,7378.000000000001,7381.500000000001,7349.750000000001,7364.990000000001,35408
2026-06-11T18:00:00+00:00,7364.990000000001,7371.990000000001,7340.700000000001,7358.740000000001,34994
2026-06-11T18:15:00+00:00,7358.740000000001,7373.500000000001,7353.7300000000005,7360.500000000001,27188
2026-06-11T18:30:00+00:00,7360.500000000001,7369.4800000000005,7356.2300000000005,7365.120000000001,16508
2026-06-11T18:45:00+00:00,7365.120000000001,7379.000000000001,7363.7300000000005,7373.500000000001,15900
2026-06-11T19:00:00+00:00,7373.500000000001,7388.500000000001,7368.950000000001,7385.2300000000005,20958
2026-06-11T19:15:00+00:00,7385.2300000000005,7397.750000000001,7382.9800000000005,7395.000000000001,15113
2026-06-11T19:30:00+00:00,7395.000000000001,7415.750000000001,7394.490000000001,7409.4800000000005,25374
2026-06-11T19:45:00+00:00,7409.4800000000005,7409.4800000000005,7388.240000000001,7390.240000000001,25163
2026-06-11T20:00:00+00:00,7390.240000000001,7404.68,7385.950000000001,7402.700000000001,9273
2026-06-11T20:15:00+00:00,7402.700000000001,7405.450000000001,7394.93,7397.43,3676
2026-06-11T20:30:00+00:00,7397.43,7399.9400000000005,7387.9400000000005,7388.700000000001,1890
2026-06-11T20:45:00+00:00,7388.700000000001,7394.700000000001,7387.93,7393.910000000001,1681
2026-06-11T22:00:00+00:00,7393.910000000001,7409.22,7392.7300000000005,7408.710000000001,6528
2026-06-11T22:15:00+00:00,7408.710000000001,7412.47,7405.210000000001,7406.97,3290
2026-06-11T22:30:00+00:00,7406.97,7408.72,7404.200000000001,7406.960000000001,2266
2026-06-11T22:45:00+00:00,7406.960000000001,7411.450000000001,7406.72,7407.700000000001,2084
2026-06-11T23:00:00+00:00,7407.700000000001,7408.460000000001,7402.700000000001,7405.72,1845
2026-06-11T23:15:00+00:00,7405.72,7408.97,7398.700000000001,7402.47,2332
2026-06-11T23:30:00+00:00,7402.47,7409.97,7402.330000000001,7409.210000000001,1729
2026-06-11T23:45:00+00:00,7409.210000000001,7412.960000000001,7408.210000000001,7411.200000000001,3055
2026-06-12T00:00:00+00:00,7411.200000000001,7412.960000000001,7402.700000000001,7408.710000000001,6620
2026-06-12T00:15:00+00:00,7408.710000000001,7414.210000000001,7403.330000000001,7412.960000000001,4265
2026-06-12T00:30:00+00:00,7412.960000000001,7417.47,7407.200000000001,7408.070000000001,3003
2026-06-12T00:45:00+00:00,7408.070000000001,7412.09,7404.700000000001,7408.700000000001,3361
2026-06-12T01:00:00+00:00,7408.700000000001,7408.820000000001,7400.450000000001,7404.72,4277
2026-06-12T01:15:00+00:00,7404.72,7406.72,7392.950000000001,7394.72,3980
2026-06-12T01:30:00+00:00,7394.72,7399.830000000001,7392.950000000001,7396.210000000001,4512
2026-06-12T01:45:00+00:00,7396.210000000001,7407.34,7395.72,7406.22,2502
2026-06-12T02:00:00+00:00,7406.22,7411.210000000001,7406.200000000001,7408.450000000001,2712
2026-06-12T02:15:00+00:00,7408.450000000001,7409.09,7401.450000000001,7401.950000000001,2589
2026-06-12T02:30:00+00:00,7401.950000000001,7406.97,7400.950000000001,7406.34,2430
2026-06-12T02:45:00+00:00,7406.34,7409.97,7405.950000000001,7407.72,2121
2026-06-12T03:00:00+00:00,7407.72,7408.080000000001,7398.950000000001,7400.450000000001,2155
2026-06-12T03:15:00+00:00,7400.450000000001,7401.97,7395.700000000001,7400.200000000001,2231
2026-06-12T03:30:00+00:00,7400.200000000001,7405.72,7399.450000000001,7402.960000000001,2997
2026-06-12T03:45:00+00:00,7402.960000000001,7404.47,7398.210000000001,7403.09,2626
2026-06-12T04:00:00+00:00,7403.09,7403.460000000001,7396.450000000001,7400.210000000001,2031
2026-06-12T04:15:00+00:00,7400.210000000001,7404.97,7396.450000000001,7404.450000000001,1675
2026-06-12T04:30:00+00:00,7404.450000000001,7406.710000000001,7402.950000000001,7405.72,1594
2026-06-12T04:45:00+00:00,7405.72,7407.47,7404.200000000001,7406.84,1490
2026-06-12T05:00:00+00:00,7406.84,7408.72,7400.070000000001,7404.820000000001,2197
2026-06-12T05:15:00+00:00,7404.820000000001,7407.710000000001,7403.070000000001,7406.710000000001,2413
2026-06-12T05:30:00+00:00,7406.710000000001,7406.710000000001,7394.450000000001,7398.580000000001,4884
2026-06-12T05:45:00+00:00,7398.580000000001,7399.22,7383.450000000001,7389.210000000001,5651
2026-06-12T06:00:00+00:00,7389.210000000001,7399.960000000001,7387.700000000001,7397.830000000001,5771
2026-06-12T06:15:00+00:00,7397.830000000001,7397.960000000001,7391.47,7392.47,3034
2026-06-12T06:30:00+00:00,7392.47,7392.710000000001,7384.200000000001,7385.460000000001,3137
2026-06-12T06:45:00+00:00,7385.460000000001,7387.47,7380.450000000001,7384.22,2412
2026-06-12T07:00:00+00:00,7384.22,7385.72,7373.59,7373.960000000001,5358
2026-06-12T07:15:00+00:00,7373.960000000001,7378.72,7370.950000000001,7376.34,3892
2026-06-12T07:30:00+00:00,7376.34,7388.97,7374.580000000001,7388.22,4097
2026-06-12T07:45:00+00:00,7388.22,7404.59,7385.450000000001,7396.97,6656
2026-06-12T08:00:00+00:00,7396.97,7410.47,7395.200000000001,7407.700000000001,7025
2026-06-12T08:15:00+00:00,7407.700000000001,7424.450000000001,7403.72,7417.72,9116
2026-06-12T08:30:00+00:00,7417.72,7419.84,7404.200000000001,7407.950000000001,5018
2026-06-12T08:45:00+00:00,7407.950000000001,7415.97,7404.200000000001,7411.22,3260
2026-06-12T09:00:00+00:00,7411.22,7422.460000000001,7411.22,7422.200000000001,3112
2026-06-12T09:15:00+00:00,7422.200000000001,7433.700000000001,7420.960000000001,7432.34,4796
2026-06-12T09:30:00+00:00,7432.34,7447.22,7430.72,7442.22,4761
2026-06-12T09:45:00+00:00,7442.22,7443.47,7434.47,7435.47,3195
2026-06-12T10:00:00+00:00,7435.47,7440.710000000001,7428.950000000001,7432.580000000001,3564
2026-06-12T10:15:00+00:00,7432.580000000001,7433.22,7415.47,7417.84,6135
2026-06-12T10:30:00+00:00,7417.84,7425.72,7416.580000000001,7422.72,4126
2026-06-12T10:45:00+00:00,7422.72,7424.22,7416.950000000001,7420.830000000001,2731
2026-06-12T11:00:00+00:00,7420.830000000001,7427.710000000001,7418.450000000001,7426.450000000001,3761
2026-06-12T11:15:00+00:00,7426.450000000001,7435.960000000001,7425.450000000001,7434.200000000001,3430
2026-06-12T11:30:00+00:00,7434.200000000001,7438.960000000001,7428.490000000001,7438.450000000001,4092
2026-06-12T11:45:00+00:00,7438.450000000001,7443.960000000001,7434.950000000001,7439.210000000001,3189
2026-06-12T12:00:00+00:00,7439.210000000001,7440.710000000001,7427.97,7430.570000000001,4669
2026-06-12T12:15:00+00:00,7430.570000000001,7432.710000000001,7421.200000000001,7421.47,4499
2026-06-12T12:30:00+00:00,7421.47,7423.97,7408.47,7410.210000000001,5970
2026-06-12T12:45:00+00:00,7410.210000000001,7413.97,7397.950000000001,7400.460000000001,8095
2026-06-12T13:00:00+00:00,7400.460000000001,7411.59,7392.950000000001,7411.22,5852
2026-06-12T13:15:00+00:00,7411.22,7419.960000000001,7408.710000000001,7419.710000000001,6108
2026-06-12T13:30:00+00:00,7419.710000000001,7420.77,7370.250000000001,7371.370000000001,51026
2026-06-12T13:45:00+00:00,7371.370000000001,7386.76,7362.750000000001,7379.13,40715
2026-06-12T14:00:00+00:00,7379.13,7417.77,7376.97,7405.620000000001,27325
2026-06-12T14:15:00+00:00,7405.620000000001,7424.02,7401.750000000001,7408.750000000001,25913
2026-06-12T14:30:00+00:00,7408.750000000001,7424.870000000001,7391.990000000001,7392.76,32871
2026-06-12T14:45:00+00:00,7392.76,7439.77,7384.500000000001,7436.76,50303
2026-06-12T15:00:00+00:00,7436.76,7446.77,7429.250000000001,7444.370000000001,25725
2026-06-12T15:15:00+00:00,7444.370000000001,7457.52,7438.750000000001,7454.88,15956
2026-06-12T15:30:00+00:00,7454.88,7455.27,7420.750000000001,7422.52,20856
2026-06-12T15:45:00+00:00,7422.52,7432.02,7397.500000000001,7402.000000000001,24208
2026-06-12T16:00:00+00:00,7402.000000000001,7435.64,7395.000000000001,7423.500000000001,27584
2026-06-12T16:15:00+00:00,7423.500000000001,7435.01,7412.77,7419.27,20020
2026-06-12T16:30:00+00:00,7419.27,7427.77,7415.370000000001,7418.000000000001,13907
2026-06-12T16:45:00+00:00,7418.000000000001,7429.27,7416.240000000001,7428.370000000001,11693
2026-06-12T17:00:00+00:00,7428.370000000001,7443.27,7425.120000000001,7433.27,12739
2026-06-12T17:15:00+00:00,7433.27,7440.77,7430.000000000001,7434.51,8795
2026-06-12T17:30:00+00:00,7434.51,7435.89,7426.750000000001,7430.26,9939
2026-06-12T17:45:00+00:00,7430.26,7434.77,7422.55,7426.8099999999995,8089.826793551911
2026-06-12T18:00:00+00:00,7426.8099999999995,7434.3,7419.05,7424.0599999999995,8922
2026-06-12T18:15:00+00:00,7424.0599999999995,7427.8099999999995,7418.0599999999995,7426.57,9099
2026-06-12T18:30:00+00:00,7426.57,7437.57,7426.05,7436.57,6666
2026-06-12T18:45:00+00:00,7436.57,7437.3099999999995,7423.8,7424.32,7416
2026-06-12T19:00:00+00:00,7424.32,7436.3,7423.8,7428.3099999999995,7415
2026-06-12T19:15:00+00:00,7428.3099999999995,7434.07,7424.0599999999995,7428.57,6273
2026-06-12T19:30:00+00:00,7428.57,7432.0599999999995,7415.05,7422.57,12002
2026-06-12T19:45:00+00:00,7422.57,7433.82,7419.05,7430.07,10279
2026-06-12T20:00:00+00:00,7430.07,7438.7699999999995,7429.5,7438.7699999999995,3160
2026-06-12T20:15:00+00:00,7438.7699999999995,7441.32,7436.81,7437.06,632
2026-06-12T20:30:00+00:00,7437.06,7439.56,7435.05,7435.05,877
2026-06-14T22:00:00+00:00,7435.05,7500.53,7435.05,7497.89,15685
2026-06-14T22:15:00+00:00,7497.89,7501.53,7491.53,7492.51,4690
2026-06-14T22:30:00+00:00,7492.51,7494.77,7487.76,7489.02,4202
2026-06-14T22:45:00+00:00,7489.02,7496.03,7488.26,7491.78,2540
2026-06-14T23:00:00+00:00,7491.78,7495.77,7487.01,7487.63,2915
2026-06-14T23:15:00+00:00,7487.63,7489.65,7481.76,7488.63,2475
2026-06-14T23:30:00+00:00,7488.63,7494.53,7488.26,7491.53,1873
2026-06-14T23:45:00+00:00,7491.53,7495.28,7487.01,7493.78,4340
2026-06-15T00:00:00+00:00,7493.78,7508.78,7491.26,7505.77,7830
2026-06-15T00:15:00+00:00,7505.77,7508.28,7502.01,7505.51,5641
2026-06-15T00:30:00+00:00,7505.51,7506.78,7501.26,7503.27,2730
2026-06-15T00:45:00+00:00,7503.27,7506.03,7501.52,7504.51,3181
2026-06-15T01:00:00+00:00,7504.51,7508.38,7502.63,7506.9,4272
2026-06-15T01:15:00+00:00,7506.9,7509.52,7505.01,7508.01,3613
2026-06-15T01:30:00+00:00,7508.01,7511.52,7506.27,7510.65,2785
2026-06-15T01:45:00+00:00,7510.65,7511.76,7507.01,7509.02,1572
2026-06-15T02:00:00+00:00,7509.02,7512.88,7508.77,7511.51,1932
2026-06-15T02:15:00+00:00,7511.51,7515.52,7511.27,7514.64,1064
2026-06-15T02:30:00+00:00,7514.64,7516.26,7513.26,7514.76,1035
2026-06-15T02:45:00+00:00,7514.76,7517.28,7514.51,7516.27,1072
2026-06-15T03:00:00+00:00,7516.27,7516.78,7514.01,7516.51,1104
2026-06-15T03:15:00+00:00,7516.51,7519.51,7516.51,7518.01,982
2026-06-15T03:30:00+00:00,7518.01,7520.52,7515.76,7516.63,1531
2026-06-15T03:45:00+00:00,7516.63,7518.28,7515.01,7516.76,1386
2026-06-15T04:00:00+00:00,7516.76,7517.77,7514.26,7515.77,1212
2026-06-15T04:15:00+00:00,7515.77,7520.52,7515.77,7520.26,976
2026-06-15T04:30:00+00:00,7520.26,7521.78,7519.01,7521.52,1022
2026-06-15T04:45:00+00:00,7521.52,7524.52,7520.26,7523.76,1069
2026-06-15T05:00:00+00:00,7523.76,7526.78,7523.01,7525.9,1290
2026-06-15T05:15:00+00:00,7525.9,7527.03,7524.53,7525.76,881
2026-06-15T05:30:00+00:00,7525.76,7527.78,7523.02,7526.78,1735
2026-06-15T05:45:00+00:00,7526.78,7528.28,7524.76,7528.26,1450
2026-06-15T06:00:00+00:00,7528.26,7529.78,7526.13,7526.51,2370
2026-06-15T06:15:00+00:00,7526.51,7529.38,7523.01,7526.02,2457
2026-06-15T06:30:00+00:00,7526.02,7527.03,7520.26,7523.77,2596
2026-06-15T06:45:00+00:00,7523.77,7525.53,7520.51,7523.01,1842
2026-06-15T07:00:00+00:00,7523.01,7525.51,7518.63,7523.01,4214
2026-06-15T07:15:00+00:00,7523.01,7529.01,7522.14,7525.65,3538
2026-06-15T07:30:00+00:00,7525.65,7527.38,7523.01,7524.03,3090
2026-06-15T07:45:00+00:00,7524.03,7526.65,7519.51,7519.51,2776
2026-06-15T08:00:00+00:00,7519.51,7527.03,7519.01,7523.4,4986
2026-06-15T08:15:00+00:00,7523.4,7527.02,7520.26,7526.63,3614
2026-06-15T08:30:00+00:00,7526.63,7527.02,7523.26,7526.27,2956
2026-06-15T08:45:00+00:00,7526.27,7529.28,7522.9,7524.78,2843
2026-06-15T09:00:00+00:00,7524.78,7528.53,7523.01,7524.02,2738
2026-06-15T09:15:00+00:00,7524.02,7524.76,7518.26,7518.77,3500
2026-06-15T09:30:00+00:00,7518.77,7520.28,7517.26,7517.52,2819
2026-06-15T09:45:00+00:00,7517.52,7521.53,7515.76,7520.02,2374
2026-06-15T10:00:00+00:00,7520.02,7524.02,7519.51,7523.13,2125
2026-06-15T10:15:00+00:00,7523.13,7524.53,7520.01,7523.9,1783
2026-06-15T10:30:00+00:00,7523.9,7524.13,7520.27,7523.01,1836
2026-06-15T10:45:00+00:00,7523.01,7525.53,7522.4,7525.02,1877
2026-06-15T11:00:00+00:00,7525.02,7530.9,7524.27,7530.27,2673
2026-06-15T11:15:00+00:00,7530.27,7534.02,7529.63,7532.53,2327
2026-06-15T11:30:00+00:00,7532.53,7534.78,7525.13,7525.89,3339
2026-06-15T11:45:00+00:00,7525.89,7533.02,7524.88,7528.88,4080
2026-06-15T12:00:00+00:00,7528.88,7532.15,7528.01,7528.27,4197
2026-06-15T12:15:00+00:00,7528.27,7529.76,7521.14,7522.26,4627
2026-06-15T12:30:00+00:00,7522.26,7528.26,7521.78,7524.77,4600
2026-06-15T12:45:00+00:00,7524.77,7527.53,7520.51,7527.53,4091
2026-06-15T13:00:00+00:00,7527.53,7529.77,7525.01,7529.63,2552
2026-06-15T13:15:00+00:00,7529.63,7533.63,7528.51,7532.03,2966
2026-06-15T13:30:00+00:00,7532.03,7548.33,7531.58,7542.33,17161
2026-06-15T13:45:00+00:00,7542.33,7554.83,7542.2,7547.07,9677
2026-06-15T14:00:00+00:00,7547.07,7553.82,7539.31,7544.06,16580
2026-06-15T14:15:00+00:00,7544.06,7551.08,7540.07,7550.57,17236
2026-06-15T14:30:00+00:00,7550.57,7551.56,7543.81,7546.83,13339
2026-06-15T14:45:00+00:00,7546.83,7558.08,7546.83,7556.31,8936
2026-06-15T15:00:00+00:00,7556.31,7562.06,7556.31,7561.06,6554
2026-06-15T15:15:00+00:00,7561.06,7566.93,7559.18,7565.81,3133
2026-06-15T15:30:00+00:00,7565.81,7570.08,7562.58,7569.06,5961
2026-06-15T15:45:00+00:00,7569.06,7577.07,7569.06,7576.07,3417
2026-06-15T16:00:00+00:00,7576.07,7581.33,7574.81,7576.07,3718
2026-06-15T16:15:00+00:00,7576.07,7580.07,7573.81,7579.33,3469
2026-06-15T16:30:00+00:00,7579.33,7580.81,7572.07,7573.56,3129
2026-06-15T16:45:00+00:00,7573.56,7574.06,7569.56,7572.57,3745
2026-06-15T17:00:00+00:00,7572.57,7574.58,7566.56,7572.06,6223
2026-06-15T17:15:00+00:00,7572.06,7577.58,7571.31,7575.32,3557
2026-06-15T17:30:00+00:00,7575.32,7577.31,7571.31,7571.83,2805
2026-06-15T17:45:00+00:00,7571.83,7572.58,7564.81,7566.08,3371
2026-06-15T18:00:00+00:00,7566.08,7567.33,7560.81,7566.33,5912
2026-06-15T18:15:00+00:00,7566.33,7568.2,7560.81,7561.56,3985
2026-06-15T18:30:00+00:00,7561.56,7567.81,7558.44,7566.83,4750
2026-06-15T18:45:00+00:00,7566.83,7568.83,7563.07,7564.31,3288
2026-06-15T19:00:00+00:00,7564.31,7565.33,7561.32,7564.56,4519
2026-06-15T19:15:00+00:00,7564.56,7566.83,7557.81,7557.82,3950
2026-06-15T19:30:00+00:00,7557.82,7560.82,7555.57,7558.08,4965
2026-06-15T19:45:00+00:00,7558.08,7563.57,7548.81,7562.93,10760
2026-06-15T20:00:00+00:00,7562.93,7563.28,7558.27,7560.01,4544
2026-06-15T20:15:00+00:00,7560.01,7560.53,7556.52,7557.78,1014
2026-06-15T20:30:00+00:00,7557.78,7560.27,7557.78,7558.51,947
2026-06-15T20:45:00+00:00,7558.51,7561.03,7556.26,7556.48,823
2026-06-15T22:00:00+00:00,7556.48,7561.78,7551.5,7553.76,3164
2026-06-15T22:15:00+00:00,7553.76,7554.01,7545.62,7549.75,2604
2026-06-15T22:30:00+00:00,7549.75,7551.88,7548.24,7548.99,1311
2026-06-15T22:45:00+00:00,7548.99,7551.87,7547.99,7550,1291
2026-06-15T23:00:00+00:00,7550,7551.01,7547.86,7548.26,1077
2026-06-15T23:15:00+00:00,7548.26,7554.76,7547.38,7553.99,1289
2026-06-15T23:30:00+00:00,7553.99,7554.12,7549.74,7552,854
2026-06-15T23:45:00+00:00,7552,7554.88,7550.86,7553.51,1550
2026-06-16T00:00:00+00:00,7553.51,7555.38,7548.87,7553.63,3110
2026-06-16T00:15:00+00:00,7553.63,7556.12,7550.74,7555.01,2472
2026-06-16T00:30:00+00:00,7555.01,7558.25,7549.99,7550.75,3693
2026-06-16T00:45:00+00:00,7550.75,7552.75,7545.88,7548.49,3857
2026-06-16T01:00:00+00:00,7548.49,7552.13,7546.36,7548.25,4212
2026-06-16T01:15:00+00:00,7548.25,7551.5,7547.37,7549,2555
2026-06-16T01:30:00+00:00,7549,7550.49,7547.49,7548.49,2725
2026-06-16T01:45:00+00:00,7548.49,7551.38,7546.87,7548.86,2040
2026-06-16T02:00:00+00:00,7548.86,7550.88,7546.86,7548.12,2151
2026-06-16T02:15:00+00:00,7548.12,7551.37,7548.01,7549.36,1398
2026-06-16T02:30:00+00:00,7549.36,7553.61,7549,7552.26,1230
2026-06-16T02:45:00+00:00,7552.26,7553,7548.49,7550.01,1205
2026-06-16T03:00:00+00:00,7550.01,7553.01,7549.26,7550.01,1019
2026-06-16T03:15:00+00:00,7550.01,7556,7549.99,7553.99,1866
2026-06-16T03:30:00+00:00,7553.99,7560.13,7553.38,7559.26,2304
2026-06-16T03:45:00+00:00,7559.26,7559.37,7553.75,7555.74,1648
2026-06-16T04:00:00+00:00,7555.74,7556.26,7553.26,7554.5,1415
2026-06-16T04:15:00+00:00,7554.5,7555.26,7551.99,7553.24,1099
2026-06-16T04:30:00+00:00,7553.24,7554.87,7551.99,7552.36,1022
2026-06-16T04:45:00+00:00,7552.36,7552.76,7547.99,7551.25,1472
2026-06-16T05:00:00+00:00,7551.25,7557.63,7551.25,7556.01,1493
2026-06-16T05:15:00+00:00,7556.01,7558.26,7554.26,7554.51,1187
2026-06-16T05:30:00+00:00,7554.51,7555.37,7548.99,7550.75,2216
2026-06-16T05:45:00+00:00,7550.75,7553.49,7550.11,7550.75,1884
2026-06-16T06:00:00+00:00,7550.75,7556.76,7549.49,7555.51,2327
2026-06-16T06:15:00+00:00,7555.51,7556.5,7552.62,7555.87,1768
2026-06-16T06:30:00+00:00,7555.87,7556.75,7553.51,7553.74,1877
2026-06-16T06:45:00+00:00,7553.74,7555.76,7552.36,7555.13,1413
2026-06-16T07:00:00+00:00,7555.13,7559.12,7554.61,7556.49,3076
2026-06-16T07:15:00+00:00,7556.49,7560.24,7556.24,7559,2348
2026-06-16T07:30:00+00:00,7559,7560.62,7554.74,7554.74,2308
2026-06-16T07:45:00+00:00,7554.74,7557.87,7552.86,7557.38,2531
2026-06-16T08:00:00+00:00,7557.38,7563.26,7555.49,7559.26,3179
2026-06-16T08:15:00+00:00,7559.26,7561,7556.63,7558.99,2817
2026-06-16T08:30:00+00:00,7558.99,7559.76,7553.11,7555.88,2747
2026-06-16T08:45:00+00:00,7555.88,7561.38,7553.49,7559,2659
2026-06-16T09:00:00+00:00,7559,7561.5,7557.62,7559.63,2071
2026-06-16T09:15:00+00:00,7559.63,7560.01,7554.5,7555.25,2110
2026-06-16T09:30:00+00:00,7555.25,7557.51,7552.74,7553.99,1896
2026-06-16T09:45:00+00:00,7553.99,7554.88,7551.24,7553,2036
2026-06-16T10:00:00+00:00,7553,7558.5,7553,7558.25,1731
2026-06-16T10:15:00+00:00,7558.25,7559.76,7555.25,7558.63,1264
2026-06-16T10:30:00+00:00,7558.63,7560.51,7557,7559.51,1559
2026-06-16T10:45:00+00:00,7559.51,7563.13,7558.74,7562.87,1657
2026-06-16T11:00:00+00:00,7562.87,7564.37,7560.24,7562.99,2668
2026-06-16T11:15:00+00:00,7562.99,7566.26,7561.24,7564.26,2069
2026-06-16T11:30:00+00:00,7564.26,7565.75,7561.24,7565.5,1946
2026-06-16T11:45:00+00:00,7565.5,7566.76,7562.99,7563.99,1552
2026-06-16T12:00:00+00:00,7563.99,7567.26,7562.99,7564.01,2047
2026-06-16T12:15:00+00:00,7564.01,7564.13,7554.25,7557.77,5503
2026-06-16T12:30:00+00:00,7557.77,7559.26,7554.99,7556,5333
2026-06-16T12:45:00+00:00,7556,7561.01,7554.49,7557.01,4078
2026-06-16T13:00:00+00:00,7557.01,7559.26,7552.74,7556.24,4072
2026-06-16T13:15:00+00:00,7556.24,7562.01,7553.99,7559.51,3405
2026-06-16T13:30:00+00:00,7559.51,7568.29,7556.04,7562.18,26523
2026-06-16T13:45:00+00:00,7562.18,7568.31,7553.79,7554.8,15415
2026-06-16T14:00:00+00:00,7554.8,7565.56,7554.54,7561.92,20321
2026-06-16T14:15:00+00:00,7561.92,7564.18,7544.04,7544.04,29241
2026-06-16T14:30:00+00:00,7544.04,7552.81,7536.04,7545.8,31604
2026-06-16T14:45:00+00:00,7545.8,7550.18,7537.91,7542.41,26701
2026-06-16T15:00:00+00:00,7542.41,7550.56,7541.29,7547.29,22420
2026-06-16T15:15:00+00:00,7547.29,7549.81,7536.3,7540.05,19825
2026-06-16T15:30:00+00:00,7540.05,7547.92,7537.3,7538.43,20957
2026-06-16T15:45:00+00:00,7538.43,7547.93,7530.54,7541.06,23463
2026-06-16T16:00:00+00:00,7541.06,7553.79,7540.8,7550.3,16040
2026-06-16T16:15:00+00:00,7550.3,7552.93,7545.54,7547.29,13161
2026-06-16T16:30:00+00:00,7547.29,7548.3,7537.79,7544.04,17316
2026-06-16T16:45:00+00:00,7544.04,7545.81,7536.54,7540.56,13654
2026-06-16T17:00:00+00:00,7540.56,7541.67,7535.54,7539.41,11452
2026-06-16T17:15:00+00:00,7539.41,7540.8,7532.31,7535.3,10864
2026-06-16T17:30:00+00:00,7535.3,7536.06,7527.92,7532.42,12415
2026-06-16T17:45:00+00:00,7532.42,7540.56,7530.04,7534.8,8838
2026-06-16T18:00:00+00:00,7534.8,7536.81,7532.79,7534.04,7877
2026-06-16T18:15:00+00:00,7534.04,7537.06,7530.79,7534.81,8025
2026-06-16T18:30:00+00:00,7534.81,7536.06,7530.81,7534.55,8502
2026-06-16T18:45:00+00:00,7534.55,7535.81,7529.27,7531.04,7082
2026-06-16T19:00:00+00:00,7531.04,7531.56,7521.54,7522.93,11447
2026-06-16T19:15:00+00:00,7522.93,7528.91,7514.05,7525.05,16091
2026-06-16T19:30:00+00:00,7525.05,7526.3,7516.52,7522.92,16028
2026-06-16T19:45:00+00:00,7522.92,7526.05,7511.81,7517.05,19833
2026-06-16T20:00:00+00:00,7517.05,7517.75,7510.49,7511.51,7049
2026-06-16T20:15:00+00:00,7511.51,7514.26,7507.49,7512.49,2690
2026-06-16T20:30:00+00:00,7512.49,7515,7511.49,7514.25,1151
2026-06-16T20:45:00+00:00,7514.25,7515.01,7510.74,7512.85,1130
2026-06-16T22:00:00+00:00,7512.85,7522.55,7511.18,7521.28,1294
2026-06-16T22:15:00+00:00,7521.28,7525.41,7519.91,7523.42,993
2026-06-16T22:30:00+00:00,7523.42,7526.68,7520.68,7523.67,871
2026-06-16T22:45:00+00:00,7523.67,7527.43,7522.67,7526.55,700
2026-06-16T23:00:00+00:00,7526.55,7526.91,7520.7,7523.79,1150
2026-06-16T23:15:00+00:00,7523.79,7524.18,7521.16,7522.16,917
2026-06-16T23:30:00+00:00,7522.16,7524.79,7520.43,7522.18,1351
2026-06-16T23:45:00+00:00,7522.18,7524.67,7519.16,7522.28,2138
2026-06-17T00:00:00+00:00,7522.28,7529.18,7522.28,7525.05,5231
2026-06-17T00:15:00+00:00,7525.05,7529.42,7524.16,7527.55,2978
2026-06-17T00:30:00+00:00,7527.55,7530.43,7526.3,7528.28,1997
2026-06-17T00:45:00+00:00,7528.28,7529.04,7525.53,7527.18,2008
2026-06-17T01:00:00+00:00,7527.18,7532.93,7525.66,7531.41,2658
2026-06-17T01:15:00+00:00,7531.41,7534.43,7530.04,7533.42,1603
2026-06-17T01:30:00+00:00,7533.42,7535.43,7532.41,7532.8,1390
2026-06-17T01:45:00+00:00,7532.8,7535.68,7532.68,7535.54,1078
2026-06-17T02:00:00+00:00,7535.54,7535.68,7533.28,7535.04,1095
2026-06-17T02:15:00+00:00,7535.04,7535.55,7533.66,7533.91,939
2026-06-17T02:30:00+00:00,7533.91,7534.17,7531.66,7533.54,868
2026-06-17T02:45:00+00:00,7533.54,7533.68,7531.41,7532.92,851
2026-06-17T03:00:00+00:00,7532.92,7535.3,7530.94,7531.53,921
2026-06-17T03:15:00+00:00,7531.53,7532.05,7529.16,7531.16,1226
2026-06-17T03:30:00+00:00,7531.16,7535.8,7530.43,7534.8,1467
2026-06-17T03:45:00+00:00,7534.8,7536.18,7534.42,7535.92,1101
2026-06-17T04:00:00+00:00,7535.92,7536.91,7534.54,7534.92,1142
2026-06-17T04:15:00+00:00,7534.92,7536.68,7534.66,7535.42,980
2026-06-17T04:30:00+00:00,7535.42,7536.17,7531.05,7531.8,1222
2026-06-17T04:45:00+00:00,7531.8,7536.43,7531.54,7536.28,1087
2026-06-17T05:00:00+00:00,7536.28,7537.68,7535.54,7535.93,1259
2026-06-17T05:15:00+00:00,7535.93,7537.43,7534.41,7534.66,1049
2026-06-17T05:30:00+00:00,7534.66,7538.18,7533.93,7536.04,1146
2026-06-17T05:45:00+00:00,7536.04,7537.93,7533.41,7534.42,1139
2026-06-17T06:00:00+00:00,7534.42,7537.92,7533.41,7536.05,1718
2026-06-17T06:15:00+00:00,7536.05,7536.68,7532.54,7533.3,1442
2026-06-17T06:30:00+00:00,7533.3,7538.43,7531.91,7538.29,1793
2026-06-17T06:45:00+00:00,7538.29,7539.68,7537.04,7539.17,1083
2026-06-17T07:00:00+00:00,7539.17,7542.43,7538.66,7541.78,2262
2026-06-17T07:15:00+00:00,7541.78,7542.93,7533.67,7535.3,1918
2026-06-17T07:30:00+00:00,7535.3,7538.68,7533.41,7536.43,2051
2026-06-17T07:45:00+00:00,7536.43,7537.43,7534.41,7536.05,1831
2026-06-17T08:00:00+00:00,7536.05,7538.55,7528.04,7528.92,3583
2026-06-17T08:15:00+00:00,7528.92,7532.43,7527.93,7529.67,3098
2026-06-17T08:30:00+00:00,7529.67,7530.68,7523.54,7524.05,3622
2026-06-17T08:45:00+00:00,7524.05,7529.93,7521.41,7529.79,2263
2026-06-17T09:00:00+00:00,7529.79,7531.18,7525.78,7527.92,1977
2026-06-17T09:15:00+00:00,7527.92,7530.93,7526.66,7530.29,2153
2026-06-17T09:30:00+00:00,7530.29,7531.67,7525.03,7526.43,2128
2026-06-17T09:45:00+00:00,7526.43,7527.42,7519.16,7521.18,2806
2026-06-17T10:00:00+00:00,7521.18,7521.67,7514.66,7518.41,3231
2026-06-17T10:15:00+00:00,7518.41,7523.55,7515.93,7521.03,2391
2026-06-17T10:30:00+00:00,7521.03,7525.42,7519.91,7525.42,2048
2026-06-17T10:45:00+00:00,7525.42,7528.04,7519.67,7520.68,2786
2026-06-17T11:00:00+00:00,7520.68,7525.93,7519.16,7525.29,2897
2026-06-17T11:15:00+00:00,7525.29,7527.43,7523.03,7524.18,2182
2026-06-17T11:30:00+00:00,7524.18,7524.42,7518.66,7519.16,2490
2026-06-17T11:45:00+00:00,7519.16,7520.93,7513.16,7516.91,3951
2026-06-17T12:00:00+00:00,7516.91,7523.43,7516.16,7522.68,3411
2026-06-17T12:15:00+00:00,7522.68,7523.18,7519.43,7519.69,2947
2026-06-17T12:30:00+00:00,7519.69,7526.3,7519.68,7524.41,5059
2026-06-17T12:45:00+00:00,7524.41,7526.16,7522.93,7525.17,3819
2026-06-17T13:00:00+00:00,7525.17,7525.93,7520.92,7524.17,4283
2026-06-17T13:15:00+00:00,7524.17,7528.43,7521.16,7525.3,5259
2026-06-17T13:30:00+00:00,7525.3,7527.98,7513.59,7527.72,33259
2026-06-17T13:45:00+00:00,7527.72,7530.23,7510.83,7510.97,25660
2026-06-17T14:00:00+00:00,7510.97,7524.97,7508.46,7524.6,33077
2026-06-17T14:15:00+00:00,7524.6,7533.73,7522.96,7528.85,22013
2026-06-17T14:30:00+00:00,7528.85,7529.73,7504.23,7513.98,30807
2026-06-17T14:45:00+00:00,7513.98,7518.73,7490.71,7502.48,41874
2026-06-17T15:00:00+00:00,7502.48,7509.85,7497.96,7508.46,23511
2026-06-17T15:15:00+00:00,7508.46,7514.73,7505.58,7511.85,20673
2026-06-17T15:30:00+00:00,7511.85,7520.1,7509.6,7515.85,15254
2026-06-17T15:45:00+00:00,7515.85,7520.73,7514.94,7518.09,11496
2026-06-17T16:00:00+00:00,7518.09,7521.23,7514.72,7517.96,7842
2026-06-17T16:15:00+00:00,7517.96,7522.48,7516.23,7519.46,6729
2026-06-17T16:30:00+00:00,7519.46,7520.48,7511.71,7514.33,8468
2026-06-17T16:45:00+00:00,7514.33,7515.09,7511.1,7511.98,8125
2026-06-17T17:00:00+00:00,7511.98,7512.23,7498.33,7504.98,11214
2026-06-17T17:15:00+00:00,7504.98,7509.98,7501.85,7508.48,8353
2026-06-17T17:30:00+00:00,7508.48,7509.98,7502.83,7505.21,7570
2026-06-17T17:45:00+00:00,7505.21,7520.09,7504.21,7518.69,6543
2026-06-17T18:00:00+00:00,7518.69,7518.69,7446.35,7477.6,61948
2026-06-17T18:15:00+00:00,7477.6,7491.48,7465.08,7473.96,44332
2026-06-17T18:30:00+00:00,7473.96,7515.33,7467.22,7510.85,68528
2026-06-17T18:45:00+00:00,7510.85,7511.35,7462.73,7471.72,46187
2026-06-17T19:00:00+00:00,7471.72,7483.22,7455.21,7477.46,54735
2026-06-17T19:15:00+00:00,7477.46,7478.98,7428.18,7431.48,45274
2026-06-17T19:30:00+00:00,7431.48,7434.73,7403.33,7411.23,46473
2026-06-17T19:45:00+00:00,7411.23,7428.83,7406.2,7421.97,43237
2026-06-17T20:00:00+00:00,7421.97,7434.67,7419.67,7421.42,13917
2026-06-17T20:15:00+00:00,7421.42,7439.43,7419.05,7438.18,7286
2026-06-17T20:30:00+00:00,7438.18,7444.67,7435.79,7441.3,3093
2026-06-17T20:45:00+00:00,7441.3,7443.68,7437.18,7440.88,1400
2026-06-17T22:00:00+00:00,7440.88,7452.48,7434.97,7450.35,4357
2026-06-17T22:15:00+00:00,7450.35,7457.48,7448.97,7453.99,2069
2026-06-17T22:30:00+00:00,7453.99,7457.73,7452.97,7454.74,1036
2026-06-17T22:45:00+00:00,7454.74,7458.48,7454.61,7456.22,854
2026-06-17T23:00:00+00:00,7456.22,7462.47,7454.85,7462.22,977
2026-06-17T23:15:00+00:00,7462.22,7469.73,7461.72,7468.47,763
2026-06-17T23:30:00+00:00,7468.47,7469.99,7464.72,7466.1,1063
2026-06-17T23:45:00+00:00,7466.1,7471.97,7464.97,7471.97,1454
2026-06-18T00:00:00+00:00,7471.97,7489.99,7470.49,7489.34,6393
2026-06-18T00:15:00+00:00,7489.34,7490.99,7479.34,7483.22,5085
2026-06-18T00:30:00+00:00,7483.22,7488.99,7483.22,7486.73,3969
2026-06-18T00:45:00+00:00,7486.73,7487.73,7478.74,7481.22,4694
2026-06-18T01:00:00+00:00,7481.22,7491.23,7480.59,7489.98,5226
2026-06-18T01:15:00+00:00,7489.98,7491.99,7485.34,7487.73,3404
2026-06-18T01:30:00+00:00,7487.73,7489.74,7484.49,7485.22,2891
2026-06-18T01:45:00+00:00,7485.22,7486.99,7480.72,7483.49,3285
2026-06-18T02:00:00+00:00,7483.49,7490.24,7482.72,7488.11,2564
2026-06-18T02:15:00+00:00,7488.11,7488.73,7484.98,7485.99,2248
2026-06-18T02:30:00+00:00,7485.99,7488.11,7483.72,7487.49,2094
2026-06-18T02:45:00+00:00,7487.49,7489.24,7485.72,7487.22,1597
2026-06-18T03:00:00+00:00,7487.22,7488.98,7483.22,7483.59,1632
2026-06-18T03:15:00+00:00,7483.59,7488.24,7482.74,7487.22,1766
2026-06-18T03:30:00+00:00,7487.22,7489.49,7480.97,7481.97,2737
2026-06-18T03:45:00+00:00,7481.97,7487.24,7481.72,7486.23,1601
2026-06-18T04:00:00+00:00,7486.23,7487.24,7479.72,7480.22,2263
2026-06-18T04:15:00+00:00,7480.22,7481.99,7475.47,7477.34,2927
2026-06-18T04:30:00+00:00,7477.34,7477.34,7470.98,7471.47,2934
2026-06-18T04:45:00+00:00,7471.47,7476.74,7469.97,7475.59,2779
2026-06-18T05:00:00+00:00,7475.59,7478.49,7473.47,7475.24,2371
2026-06-18T05:15:00+00:00,7475.24,7479.99,7474.47,7478.86,2259
2026-06-18T05:30:00+00:00,7478.86,7481.24,7476.97,7478.24,2488
2026-06-18T05:45:00+00:00,7478.24,7478.74,7474.72,7476.98,2269
2026-06-18T06:00:00+00:00,7476.98,7479.24,7471.74,7475.11,4213
2026-06-18T06:15:00+00:00,7475.11,7481.24,7471.47,7480.98,3278
2026-06-18T06:30:00+00:00,7480.98,7480.98,7474.35,7477.22,2850
2026-06-18T06:45:00+00:00,7477.22,7487.74,7476.98,7487.35,2418
2026-06-18T07:00:00+00:00,7487.35,7489.47,7480.97,7481.97,3781
2026-06-18T07:15:00+00:00,7481.97,7489.98,7481.22,7489.22,2776
2026-06-18T07:30:00+00:00,7489.22,7489.22,7483.98,7487.49,2968
2026-06-18T07:45:00+00:00,7487.49,7489.99,7484.72,7489.97,2323
2026-06-18T08:00:00+00:00,7489.97,7498.73,7489.97,7495.74,4191
2026-06-18T08:15:00+00:00,7495.74,7496.73,7486.22,7487.23,2860
2026-06-18T08:30:00+00:00,7487.23,7490.74,7485.47,7487.99,3506
2026-06-18T08:45:00+00:00,7487.99,7489.1,7477.47,7478.49,3188
2026-06-18T09:00:00+00:00,7478.49,7484.24,7476.48,7483.72,3485
2026-06-18T09:15:00+00:00,7483.72,7486.98,7482.47,7484.72,2486
2026-06-18T09:30:00+00:00,7484.72,7490.49,7482.97,7489.74,2198
2026-06-18T09:45:00+00:00,7489.74,7494.49,7489.72,7493.74,2044
2026-06-18T10:00:00+00:00,7493.74,7494.23,7489.48,7493.73,2088
2026-06-18T10:15:00+00:00,7493.73,7495.24,7490.47,7491.22,2067
2026-06-18T10:30:00+00:00,7491.22,7493.72,7482.72,7482.84,3070
2026-06-18T10:45:00+00:00,7482.84,7485.99,7481.99,7483.97,2133
2026-06-18T11:00:00+00:00,7483.97,7485.48,7470.72,7474.98,5112
2026-06-18T11:15:00+00:00,7474.98,7475.49,7465.97,7471.99,5224
2026-06-18T11:30:00+00:00,7471.99,7474.48,7461.49,7468.47,4818
2026-06-18T11:45:00+00:00,7468.47,7474.35,7467.97,7473.73,3627
2026-06-18T12:00:00+00:00,7473.73,7478.74,7471.22,7477.24,4400
2026-06-18T12:15:00+00:00,7477.24,7485.99,7474.73,7485.36,4384
2026-06-18T12:30:00+00:00,7485.36,7490.22,7483.26,7485.97,3969
2026-06-18T12:45:00+00:00,7485.97,7495.49,7485.49,7490.99,3541
2026-06-18T13:00:00+00:00,7490.99,7493.24,7480.98,7492.24,5415
2026-06-18T13:15:00+00:00,7492.24,7510.24,7491.47,7507.72,7086
2026-06-18T13:30:00+00:00,7507.72,7512.28,7467.77,7469.16,33711
2026-06-18T13:45:00+00:00,7469.16,7485.29,7466.27,7474.78,27465
2026-06-18T14:00:00+00:00,7474.78,7489.04,7471.52,7475.78,26628
2026-06-18T14:15:00+00:00,7475.78,7496.79,7469.77,7481.28,21966
2026-06-18T14:30:00+00:00,7481.28,7495.04,7472.02,7489.29,22745
2026-06-18T14:45:00+00:00,7489.29,7501.29,7489.02,7497.04,13388
2026-06-18T15:00:00+00:00,7497.04,7499.29,7487.77,7489.78,15502
2026-06-18T15:15:00+00:00,7489.78,7492.28,7480.01,7482.29,14885
2026-06-18T15:30:00+00:00,7482.29,7486.79,7471.77,7476.4,16362
2026-06-18T15:45:00+00:00,7476.4,7493.79,7471.77,7491.03,11513
2026-06-18T16:00:00+00:00,7491.03,7494.29,7485.77,7490.4,8977
2026-06-18T16:15:00+00:00,7490.4,7497.52,7487.53,7494.78,7224
2026-06-18T16:30:00+00:00,7494.78,7501.04,7491.27,7498.27,6136
2026-06-18T16:45:00+00:00,7498.27,7499.29,7490.02,7494.79,5564
2026-06-18T17:00:00+00:00,7494.79,7506.04,7492.27,7504.03,5353
2026-06-18T17:15:00+00:00,7504.03,7509.54,7501.77,7503.53,4239
2026-06-18T17:30:00+00:00,7503.53,7507.54,7500.02,7501.03,3738
2026-06-18T17:45:00+00:00,7501.03,7503.29,7497.27,7497.78,3108
2026-06-18T18:00:00+00:00,7497.78,7498.54,7492.77,7494.29,4441
2026-06-18T18:15:00+00:00,7494.29,7497.29,7491.52,7493.27,4284
2026-06-18T18:30:00+00:00,7493.27,7494.04,7490.02,7493.29,4395
2026-06-18T18:45:00+00:00,7493.29,7497.79,7491.02,7492.02,4397
2026-06-18T19:00:00+00:00,7492.02,7493.02,7479.78,7482.77,6999
2026-06-18T19:15:00+00:00,7482.77,7490.54,7480.27,7488.52,5001
2026-06-18T19:30:00+00:00,7488.52,7502.29,7484.27,7501.78,6318
2026-06-18T19:45:00+00:00,7501.78,7511.29,7495.02,7495.29,15391
2026-06-18T20:00:00+00:00,7495.29,7507.99,7492.72,7507.23,4505
2026-06-18T20:15:00+00:00,7507.23,7513.49,7505.47,7508.24,1204
2026-06-18T20:30:00+00:00,7508.24,7509.99,7502.98,7503.48,661
2026-06-18T20:45:00+00:00,7503.48,7505.84,7501.24,7505.57,831
2026-06-18T22:00:00+00:00,7505.57,7511.61,7503.72,7504.86,1812
2026-06-18T22:15:00+00:00,7504.86,7504.86,7496.48,7497.84,1254
2026-06-18T22:30:00+00:00,7497.84,7497.99,7491.97,7493.23,889
2026-06-18T22:45:00+00:00,7493.23,7495.49,7491.23,7492.74,783
2026-06-18T23:00:00+00:00,7492.74,7495.74,7491.97,7493.1,821
2026-06-18T23:15:00+00:00,7493.1,7497.49,7492.84,7495.97,745
2026-06-18T23:30:00+00:00,7495.97,7498.74,7494.48,7497.24,709
2026-06-18T23:45:00+00:00,7497.24,7499.74,7496.22,7497.23,1244
2026-06-19T00:00:00+00:00,7497.23,7497.49,7487.72,7488.99,3991
2026-06-19T00:15:00+00:00,7488.99,7493.49,7488.22,7491.24,2949
2026-06-19T00:30:00+00:00,7491.24,7492.99,7488.24,7490.74,1849
2026-06-19T00:45:00+00:00,7490.74,7491.99,7488.73,7489.73,1324
2026-06-19T01:00:00+00:00,7489.73,7492.24,7482.72,7483.97,2060
2026-06-19T01:15:00+00:00,7483.97,7487.48,7483.97,7486.49,1371
2026-06-19T01:30:00+00:00,7486.49,7486.49,7481.72,7482.97,2152
2026-06-19T01:45:00+00:00,7482.97,7484.47,7478.97,7479.24,1618
2026-06-19T02:00:00+00:00,7479.24,7479.99,7475.47,7476.22,1741
2026-06-19T02:15:00+00:00,7476.22,7478.24,7473.47,7477.48,1863
2026-06-19T02:30:00+00:00,7477.48,7480.74,7477.22,7480.22,1162
2026-06-19T02:45:00+00:00,7480.22,7480.22,7475.97,7477.99,1328
2026-06-19T03:00:00+00:00,7477.99,7479.99,7475.73,7475.84,1078
2026-06-19T03:15:00+00:00,7475.84,7476.24,7469.24,7470.23,2487
2026-06-19T03:30:00+00:00,7470.23,7472.74,7467.72,7470.49,3495
2026-06-19T03:45:00+00:00,7470.49,7471.49,7467.97,7470.23,1935
2026-06-19T04:00:00+00:00,7470.23,7471.24,7463.74,7469.97,3023
2026-06-19T04:15:00+00:00,7469.97,7469.98,7465.72,7467.72,2648
2026-06-19T04:30:00+00:00,7467.72,7467.99,7460.97,7462.74,2972
2026-06-19T04:45:00+00:00,7462.74,7462.98,7452.98,7456.99,3334
2026-06-19T05:00:00+00:00,7456.99,7458.49,7453.74,7457.72,2337
2026-06-19T05:15:00+00:00,7457.72,7459.23,7452.23,7456.84,2080
2026-06-19T05:30:00+00:00,7456.84,7459.98,7452.22,7453.98,2125
2026-06-19T05:45:00+00:00,7453.98,7463.24,7453.98,7462.99,1843
2026-06-19T06:00:00+00:00,7462.99,7466.99,7462.47,7464.48,2297
2026-06-19T06:15:00+00:00,7464.48,7469.36,7461.72,7467.97,1961
2026-06-19T06:30:00+00:00,7467.97,7469.48,7465.48,7467.72,1668
2026-06-19T06:45:00+00:00,7467.72,7474.47,7465.97,7472.99,1224
2026-06-19T07:00:00+00:00,7472.99,7478.24,7472.72,7478.22,1554
2026-06-19T07:15:00+00:00,7478.22,7481.24,7476.72,7480.99,1396
2026-06-19T07:30:00+00:00,7480.99,7486.61,7479.98,7482.34,2117
2026-06-19T07:45:00+00:00,7482.34,7485.84,7479.99,7485.74,1614
2026-06-19T08:00:00+00:00,7485.74,7487.99,7482.22,7486.24,1772
2026-06-19T08:15:00+00:00,7486.24,7489.97,7485.73,7488.59,1487
2026-06-19T08:30:00+00:00,7488.59,7490.24,7484.72,7488.98,1573
2026-06-19T08:45:00+00:00,7488.98,7492.23,7487.22,7490.47,1146
2026-06-19T09:00:00+00:00,7490.47,7493.85,7486.47,7487.98,1875
2026-06-19T09:15:00+00:00,7487.98,7489.73,7484.99,7485.73,1404
2026-06-19T09:30:00+00:00,7485.73,7491.99,7485.48,7489.48,1374
2026-06-19T09:45:00+00:00,7489.48,7491.34,7486.22,7486.85,2198
2026-06-19T10:00:00+00:00,7486.85,7487.47,7482.97,7483.85,1563
2026-06-19T10:15:00+00:00,7483.85,7484.99,7476.47,7476.86,1514
2026-06-19T10:30:00+00:00,7476.86,7477.24,7469.23,7474.09,2675
2026-06-19T10:45:00+00:00,7474.09,7478.98,7471.59,7475.35,2084
2026-06-19T11:00:00+00:00,7475.35,7475.35,7469.21,7472.61,2753.904985603879
2026-06-19T11:15:00+00:00,7472.61,7475.599999999999,7468.84,7470.349999999999,1589
2026-06-19T11:30:00+00:00,7470.349999999999,7477.86,7470.099999999999,7476.11,1449
2026-06-19T11:45:00+00:00,7476.11,7477.599999999999,7471.97,7475.86,1323
2026-06-19T12:00:00+00:00,7475.86,7476.36,7473.23,7473.98,1198
2026-06-19T12:15:00+00:00,7473.98,7475.099999999999,7471.84,7472.22,1104
2026-06-19T12:30:00+00:00,7472.22,7472.86,7464.84,7472.22,2364
2026-06-19T12:45:00+00:00,7472.22,7493.86,7469.87,7490.46,6946
2026-06-19T13:00:00+00:00,7490.46,7493.72,7486.34,7490.11,3324
2026-06-19T13:15:00+00:00,7490.11,7492.36,7487.099999999999,7490.59,1818
2026-06-19T13:30:00+00:00,7490.59,7494.91,7487.89,7489.4,3112
2026-06-19T13:45:00+00:00,7489.4,7494.66,7488.65,7491.15,2522
2026-06-19T14:00:00+00:00,7491.15,7491.66,7485.5199999999995,7490.89,2349
2026-06-19T14:15:00+00:00,7490.89,7492.91,7487.89,7491.66,1209
2026-06-19T14:30:00+00:00,7491.66,7495.64,7489.15,7495.14,1016
2026-06-19T14:45:00+00:00,7495.14,7497.9,7494.41,7496.91,732
2026-06-19T15:00:00+00:00,7496.91,7500.16,7496.14,7497.16,869
2026-06-19T15:15:00+00:00,7497.16,7497.91,7495.15,7497.66,706
2026-06-19T15:30:00+00:00,7497.66,7498.41,7490.14,7490.4,1521
2026-06-19T15:45:00+00:00,7490.4,7497.66,7490.4,7495.66,568
2026-06-19T16:00:00+00:00,7495.66,7495.66,7491.39,7491.91,512
2026-06-19T16:15:00+00:00,7491.91,7496.66,7491.91,7496.66,409
2026-06-19T16:30:00+00:00,7496.66,7498.89,7495.64,7496.9,462
2026-06-19T16:45:00+00:00,7496.9,7497.66,7486.13,7488.13,1060
2026-06-19T17:00:00+00:00,7483.9800000000005,7485.08,7481.880000000001,7485.08,42.59945441012856
2026-06-19T17:15:00+00:00,7485.08,7485.08,7480.879999999999,7482.9800000000005,88.67564113523551
2026-06-19T17:30:00+00:00,7483.4800000000005,7483.9800000000005,7483.4800000000005,7483.9800000000005,9.72094487904365
2026-06-19T17:45:00+00:00,7483.9800000000005,7483.9800000000005,7483.9800000000005,7483.9800000000005,3.2813620071684584
2026-06-19T18:00:00+00:00,7485.08,7485.08,7485.08,7485.08,3.296129612961296
2026-06-19T18:15:00+00:00,7483.9800000000005,7483.9800000000005,7482.9800000000005,7483.9800000000005,10.062202997761705
2026-06-19T18:30:00+00:00,7484.58,7485.08,7483.9800000000005,7485.08,17.443268952808427
2026-06-19T18:45:00+00:00,7485.08,7485.08,7482.9800000000005,7483.9800000000005,18.324075342470934
2026-06-19T19:00:00+00:00,7485.08,7485.08,7485.08,7485.08,3.7453336742521093
2026-06-19T19:15:00+00:00,7485.68,7486.18,7485.68,7486.18,7.562209602478058
2026-06-19T19:30:00+00:00,7487.28,7487.28,7482.9800000000005,7482.9800000000005,82.15172648160383
2026-06-19T19:45:00+00:00,7482.9800000000005,7483.88,7475.48,7479.779999999999,224.48127549645352
2026-06-21T22:00:00+00:00,7488.01,7488.01,7461.31,7465.41,6397
2026-06-21T22:15:00+00:00,7465.41,7476.55,7459.29,7474.31,2700
2026-06-21T22:30:00+00:00,7474.31,7475.31,7469.54,7474.68,1826
2026-06-21T22:45:00+00:00,7474.68,7476.81,7469.91,7471.16,1242
2026-06-21T23:00:00+00:00,7471.16,7471.42,7458.29,7459.8,4155
2026-06-21T23:15:00+00:00,7459.8,7462.29,7456.79,7459.3,2304
2026-06-21T23:30:00+00:00,7459.3,7460.31,7448.79,7452.79,3222
2026-06-21T23:45:00+00:00,7452.79,7454.31,7446.16,7449.05,3058
2026-06-22T00:00:00+00:00,7449.05,7470.31,7447.54,7466.17,10979
2026-06-22T00:15:00+00:00,7466.17,7477.06,7464.43,7476.81,5875
2026-06-22T00:30:00+00:00,7476.81,7478.54,7473.54,7476.06,3520
2026-06-22T00:45:00+00:00,7476.06,7483.06,7476.04,7482.06,2998
2026-06-22T01:00:00+00:00,7482.06,7490.42,7482.06,7486.8,4258
2026-06-22T01:15:00+00:00,7486.8,7489.18,7484.06,7487.81,2683
2026-06-22T01:30:00+00:00,7487.81,7488.81,7485.04,7487.29,2495
2026-06-22T01:45:00+00:00,7487.29,7488.06,7482.05,7482.79,2998
2026-06-22T02:00:00+00:00,7482.79,7484.04,7477.29,7477.43,2486
2026-06-22T02:15:00+00:00,7477.43,7480.05,7475.29,7475.56,1595
2026-06-22T02:30:00+00:00,7475.56,7476.31,7471.55,7473.29,1625
2026-06-22T02:45:00+00:00,7473.29,7473.54,7470.54,7471.8,1585
2026-06-22T03:00:00+00:00,7471.8,7472.05,7467.79,7469.31,2147
2026-06-22T03:15:00+00:00,7469.31,7474.31,7469.05,7473.3,1530
2026-06-22T03:30:00+00:00,7473.3,7475.56,7472.29,7473.3,1378
2026-06-22T03:45:00+00:00,7473.3,7474.81,7466.66,7467.81,1824
2026-06-22T04:00:00+00:00,7467.81,7469.8,7465.93,7466.31,1706
2026-06-22T04:15:00+00:00,7466.31,7467.31,7463.29,7464.06,1755
2026-06-22T04:30:00+00:00,7464.06,7465.81,7461.55,7462.79,2262
2026-06-22T04:45:00+00:00,7462.79,7468.56,7462.3,7467.92,2526
2026-06-22T05:00:00+00:00,7467.92,7479.56,7467.29,7478.3,2565
2026-06-22T05:15:00+00:00,7478.3,7480.3,7475.8,7478.66,1805
2026-06-22T05:30:00+00:00,7478.66,7479.8,7474.54,7478.05,2459
2026-06-22T05:45:00+00:00,7478.05,7480.81,7476.56,7479.56,1441
2026-06-22T06:00:00+00:00,7479.56,7486.55,7479.05,7486.05,1740
2026-06-22T06:15:00+00:00,7486.05,7493.56,7485.05,7491.8,1939
2026-06-22T06:30:00+00:00,7491.8,7495.04,7487.79,7493.81,1801
2026-06-22T06:45:00+00:00,7493.81,7496.04,7492.55,7494.8,1389
2026-06-22T07:00:00+00:00,7494.8,7499.41,7494.31,7497.29,3345
2026-06-22T07:15:00+00:00,7497.29,7500.56,7497.29,7499.67,1886
2026-06-22T07:30:00+00:00,7499.67,7500.56,7495.04,7495.56,1782
2026-06-22T07:45:00+00:00,7495.56,7498.06,7493.79,7495.79,1612
2026-06-22T08:00:00+00:00,7495.79,7496.91,7485.66,7489.54,3673
2026-06-22T08:15:00+00:00,7489.54,7490.81,7485.79,7487.92,3498
2026-06-22T08:30:00+00:00,7487.92,7493.18,7486.31,7493.06,2805
2026-06-22T08:45:00+00:00,7493.06,7493.43,7488.81,7492.54,2098
2026-06-22T09:00:00+00:00,7492.54,7497.81,7489.54,7496.05,3197
2026-06-22T09:15:00+00:00,7496.05,7496.29,7493.04,7493.56,1933
2026-06-22T09:30:00+00:00,7493.56,7495.06,7488.8,7489.55,2178
2026-06-22T09:45:00+00:00,7489.55,7491.3,7487.54,7488.04,2240
2026-06-22T10:00:00+00:00,7488.04,7498.04,7487.8,7496.16,2584
2026-06-22T10:15:00+00:00,7496.16,7497.81,7495.16,7496.04,1585
2026-06-22T10:30:00+00:00,7496.04,7496.06,7490.06,7492.42,2078
2026-06-22T10:45:00+00:00,7492.42,7495.81,7491.04,7491.79,1969
2026-06-22T11:00:00+00:00,7491.79,7510.92,7491.55,7495.81,7729
2026-06-22T11:15:00+00:00,7495.81,7497.31,7494.04,7494.81,2401
2026-06-22T11:30:00+00:00,7494.81,7499.05,7494.06,7496.54,2236
2026-06-22T11:45:00+00:00,7496.54,7498.3,7492.29,7496.79,2697
2026-06-22T12:00:00+00:00,7496.79,7503.31,7496.79,7502.79,2279
2026-06-22T12:15:00+00:00,7502.79,7507.81,7500.8,7507.29,2320
2026-06-22T12:30:00+00:00,7507.29,7509.56,7503.54,7504.06,2463
2026-06-22T12:45:00+00:00,7504.06,7504.81,7500.54,7501.05,1667
2026-06-22T13:00:00+00:00,7501.05,7511.3,7501.05,7509.8,5996
2026-06-22T13:15:00+00:00,7509.8,7512.06,7505.54,7506.29,3262
2026-06-22T13:30:00+00:00,7506.29,7529.86,7504.59,7511.85,23616
2026-06-22T13:45:00+00:00,7511.85,7529.6,7509.85,7529.47,18700
2026-06-22T14:00:00+00:00,7529.47,7532.36,7522.34,7523.09,12506
2026-06-22T14:15:00+00:00,7523.09,7524.11,7493.59,7494.59,18389
2026-06-22T14:30:00+00:00,7494.59,7495.61,7473.34,7474.34,29753
2026-06-22T14:45:00+00:00,7474.34,7482.46,7460.34,7476.1,25346
2026-06-22T15:00:00+00:00,7476.1,7482.81,7468.790000000001,7473.300000000001,16726.02154203235
2026-06-22T15:15:00+00:00,7473.300000000001,7479.56,7467.290000000001,7472.290000000001,19528
2026-06-22T15:30:00+00:00,7472.290000000001,7490.56,7470.290000000001,7487.56,13038
2026-06-22T15:45:00+00:00,7487.56,7491.81,7471.800000000001,7475.06,14279
2026-06-22T16:00:00+00:00,7475.06,7479.06,7464.790000000001,7478.81,12740
2026-06-22T16:15:00+00:00,7478.81,7483.06,7472.540000000001,7477.050000000001,8879
2026-06-22T16:30:00+00:00,7477.050000000001,7478.06,7469.540000000001,7472.540000000001,8035
2026-06-22T16:45:00+00:00,7472.540000000001,7482.56,7470.540000000001,7478.790000000001,7920
2026-06-22T17:00:00+00:00,7478.790000000001,7479.56,7468.300000000001,7474.790000000001,6315
2026-06-22T17:15:00+00:00,7474.790000000001,7481.56,7474.550000000001,7475.790000000001,4609
2026-06-22T17:30:00+00:00,7475.790000000001,7477.31,7468.290000000001,7472.040000000001,5308
2026-06-22T17:45:00+00:00,7472.040000000001,7482.06,7470.790000000001,7475.540000000001,4432
2026-06-22T18:00:00+00:00,7475.540000000001,7479.31,7471.290000000001,7478.300000000001,4435
2026-06-22T18:15:00+00:00,7478.300000000001,7486.31,7477.010000000001,7479.81,3926
2026-06-22T18:30:00+00:00,7479.81,7484.06,7473.290000000001,7473.540000000001,3825
2026-06-22T18:45:00+00:00,7473.540000000001,7477.31,7464.290000000001,7465.540000000001,5856
2026-06-22T19:00:00+00:00,7465.540000000001,7472.31,7461.290000000001,7468.050000000001,5849
2026-06-22T19:15:00+00:00,7468.050000000001,7470.81,7463.040000000001,7463.050000000001,5106
2026-06-22T19:30:00+00:00,7463.050000000001,7469.040000000001,7460.790000000001,7462.040000000001,5126
2026-06-22T19:45:00+00:00,7462.040000000001,7478.06,7461.540000000001,7472.81,11069
2026-06-22T20:00:00+00:00,7472.81,7479.510000000001,7471.500000000001,7477.990000000001,3587
2026-06-22T20:15:00+00:00,7477.990000000001,7479.760000000001,7473.740000000001,7474.250000000001,1086
2026-06-22T20:30:00+00:00,7474.250000000001,7475.260000000001,7473.010000000001,7475.000000000001,536
2026-06-22T20:45:00+00:00,7475.000000000001,7475.260000000001,7472.370000000001,7473.590000000001,595
2026-06-22T22:00:00+00:00,7473.590000000001,7482.050000000001,7471.9400000000005,7474.800000000001,2867
2026-06-22T22:15:00+00:00,7474.800000000001,7476.6900000000005,7472.670000000001,7473.56,1161
2026-06-22T22:30:00+00:00,7473.56,7473.6900000000005,7463.300000000001,7463.81,2522
2026-06-22T22:45:00+00:00,7463.81,7467.18,7462.9400000000005,7465.670000000001,1104
2026-06-22T23:00:00+00:00,7465.670000000001,7466.6900000000005,7461.670000000001,7462.040000000001,1145
2026-06-22T23:15:00+00:00,7462.040000000001,7464.93,7459.670000000001,7464.6900000000005,1330
2026-06-22T23:30:00+00:00,7464.6900000000005,7464.9400000000005,7461.920000000001,7464.4400000000005,882
2026-06-22T23:45:00+00:00,7464.4400000000005,7465.6900000000005,7460.170000000001,7465.43,2053
2026-06-23T00:00:00+00:00,7465.43,7468.4400000000005,7457.670000000001,7458.4400000000005,6041
2026-06-23T00:15:00+00:00,7458.4400000000005,7462.6900000000005,7455.670000000001,7458.93,4902
2026-06-23T00:30:00+00:00,7458.93,7474.6900000000005,7457.31,7474.420000000001,4857
2026-06-23T00:45:00+00:00,7474.420000000001,7478.9400000000005,7471.920000000001,7473.6900000000005,6144
2026-06-23T01:00:00+00:00,7473.6900000000005,7475.9400000000005,7469.920000000001,7470.06,5361
2026-06-23T01:15:00+00:00,7470.06,7471.43,7466.170000000001,7469.1900000000005,4922
2026-06-23T01:30:00+00:00,7469.1900000000005,7470.1900000000005,7454.68,7455.6900000000005,6400
2026-06-23T01:45:00+00:00,7455.6900000000005,7459.050000000001,7445.6900000000005,7455.9400000000005,7635
2026-06-23T02:00:00+00:00,7455.9400000000005,7458.4400000000005,7447.420000000001,7452.420000000001,6914
2026-06-23T02:15:00+00:00,7452.420000000001,7455.9400000000005,7450.920000000001,7453.420000000001,4477
2026-06-23T02:30:00+00:00,7453.420000000001,7453.920000000001,7449.170000000001,7451.050000000001,3257
2026-06-23T02:45:00+00:00,7451.050000000001,7451.6900000000005,7444.1900000000005,7446.170000000001,3703
2026-06-23T03:00:00+00:00,7446.170000000001,7447.18,7438.18,7439.920000000001,4363
2026-06-23T03:15:00+00:00,7439.920000000001,7442.420000000001,7438.420000000001,7441.170000000001,3664
2026-06-23T03:30:00+00:00,7441.170000000001,7441.1900000000005,7430.170000000001,7434.170000000001,5219
2026-06-23T03:45:00+00:00,7434.170000000001,7442.6900000000005,7430.420000000001,7442.420000000001,3913
2026-06-23T04:00:00+00:00,7442.420000000001,7445.6900000000005,7433.68,7435.43,4168
2026-06-23T04:15:00+00:00,7435.43,7435.43,7427.170000000001,7430.170000000001,4320
2026-06-23T04:30:00+00:00,7430.170000000001,7430.4400000000005,7424.170000000001,7425.420000000001,3957
2026-06-23T04:45:00+00:00,7425.420000000001,7426.6900000000005,7415.420000000001,7416.790000000001,4380
2026-06-23T05:00:00+00:00,7416.790000000001,7421.68,7416.420000000001,7416.790000000001,5848
2026-06-23T05:15:00+00:00,7416.790000000001,7418.300000000001,7407.93,7410.420000000001,3981
2026-06-23T05:30:00+00:00,7410.420000000001,7411.1900000000005,7400.670000000001,7406.93,6605
2026-06-23T05:45:00+00:00,7406.93,7409.670000000001,7400.43,7402.1900000000005,4612
2026-06-23T06:00:00+00:00,7402.1900000000005,7405.920000000001,7396.4400000000005,7399.18,6685
2026-06-23T06:15:00+00:00,7399.18,7401.9400000000005,7384.670000000001,7388.420000000001,7227
2026-06-23T06:30:00+00:00,7388.420000000001,7392.4400000000005,7381.460000000001,7384.170000000001,6802
2026-06-23T06:45:00+00:00,7384.170000000001,7388.9400000000005,7378.170000000001,7380.68,4949
2026-06-23T07:00:00+00:00,7380.68,7389.1900000000005,7375.68,7385.420000000001,8135
2026-06-23T07:15:00+00:00,7385.420000000001,7386.6900000000005,7374.170000000001,7380.170000000001,6080
2026-06-23T07:30:00+00:00,7380.170000000001,7380.93,7371.1900000000005,7373.18,7203
2026-06-23T07:45:00+00:00,7373.18,7374.93,7361.920000000001,7367.040000000001,6778
2026-06-23T08:00:00+00:00,7367.040000000001,7368.6900000000005,7355.950000000001,7363.040000000001,11902
2026-06-23T08:15:00+00:00,7363.040000000001,7364.4400000000005,7355.43,7358.040000000001,9584
2026-06-23T08:30:00+00:00,7358.040000000001,7372.1900000000005,7357.6900000000005,7367.93,8105
2026-06-23T08:45:00+00:00,7367.93,7368.170000000001,7357.18,7364.050000000001,7160
2026-06-23T09:00:00+00:00,7364.050000000001,7372.9400000000005,7362.920000000001,7371.670000000001,6348
2026-06-23T09:15:00+00:00,7371.670000000001,7379.6900000000005,7368.420000000001,7378.68,5955
2026-06-23T09:30:00+00:00,7378.68,7378.93,7371.920000000001,7373.540000000001,5004
2026-06-23T09:45:00+00:00,7373.540000000001,7379.4400000000005,7371.670000000001,7377.920000000001,4555
2026-06-23T10:00:00+00:00,7377.920000000001,7382.9400000000005,7374.420000000001,7376.06,4455
2026-06-23T10:15:00+00:00,7376.06,7383.1900000000005,7372.920000000001,7373.43,4647
2026-06-23T10:30:00+00:00,7373.43,7373.800000000001,7360.920000000001,7365.040000000001,5460
2026-06-23T10:45:00+00:00,7365.040000000001,7371.420000000001,7364.1900000000005,7370.170000000001,4634
2026-06-23T11:00:00+00:00,7370.170000000001,7376.4400000000005,7366.170000000001,7376.18,6528
2026-06-23T11:15:00+00:00,7376.18,7382.06,7369.420000000001,7373.68,7832
2026-06-23T11:30:00+00:00,7373.68,7383.1900000000005,7371.670000000001,7382.670000000001,5806
2026-06-23T11:45:00+00:00,7382.670000000001,7387.1900000000005,7379.670000000001,7384.43,4331
2026-06-23T12:00:00+00:00,7384.43,7388.050000000001,7377.920000000001,7380.170000000001,5541
2026-06-23T12:15:00+00:00,7380.170000000001,7380.9400000000005,7366.170000000001,7370.920000000001,5456
2026-06-23T12:30:00+00:00,7370.920000000001,7373.9400000000005,7361.170000000001,7366.68,6082
2026-06-23T12:45:00+00:00,7366.68,7368.9400000000005,7363.290000000001,7366.18,4969
2026-06-23T13:00:00+00:00,7366.18,7369.68,7362.93,7367.420000000001,6092
2026-06-23T13:15:00+00:00,7367.420000000001,7367.6900000000005,7357.170000000001,7363.1900000000005,6696
2026-06-23T13:30:00+00:00,7363.1900000000005,7380.490000000001,7348.720000000001,7375.710000000001,45069
2026-06-23T13:45:00+00:00,7375.710000000001,7399.990000000001,7372.1900000000005,7398.9800000000005,30429
2026-06-23T14:00:00+00:00,7398.9800000000005,7418.740000000001,7397.470000000001,7417.490000000001,23680
2026-06-23T14:15:00+00:00,7417.490000000001,7424.740000000001,7409.470000000001,7417.2300000000005,18944
2026-06-23T14:30:00+00:00,7417.2300000000005,7419.490000000001,7399.720000000001,7401.9800000000005,24233
2026-06-23T14:45:00+00:00,7401.9800000000005,7407.490000000001,7393.470000000001,7398.340000000001,23926
2026-06-23T15:00:00+00:00,7398.340000000001,7402.240000000001,7384.220000000001,7388.970000000001,19244
2026-06-23T15:15:00+00:00,7388.970000000001,7390.490000000001,7369.970000000001,7373.470000000001,12965
2026-06-23T15:30:00+00:00,7373.470000000001,7382.990000000001,7369.470000000001,7377.720000000001,16071
2026-06-23T15:45:00+00:00,7377.720000000001,7389.990000000001,7375.470000000001,7387.35,12873
2026-06-23T16:00:00+00:00,7387.35,7404.9800000000005,7386.220000000001,7402.970000000001,9614
2026-06-23T16:15:00+00:00,7402.970000000001,7404.490000000001,7394.220000000001,7402.4800000000005,8804
2026-06-23T16:30:00+00:00,7402.4800000000005,7408.740000000001,7398.220000000001,7407.740000000001,7120
2026-06-23T16:45:00+00:00,7407.740000000001,7408.490000000001,7397.970000000001,7403.220000000001,8177
2026-06-23T17:00:00+00:00,7403.220000000001,7406.720000000001,7393.970000000001,7402.6,8991
2026-06-23T17:15:00+00:00,7402.6,7409.990000000001,7398.200000000001,7404.470000000001,7466
2026-06-23T17:30:00+00:00,7404.470000000001,7409.490000000001,7399.6900000000005,7400.720000000001,7132
2026-06-23T17:45:00+00:00,7400.720000000001,7403.990000000001,7386.1900000000005,7386.720000000001,8359
2026-06-23T18:00:00+00:00,7386.720000000001,7394.990000000001,7382.450000000001,7387.2300000000005,8755
2026-06-23T18:15:00+00:00,7387.2300000000005,7389.240000000001,7381.470000000001,7383.240000000001,5497
2026-06-23T18:30:00+00:00,7383.240000000001,7384.490000000001,7366.720000000001,7367.2300000000005,5580
2026-06-23T18:45:00+00:00,7367.2300000000005,7374.740000000001,7362.470000000001,7369.740000000001,10769
2026-06-23T19:00:00+00:00,7369.740000000001,7385.990000000001,7367.240000000001,7374.740000000001,13837
2026-06-23T19:15:00+00:00,7374.740000000001,7383.240000000001,7366.990000000001,7380.4800000000005,13309
2026-06-23T19:30:00+00:00,7380.4800000000005,7382.740000000001,7371.7300000000005,7375.7300000000005,12922
2026-06-23T19:45:00+00:00,7375.7300000000005,7386.490000000001,7366.490000000001,7368.490000000001,18544
2026-06-23T20:00:00+00:00,7368.490000000001,7375.93,7365.210000000001,7372.170000000001,4908
2026-06-23T20:15:00+00:00,7372.170000000001,7375.4400000000005,7368.920000000001,7374.4400000000005,1275
2026-06-23T20:30:00+00:00,7374.4400000000005,7376.4400000000005,7371.670000000001,7373.93,993
2026-06-23T20:45:00+00:00,7373.93,7380.1900000000005,7373.06,7379.27,756
2026-06-23T22:00:00+00:00,7379.27,7386.89,7377.89,7383.370000000001,2982
2026-06-23T22:15:00+00:00,7383.370000000001,7386.64,7371.120000000001,7371.39,2453
2026-06-23T22:30:00+00:00,7371.39,7375.14,7363.64,7365.14,3126
2026-06-23T22:45:00+00:00,7365.14,7370.64,7364.870000000001,7369.380000000001,1728
2026-06-23T23:00:00+00:00,7369.380000000001,7370.130000000001,7354.870000000001,7367.620000000001,3998
2026-06-23T23:15:00+00:00,7367.620000000001,7372.64,7366.870000000001,7370.39,1574
2026-06-23T23:30:00+00:00,7370.39,7371.39,7362.120000000001,7368.010000000001,2390
2026-06-23T23:45:00+00:00,7368.010000000001,7385.39,7367.630000000001,7381.500000000001,5673
2026-06-24T00:00:00+00:00,7381.500000000001,7394.14,7377.870000000001,7388.630000000001,10572
2026-06-24T00:15:00+00:00,7388.630000000001,7393.260000000001,7383.120000000001,7389.240000000001,6942
2026-06-24T00:30:00+00:00,7389.240000000001,7392.880000000001,7387.630000000001,7390.880000000001,5501
2026-06-24T00:45:00+00:00,7390.880000000001,7392.89,7383.120000000001,7388.000000000001,5680
2026-06-24T01:00:00+00:00,7388.000000000001,7389.14,7380.490000000001,7386.120000000001,7402
2026-06-24T01:15:00+00:00,7386.120000000001,7387.380000000001,7376.870000000001,7385.370000000001,6296
2026-06-24T01:30:00+00:00,7385.370000000001,7388.89,7382.620000000001,7386.380000000001,5379
2026-06-24T01:45:00+00:00,7386.380000000001,7388.64,7383.380000000001,7385.620000000001,4476
2026-06-24T02:00:00+00:00,7385.620000000001,7387.750000000001,7381.740000000001,7385.870000000001,4232
2026-06-24T02:15:00+00:00,7385.870000000001,7386.14,7377.130000000001,7382.620000000001,3517
2026-06-24T02:30:00+00:00,7382.620000000001,7384.89,7373.510000000001,7374.870000000001,3668
2026-06-24T02:45:00+00:00,7374.870000000001,7375.64,7364.260000000001,7364.380000000001,5214
2026-06-24T03:00:00+00:00,7364.380000000001,7380.64,7361.410000000001,7379.380000000001,7449
2026-06-24T03:15:00+00:00,7379.380000000001,7382.64,7370.870000000001,7382.510000000001,4762
2026-06-24T03:30:00+00:00,7382.510000000001,7386.380000000001,7380.120000000001,7381.870000000001,5787
2026-06-24T03:45:00+00:00,7381.870000000001,7382.89,7377.89,7382.380000000001,3405
2026-06-24T04:00:00+00:00,7382.380000000001,7382.870000000001,7372.620000000001,7374.250000000001,3682
2026-06-24T04:15:00+00:00,7374.250000000001,7376.130000000001,7369.370000000001,7371.490000000001,3825
2026-06-24T04:30:00+00:00,7371.490000000001,7385.14,7371.370000000001,7382.630000000001,4912
2026-06-24T04:45:00+00:00,7382.630000000001,7385.880000000001,7382.120000000001,7384.010000000001,3454
2026-06-24T05:00:00+00:00,7384.010000000001,7387.64,7381.870000000001,7386.130000000001,4171
2026-06-24T05:15:00+00:00,7386.130000000001,7392.14,7384.370000000001,7388.740000000001,3761
2026-06-24T05:30:00+00:00,7388.740000000001,7393.89,7387.89,7388.630000000001,3013
2026-06-24T05:45:00+00:00,7388.630000000001,7389.620000000001,7384.120000000001,7384.880000000001,2842
2026-06-24T06:00:00+00:00,7384.880000000001,7388.14,7380.130000000001,7386.510000000001,3295
2026-06-24T06:15:00+00:00,7386.510000000001,7387.14,7379.620000000001,7381.990000000001,2856
2026-06-24T06:30:00+00:00,7381.990000000001,7388.380000000001,7381.120000000001,7384.64,2755
2026-06-24T06:45:00+00:00,7384.64,7386.39,7382.620000000001,7383.380000000001,1813
2026-06-24T07:00:00+00:00,7383.380000000001,7385.39,7377.120000000001,7382.380000000001,5940
2026-06-24T07:15:00+00:00,7382.380000000001,7384.89,7378.870000000001,7379.14,3748
2026-06-24T07:30:00+00:00,7379.14,7385.39,7374.120000000001,7384.64,4763
2026-06-24T07:45:00+00:00,7384.64,7387.370000000001,7376.380000000001,7377.250000000001,3477
2026-06-24T08:00:00+00:00,7377.250000000001,7387.14,7376.880000000001,7386.39,5769
2026-06-24T08:15:00+00:00,7386.39,7387.64,7380.130000000001,7383.130000000001,4253
2026-06-24T08:30:00+00:00,7383.130000000001,7387.64,7381.370000000001,7383.250000000001,3943
2026-06-24T08:45:00+00:00,7383.250000000001,7383.89,7379.370000000001,7382.14,2874
2026-06-24T09:00:00+00:00,7382.14,7386.630000000001,7378.870000000001,7385.64,3351
2026-06-24T09:15:00+00:00,7385.64,7386.130000000001,7377.630000000001,7381.490000000001,2810
2026-06-24T09:30:00+00:00,7381.490000000001,7383.000000000001,7375.130000000001,7375.880000000001,2873
2026-06-24T09:45:00+00:00,7375.880000000001,7383.380000000001,7373.630000000001,7382.370000000001,2759
2026-06-24T10:00:00+00:00,7382.370000000001,7382.39,7376.870000000001,7382.120000000001,3333
2026-06-24T10:15:00+00:00,7382.120000000001,7385.010000000001,7381.39,7384.870000000001,2568
2026-06-24T10:30:00+00:00,7384.870000000001,7392.89,7384.120000000001,7389.620000000001,3137
2026-06-24T10:45:00+00:00,7389.620000000001,7390.510000000001,7381.880000000001,7383.370000000001,2561
2026-06-24T11:00:00+00:00,7383.370000000001,7390.14,7382.370000000001,7382.630000000001,3067
2026-06-24T11:15:00+00:00,7382.630000000001,7383.89,7378.370000000001,7382.010000000001,3510
2026-06-24T11:30:00+00:00,7382.010000000001,7393.39,7381.880000000001,7389.760000000001,3691
2026-06-24T11:45:00+00:00,7389.760000000001,7399.39,7388.89,7398.380000000001,5125
2026-06-24T12:00:00+00:00,7398.380000000001,7399.14,7392.870000000001,7394.880000000001,4636
2026-06-24T12:15:00+00:00,7394.880000000001,7401.64,7391.620000000001,7399.380000000001,3963
2026-06-24T12:30:00+00:00,7399.380000000001,7401.64,7387.130000000001,7388.630000000001,3276
2026-06-24T12:45:00+00:00,7388.630000000001,7389.89,7382.380000000001,7385.120000000001,2852
2026-06-24T13:00:00+00:00,7385.120000000001,7390.14,7376.370000000001,7377.39,5918
2026-06-24T13:15:00+00:00,7377.39,7383.64,7373.370000000001,7381.630000000001,6368
2026-06-24T13:30:00+00:00,7381.630000000001,7402.68,7372.910000000001,7387.31,36630
2026-06-24T13:45:00+00:00,7387.31,7406.9400000000005,7372.420000000001,7389.170000000001,35139
2026-06-24T14:00:00+00:00,7389.170000000001,7394.9400000000005,7381.670000000001,7385.670000000001,34520
2026-06-24T14:15:00+00:00,7385.670000000001,7400.4400000000005,7370.920000000001,7395.68,25984
2026-06-24T14:30:00+00:00,7395.68,7407.9400000000005,7392.170000000001,7407.4400000000005,21461
2026-06-24T14:45:00+00:00,7407.4400000000005,7428.6900000000005,7406.1900000000005,7428.18,16932
2026-06-24T15:00:00+00:00,7428.18,7431.170000000001,7410.920000000001,7416.1900000000005,13700
2026-06-24T15:15:00+00:00,7416.1900000000005,7428.1900000000005,7412.920000000001,7428.170000000001,13517
2026-06-24T15:30:00+00:00,7428.170000000001,7431.18,7412.670000000001,7416.1900000000005,13685
2026-06-24T15:45:00+00:00,7416.1900000000005,7424.1900000000005,7409.170000000001,7414.68,13688
2026-06-24T16:00:00+00:00,7414.68,7419.9400000000005,7409.18,7415.920000000001,9824
2026-06-24T16:15:00+00:00,7415.920000000001,7419.6900000000005,7411.170000000001,7412.170000000001,8962
2026-06-24T16:30:00+00:00,7412.170000000001,7412.420000000001,7389.6900000000005,7394.1900000000005,14592
2026-06-24T16:45:00+00:00,7394.1900000000005,7399.1900000000005,7385.170000000001,7387.43,11100
2026-06-24T17:00:00+00:00,7387.43,7395.6900000000005,7376.670000000001,7378.43,11792
2026-06-24T17:15:00+00:00,7378.43,7382.1900000000005,7350.420000000001,7351.4400000000005,18564
2026-06-24T17:30:00+00:00,7351.4400000000005,7359.18,7342.420000000001,7349.18,21076
2026-06-24T17:45:00+00:00,7349.18,7361.6900000000005,7344.920000000001,7348.6900000000005,18168
2026-06-24T18:00:00+00:00,7348.6900000000005,7364.1900000000005,7347.420000000001,7359.18,18169
2026-06-24T18:15:00+00:00,7359.18,7377.68,7359.170000000001,7374.43,14313
2026-06-24T18:30:00+00:00,7374.43,7376.9400000000005,7359.920000000001,7363.670000000001,13671
2026-06-24T18:45:00+00:00,7363.670000000001,7363.6900000000005,7342.920000000001,7349.920000000001,15444
2026-06-24T19:00:00+00:00,7349.920000000001,7359.9400000000005,7338.670000000001,7346.920000000001,17530
2026-06-24T19:15:00+00:00,7346.920000000001,7354.18,7342.420000000001,7350.670000000001,15622
2026-06-24T19:30:00+00:00,7350.670000000001,7353.1900000000005,7339.920000000001,7345.68,15620
2026-06-24T19:45:00+00:00,7345.68,7365.93,7344.920000000001,7362.6900000000005,20562
2026-06-24T20:00:00+00:00,7362.6900000000005,7399.64,7355.89,7398.130000000001,22264
2026-06-24T20:15:00+00:00,7398.130000000001,7408.39,7395.370000000001,7405.14,7128
2026-06-24T20:30:00+00:00,7405.14,7414.64,7402.380000000001,7413.880000000001,5071
2026-06-24T20:45:00+00:00,7413.880000000001,7416.64,7409.130000000001,7411.970000000001,4573
2026-06-24T22:00:00+00:00,7411.970000000001,7421.920000000001,7407.31,7408.150000000001,5044
2026-06-24T22:15:00+00:00,7408.150000000001,7410.300000000001,7403.420000000001,7403.550000000001,2257
2026-06-24T22:30:00+00:00,7403.550000000001,7406.550000000001,7402.280000000001,7405.780000000001,2417
2026-06-24T22:45:00+00:00,7405.780000000001,7406.300000000001,7401.030000000001,7401.550000000001,1423
2026-06-24T23:00:00+00:00,7401.550000000001,7403.790000000001,7399.290000000001,7400.300000000001,1418
2026-06-24T23:15:00+00:00,7400.300000000001,7406.050000000001,7399.280000000001,7403.540000000001,1119
2026-06-24T23:30:00+00:00,7403.540000000001,7410.660000000001,7403.280000000001,7409.540000000001,1324
2026-06-24T23:45:00+00:00,7409.540000000001,7413.550000000001,7404.800000000001,7406.910000000001,3151
2026-06-25T00:00:00+00:00,7406.910000000001,7408.400000000001,7399.900000000001,7406.150000000001,6037
2026-06-25T00:15:00+00:00,7406.150000000001,7407.420000000001,7399.780000000001,7401.530000000001,4926
2026-06-25T00:30:00+00:00,7401.530000000001,7402.170000000001,7389.280000000001,7392.300000000001,4587
2026-06-25T00:45:00+00:00,7392.300000000001,7395.550000000001,7388.290000000001,7390.030000000001,4460
2026-06-25T01:00:00+00:00,7390.030000000001,7394.280000000001,7387.400000000001,7391.030000000001,4942
2026-06-25T01:15:00+00:00,7391.030000000001,7395.050000000001,7389.280000000001,7391.530000000001,3867
2026-06-25T01:30:00+00:00,7391.530000000001,7401.550000000001,7391.030000000001,7396.050000000001,4244
2026-06-25T01:45:00+00:00,7396.050000000001,7400.300000000001,7394.650000000001,7395.300000000001,3289
2026-06-25T02:00:00+00:00,7395.300000000001,7400.050000000001,7389.040000000001,7390.410000000001,4086
2026-06-25T02:15:00+00:00,7390.410000000001,7398.040000000001,7388.030000000001,7396.400000000001,3205
2026-06-25T02:30:00+00:00,7396.400000000001,7398.540000000001,7393.780000000001,7394.800000000001,1980
2026-06-25T02:45:00+00:00,7394.800000000001,7399.050000000001,7393.780000000001,7398.650000000001,1736
2026-06-25T03:00:00+00:00,7398.650000000001,7402.530000000001,7397.530000000001,7399.170000000001,1926
2026-06-25T03:15:00+00:00,7399.170000000001,7403.420000000001,7395.530000000001,7401.790000000001,2396
2026-06-25T03:30:00+00:00,7401.790000000001,7404.550000000001,7399.030000000001,7400.290000000001,2101
2026-06-25T03:45:00+00:00,7400.290000000001,7404.800000000001,7399.290000000001,7404.400000000001,1620
2026-06-25T04:00:00+00:00,7404.400000000001,7405.050000000001,7400.280000000001,7400.550000000001,1362
2026-06-25T04:15:00+00:00,7400.550000000001,7402.300000000001,7397.530000000001,7399.040000000001,1702
2026-06-25T04:30:00+00:00,7399.040000000001,7401.910000000001,7395.030000000001,7401.800000000001,1562
2026-06-25T04:45:00+00:00,7401.800000000001,7403.050000000001,7398.280000000001,7399.550000000001,1436
2026-06-25T05:00:00+00:00,7399.550000000001,7405.550000000001,7399.290000000001,7404.660000000001,1632
2026-06-25T05:15:00+00:00,7404.660000000001,7409.280000000001,7403.670000000001,7408.550000000001,1597
2026-06-25T05:30:00+00:00,7408.550000000001,7411.550000000001,7407.540000000001,7409.540000000001,1957
2026-06-25T05:45:00+00:00,7409.540000000001,7409.780000000001,7405.780000000001,7407.050000000001,1517
2026-06-25T06:00:00+00:00,7407.050000000001,7413.800000000001,7406.050000000001,7412.550000000001,2048
2026-06-25T06:15:00+00:00,7412.550000000001,7417.300000000001,7411.790000000001,7415.280000000001,2089
2026-06-25T06:30:00+00:00,7415.280000000001,7417.300000000001,7413.280000000001,7414.290000000001,1878
2026-06-25T06:45:00+00:00,7414.290000000001,7416.540000000001,7412.280000000001,7413.030000000001,1492
2026-06-25T07:00:00+00:00,7413.030000000001,7419.050000000001,7413.030000000001,7416.790000000001,3195
2026-06-25T07:15:00+00:00,7416.790000000001,7424.040000000001,7416.780000000001,7420.910000000001,2380
2026-06-25T07:30:00+00:00,7420.910000000001,7423.550000000001,7418.280000000001,7422.040000000001,1905
2026-06-25T07:45:00+00:00,7422.040000000001,7423.530000000001,7419.530000000001,7423.150000000001,1664
2026-06-25T08:00:00+00:00,7423.150000000001,7426.540000000001,7418.800000000001,7418.800000000001,3496
2026-06-25T08:15:00+00:00,7418.800000000001,7420.530000000001,7415.530000000001,7418.800000000001,2765
2026-06-25T08:30:00+00:00,7418.800000000001,7420.800000000001,7416.290000000001,7416.540000000001,1938
2026-06-25T08:45:00+00:00,7416.540000000001,7417.280000000001,7410.780000000001,7412.050000000001,2035
2026-06-25T09:00:00+00:00,7412.050000000001,7417.800000000001,7411.160000000001,7415.280000000001,2163
2026-06-25T09:15:00+00:00,7415.280000000001,7417.050000000001,7411.800000000001,7414.050000000001,2095
2026-06-25T09:30:00+00:00,7414.050000000001,7418.040000000001,7413.530000000001,7416.790000000001,1901
2026-06-25T09:45:00+00:00,7416.790000000001,7419.550000000001,7414.920000000001,7415.780000000001,1664
2026-06-25T10:00:00+00:00,7415.780000000001,7421.170000000001,7415.050000000001,7421.040000000001,1666
2026-06-25T10:15:00+00:00,7421.040000000001,7421.800000000001,7418.530000000001,7421.290000000001,1220
2026-06-25T10:30:00+00:00,7421.290000000001,7422.550000000001,7416.900000000001,7417.530000000001,1683
2026-06-25T10:45:00+00:00,7417.530000000001,7421.150000000001,7415.040000000001,7418.670000000001,1525
2026-06-25T11:00:00+00:00,7418.670000000001,7422.300000000001,7415.300000000001,7415.670000000001,2337
2026-06-25T11:15:00+00:00,7415.670000000001,7416.300000000001,7407.550000000001,7408.780000000001,2310
2026-06-25T11:30:00+00:00,7408.780000000001,7414.050000000001,7407.280000000001,7412.790000000001,2280
2026-06-25T11:45:00+00:00,7412.790000000001,7415.550000000001,7408.290000000001,7411.170000000001,2447
2026-06-25T12:00:00+00:00,7411.170000000001,7417.900000000001,7409.780000000001,7411.780000000001,3034
2026-06-25T12:15:00+00:00,7411.780000000001,7414.06,7407.540000000001,7409.550000000001,2817
2026-06-25T12:30:00+00:00,7409.550000000001,7431.050000000001,7408.820000000001,7420.540000000001,11320
2026-06-25T12:45:00+00:00,7420.540000000001,7427.790000000001,7420.030000000001,7422.040000000001,5199
2026-06-25T13:00:00+00:00,7422.040000000001,7424.050000000001,7415.540000000001,7418.670000000001,4559
2026-06-25T13:15:00+00:00,7418.670000000001,7423.290000000001,7414.530000000001,7420.800000000001,4389
2026-06-25T13:30:00+00:00,7420.800000000001,7425.6,7371.580000000001,7374.1,31725
2026-06-25T13:45:00+00:00,7374.1,7379.1,7325.830000000001,7328.340000000001,63216
2026-06-25T14:00:00+00:00,7328.340000000001,7389.6,7327.580000000001,7372.330000000001,57193
2026-06-25T14:15:00+00:00,7372.330000000001,7397.1,7362.830000000001,7386.090000000001,50203
2026-06-25T14:30:00+00:00,7386.090000000001,7403.1,7379.460000000001,7385.85,41032
2026-06-25T14:45:00+00:00,7385.85,7410.85,7379.080000000001,7384.6,35594
2026-06-25T15:00:00+00:00,7384.6,7396.800000000001,7357.530000000002,7360.780000000002,32621.732436064547
2026-06-25T15:15:00+00:00,7360.780000000002,7379.800000000001,7349.030000000002,7373.790000000002,32924
2026-06-25T15:30:00+00:00,7373.790000000002,7386.290000000002,7370.030000000002,7378.530000000002,26789
2026-06-25T15:45:00+00:00,7378.530000000002,7389.300000000001,7370.780000000002,7372.280000000002,21116
2026-06-25T16:00:00+00:00,7372.280000000002,7392.920000000002,7367.280000000002,7388.050000000001,21131
2026-06-25T16:15:00+00:00,7388.050000000001,7393.550000000001,7369.780000000002,7372.410000000002,18512
2026-06-25T16:30:00+00:00,7372.410000000002,7373.030000000002,7350.530000000002,7352.540000000002,20335
2026-06-25T16:45:00+00:00,7352.540000000002,7360.540000000002,7344.530000000002,7354.9000000000015,17934
2026-06-25T17:00:00+00:00,7354.9000000000015,7367.290000000002,7351.040000000002,7362.040000000002,14935
2026-06-25T17:15:00+00:00,7362.040000000002,7372.550000000001,7350.280000000002,7362.550000000001,16422
2026-06-25T17:30:00+00:00,7362.550000000001,7367.800000000001,7354.790000000002,7356.030000000002,12889
2026-06-25T17:45:00+00:00,7356.030000000002,7365.800000000001,7345.300000000001,7364.1500000000015,16632
2026-06-25T18:00:00+00:00,7364.1500000000015,7370.050000000001,7343.040000000002,7362.300000000001,23252
2026-06-25T18:15:00+00:00,7362.300000000001,7391.300000000001,7359.530000000002,7388.9000000000015,18659
2026-06-25T18:30:00+00:00,7388.9000000000015,7389.050000000001,7366.030000000002,7369.280000000002,17243
2026-06-25T18:45:00+00:00,7369.280000000002,7374.300000000001,7356.750000000002,7369.040000000002,14841
2026-06-25T19:00:00+00:00,7369.040000000002,7369.550000000001,7353.290000000002,7354.050000000001,15160
2026-06-25T19:15:00+00:00,7354.050000000001,7359.300000000001,7348.780000000002,7354.300000000001,16615
2026-06-25T19:30:00+00:00,7354.300000000001,7355.550000000001,7346.280000000002,7350.290000000002,14775
2026-06-25T19:45:00+00:00,7350.290000000002,7364.790000000002,7343.530000000002,7363.530000000002,22037
2026-06-25T20:00:00+00:00,7363.530000000002,7386.250000000002,7362.270000000001,7372.740000000002,10562
2026-06-25T20:15:00+00:00,7372.740000000002,7389.000000000002,7372.490000000002,7381.500000000002,3838
2026-06-25T20:30:00+00:00,7381.500000000002,7381.750000000002,7374.730000000001,7375.250000000002,1549
2026-06-25T20:45:00+00:00,7375.250000000002,7375.740000000002,7366.750000000002,7368.600000000001,1092
2026-06-25T22:00:00+00:00,7368.600000000001,7371.060000000001,7352.300000000001,7356.040000000002,4516
2026-06-25T22:15:00+00:00,7356.040000000002,7361.060000000001,7352.040000000002,7352.550000000001,2986
2026-06-25T22:30:00+00:00,7352.550000000001,7358.290000000002,7351.540000000002,7357.670000000002,2031
2026-06-25T22:45:00+00:00,7357.670000000002,7361.660000000002,7354.560000000001,7360.800000000001,1248
2026-06-25T23:00:00+00:00,7360.800000000001,7369.060000000001,7359.790000000002,7368.790000000002,1497
2026-06-25T23:15:00+00:00,7368.790000000002,7389.560000000001,7367.310000000001,7385.180000000001,5308
2026-06-25T23:30:00+00:00,7385.180000000001,7386.810000000001,7365.560000000001,7365.910000000002,3088
2026-06-25T23:45:00+00:00,7365.910000000002,7366.040000000002,7352.790000000002,7359.180000000001,4478
2026-06-26T00:00:00+00:00,7359.180000000001,7369.800000000001,7355.060000000001,7367.540000000002,9316
2026-06-26T00:15:00+00:00,7367.540000000002,7370.180000000001,7355.920000000002,7364.790000000002,9394
2026-06-26T00:30:00+00:00,7364.790000000002,7366.060000000001,7357.290000000002,7361.310000000001,9003
2026-06-26T00:45:00+00:00,7361.310000000001,7364.810000000001,7354.290000000002,7356.910000000002,6714
2026-06-26T01:00:00+00:00,7356.910000000002,7362.930000000001,7346.790000000002,7357.170000000002,8957
2026-06-26T01:15:00+00:00,7357.170000000002,7363.310000000001,7352.040000000002,7352.920000000002,6351
2026-06-26T01:30:00+00:00,7352.920000000002,7354.180000000001,7337.550000000001,7338.300000000001,8225
2026-06-26T01:45:00+00:00,7338.300000000001,7343.050000000001,7330.550000000001,7335.160000000002,8667
2026-06-26T02:00:00+00:00,7335.160000000002,7337.050000000001,7327.290000000002,7329.800000000001,5861
2026-06-26T02:15:00+00:00,7329.800000000001,7332.560000000001,7321.560000000001,7324.300000000001,5897
2026-06-26T02:30:00+00:00,7324.300000000001,7325.560000000001,7313.540000000002,7317.060000000001,5542
2026-06-26T02:45:00+00:00,7317.060000000001,7317.060000000001,7302.170000000002,7306.420000000002,7399
2026-06-26T03:00:00+00:00,7306.420000000002,7307.060000000001,7300.790000000002,7304.670000000002,6111
2026-06-26T03:15:00+00:00,7304.670000000002,7306.430000000001,7300.550000000001,7303.930000000001,3551
2026-06-26T03:30:00+00:00,7303.930000000001,7305.050000000001,7292.540000000002,7305.050000000001,6995
2026-06-26T03:45:00+00:00,7305.050000000001,7319.050000000001,7302.050000000001,7318.410000000002,7190
2026-06-26T04:00:00+00:00,7318.410000000002,7320.810000000001,7313.660000000002,7316.680000000001,6813
2026-06-26T04:15:00+00:00,7316.680000000001,7320.540000000002,7306.660000000002,7311.930000000001,5406
2026-06-26T04:30:00+00:00,7311.930000000001,7315.170000000002,7304.290000000002,7308.560000000001,4721
2026-06-26T04:45:00+00:00,7308.560000000001,7308.790000000002,7301.040000000002,7303.040000000002,3812
2026-06-26T05:00:00+00:00,7303.040000000002,7311.920000000002,7299.810000000001,7311.910000000002,5142
2026-06-26T05:15:00+00:00,7311.910000000002,7315.550000000001,7308.790000000002,7314.180000000001,4415
2026-06-26T05:30:00+00:00,7314.180000000001,7318.310000000001,7303.050000000001,7303.300000000001,4625
2026-06-26T05:45:00+00:00,7303.300000000001,7311.290000000002,7300.790000000002,7307.420000000002,3761
2026-06-26T06:00:00+00:00,7307.420000000002,7311.810000000001,7304.540000000002,7311.040000000002,5120
2026-06-26T06:15:00+00:00,7311.040000000002,7322.430000000001,7311.040000000002,7322.050000000001,4768
2026-06-26T06:30:00+00:00,7322.050000000001,7331.310000000001,7319.290000000002,7330.560000000001,4121
2026-06-26T06:45:00+00:00,7330.560000000001,7345.050000000001,7329.660000000002,7339.550000000001,4037
2026-06-26T07:00:00+00:00,7339.550000000001,7341.560000000001,7330.290000000002,7337.800000000001,5553
2026-06-26T07:15:00+00:00,7337.800000000001,7345.060000000001,7336.540000000002,7344.790000000002,4843
2026-06-26T07:30:00+00:00,7344.790000000002,7349.300000000001,7341.810000000001,7342.040000000002,3686
2026-06-26T07:45:00+00:00,7342.040000000002,7347.560000000001,7340.040000000002,7346.180000000001,3350
2026-06-26T08:00:00+00:00,7346.180000000001,7350.930000000001,7336.410000000002,7338.290000000002,6031
2026-06-26T08:15:00+00:00,7338.290000000002,7344.430000000001,7335.540000000002,7343.050000000001,4641
2026-06-26T08:30:00+00:00,7343.050000000001,7343.310000000001,7332.550000000001,7333.300000000001,4612
2026-06-26T08:45:00+00:00,7333.300000000001,7334.060000000001,7317.910000000002,7323.910000000002,4725
2026-06-26T09:00:00+00:00,7323.910000000002,7325.410000000002,7317.660000000002,7323.810000000001,5276
2026-06-26T09:15:00+00:00,7323.810000000001,7325.310000000001,7315.540000000002,7318.810000000001,5822
2026-06-26T09:30:00+00:00,7318.810000000001,7331.060000000001,7315.290000000002,7327.790000000002,4494
2026-06-26T09:45:00+00:00,7327.790000000002,7331.930000000001,7319.540000000002,7320.790000000002,4846
2026-06-26T10:00:00+00:00,7320.790000000002,7324.060000000001,7312.040000000002,7322.290000000002,4937
2026-06-26T10:15:00+00:00,7322.290000000002,7324.670000000002,7316.290000000002,7321.670000000002,3056
2026-06-26T10:30:00+00:00,7321.670000000002,7324.560000000001,7319.040000000002,7320.810000000001,3905
2026-06-26T10:45:00+00:00,7320.810000000001,7324.060000000001,7318.540000000002,7321.800000000001,3373
2026-06-26T11:00:00+00:00,7321.800000000001,7330.060000000001,7318.8200000000015,7326.310000000001,5323
2026-06-26T11:15:00+00:00,7326.310000000001,7326.310000000001,7319.430000000001,7321.810000000001,4009
2026-06-26T11:30:00+00:00,7321.810000000001,7326.060000000001,7320.180000000001,7321.170000000002,3913
2026-06-26T11:45:00+00:00,7321.170000000002,7324.310000000001,7313.040000000002,7320.170000000002,4428
2026-06-26T12:00:00+00:00,7320.170000000002,7336.790000000002,7318.290000000002,7333.790000000002,5140
2026-06-26T12:15:00+00:00,7333.790000000002,7339.290000000002,7325.290000000002,7330.060000000001,4717
2026-06-26T12:30:00+00:00,7330.060000000001,7332.560000000001,7319.040000000002,7319.420000000002,4514
2026-06-26T12:45:00+00:00,7319.420000000002,7322.160000000002,7315.790000000002,7319.300000000001,5341
2026-06-26T13:00:00+00:00,7319.300000000001,7320.560000000001,7308.800000000001,7312.300000000001,5787
2026-06-26T13:15:00+00:00,7312.300000000001,7318.040000000002,7300.300000000001,7316.300000000001,10941
2026-06-26T13:30:00+00:00,7316.300000000001,7323.6100000000015,7295.590000000001,7319.840000000001,43067
2026-06-26T13:45:00+00:00,7319.840000000001,7341.1100000000015,7306.840000000001,7336.8200000000015,39747
2026-06-26T14:00:00+00:00,7336.8200000000015,7363.6100000000015,7334.080000000002,7360.8600000000015,34606
2026-06-26T14:15:00+00:00,7360.8600000000015,7371.600000000001,7353.590000000001,7364.1100000000015,26090
2026-06-26T14:30:00+00:00,7364.1100000000015,7368.6100000000015,7344.590000000001,7350.730000000001,22028
2026-06-26T14:45:00+00:00,7350.730000000001,7362.8600000000015,7347.340000000001,7353.3600000000015,24625
2026-06-26T15:00:00+00:00,7353.3600000000015,7363.3600000000015,7348.340000000001,7349.840000000001,20081
2026-06-26T15:15:00+00:00,7349.840000000001,7376.1100000000015,7345.090000000001,7376.1100000000015,16992
2026-06-26T15:30:00+00:00,7376.1100000000015,7394.8600000000015,7373.090000000001,7391.850000000001,16723
2026-06-26T15:45:00+00:00,7391.850000000001,7394.090000000001,7370.590000000001,7383.090000000001,19821
2026-06-26T16:00:00+00:00,7383.090000000001,7384.6100000000015,7366.970000000001,7370.210000000002,15117
2026-06-26T16:15:00+00:00,7370.210000000002,7375.6100000000015,7356.340000000001,7362.6100000000015,18118
2026-06-26T16:30:00+00:00,7362.6100000000015,7376.8600000000015,7362.6100000000015,7369.3600000000015,12185
2026-06-26T16:45:00+00:00,7369.3600000000015,7378.3600000000015,7367.340000000001,7373.590000000001,10182
2026-06-26T17:00:00+00:00,7373.590000000001,7387.8600000000015,7370.590000000001,7379.850000000001,9697
2026-06-26T17:15:00+00:00,7379.850000000001,7380.6100000000015,7366.840000000001,7376.340000000001,8384
2026-06-26T17:30:00+00:00,7376.340000000001,7383.1100000000015,7364.810000000001,7371.480000000001,11036
2026-06-26T17:45:00+00:00,7371.480000000001,7373.1500000000015,7363.380000000001,7365.630000000001,8753.772137272272
2026-06-26T18:00:00+00:00,7365.630000000001,7374.9000000000015,7365.130000000001,7369.4000000000015,10511
2026-06-26T18:15:00+00:00,7369.4000000000015,7371.1500000000015,7355.630000000001,7356.890000000001,8398
2026-06-26T18:30:00+00:00,7356.890000000001,7365.140000000001,7356.130000000001,7356.130000000001,7539
2026-06-26T18:45:00+00:00,7356.130000000001,7356.4000000000015,7340.630000000001,7344.390000000001,10215
2026-06-26T19:00:00+00:00,7344.390000000001,7356.4000000000015,7342.130000000001,7356.130000000001,10945
2026-06-26T19:15:00+00:00,7356.130000000001,7358.4000000000015,7346.640000000001,7350.520000000001,10809
2026-06-26T19:30:00+00:00,7350.520000000001,7362.1500000000015,7346.130000000001,7361.380000000001,11311
2026-06-26T19:45:00+00:00,7361.380000000001,7367.390000000001,7304.600000000001,7306.6100000000015,23309
2026-06-26T20:00:00+00:00,7306.6100000000015,7349.100000000001,7306.100000000001,7347.710000000002,19694
2026-06-26T20:15:00+00:00,7347.710000000002,7357.39,7346.93,7352.16,5584
2026-06-26T20:30:00+00:00,7352.16,7353.16,7333.89,7336.49,7907
2026-06-28T22:00:00+00:00,7336.49,7376.97,7336.49,7374.72,11330
2026-06-28T22:15:00+00:00,7374.72,7377.11,7366.48,7374.1,4073
2026-06-28T22:30:00+00:00,7374.1,7377.72,7373.61,7377.12,2334
2026-06-28T22:45:00+00:00,7377.12,7377.87,7373.49,7373.86,1350
2026-06-28T23:00:00+00:00,7373.86,7388.1,7372.11,7385.74,4344
2026-06-28T23:15:00+00:00,7385.74,7390.99,7383.72,7388.86,2005
2026-06-28T23:30:00+00:00,7388.86,7393.1,7388.62,7391.61,1248
2026-06-28T23:45:00+00:00,7391.61,7395.12,7386.35,7386.85,3707
2026-06-29T00:00:00+00:00,7386.85,7387.12,7372.1,7375.74,10887
2026-06-29T00:15:00+00:00,7375.74,7378.12,7362.1,7362.48,9151
2026-06-29T00:30:00+00:00,7362.48,7375.87,7361.85,7374.72,10631
2026-06-29T00:45:00+00:00,7374.72,7379.62,7362.6,7377.97,8187
2026-06-29T01:00:00+00:00,7377.97,7380.12,7369.99,7376.36,7721
2026-06-29T01:15:00+00:00,7376.36,7376.86,7366.6,7368.86,7435
2026-06-29T01:30:00+00:00,7368.86,7382.35,7366.36,7379.85,8342
2026-06-29T01:45:00+00:00,7379.85,7381.37,7374.23,7377.97,6872
2026-06-29T02:00:00+00:00,7377.97,7379.12,7361.11,7362.11,6471
2026-06-29T02:15:00+00:00,7362.11,7380.49,7360.24,7379.48,6119
2026-06-29T02:30:00+00:00,7379.48,7383.12,7377.6,7381.12,4389
2026-06-29T02:45:00+00:00,7381.12,7382.6,7379.37,7380.12,2928
2026-06-29T03:00:00+00:00,7380.12,7389.6,7380.12,7384.11,3454
2026-06-29T03:15:00+00:00,7384.11,7385.87,7382.61,7384.1,2358
2026-06-29T03:30:00+00:00,7384.1,7385.62,7373.6,7376.22,4541
2026-06-29T03:45:00+00:00,7376.22,7392.12,7375.35,7389.86,4814
2026-06-29T04:00:00+00:00,7389.86,7389.97,7384.1,7384.6,2950
2026-06-29T04:15:00+00:00,7384.6,7387.37,7381.1,7383.73,2756
2026-06-29T04:30:00+00:00,7383.73,7385.37,7379.1,7380.99,3127
2026-06-29T04:45:00+00:00,7380.99,7384.86,7379.35,7381.47,3313
2026-06-29T05:00:00+00:00,7381.47,7384.37,7378.49,7384.36,4630
2026-06-29T05:15:00+00:00,7384.36,7386.48,7379.98,7382.11,3548
2026-06-29T05:30:00+00:00,7382.11,7393.37,7381.37,7392.49,4060
2026-06-29T05:45:00+00:00,7392.49,7397.87,7389.35,7396.6,4141
2026-06-29T06:00:00+00:00,7396.6,7397.37,7384.85,7387.11,4447
2026-06-29T06:15:00+00:00,7387.11,7391.87,7386.1,7390.24,3163
2026-06-29T06:30:00+00:00,7390.24,7394.12,7388.99,7391.35,3053
2026-06-29T06:45:00+00:00,7391.35,7391.61,7383.6,7385.87,2191
2026-06-29T07:00:00+00:00,7385.87,7386.37,7376.1,7382.35,5329
2026-06-29T07:15:00+00:00,7382.35,7391.37,7382.35,7389.87,3774
2026-06-29T07:30:00+00:00,7389.87,7392.87,7386.1,7390.24,3427
2026-06-29T07:45:00+00:00,7390.24,7392.37,7387.61,7390.72,3478
2026-06-29T08:00:00+00:00,7390.72,7399.37,7389.61,7397.37,6079
2026-06-29T08:15:00+00:00,7397.37,7403.36,7394.61,7395.86,4393
2026-06-29T08:30:00+00:00,7395.86,7401.37,7393.48,7394.37,4052
2026-06-29T08:45:00+00:00,7394.37,7397.12,7390.1,7390.86,2925
2026-06-29T09:00:00+00:00,7390.86,7394.12,7389.87,7393.1,3367
2026-06-29T09:15:00+00:00,7393.1,7398.11,7391.6,7397.35,2732
2026-06-29T09:30:00+00:00,7397.35,7398.85,7393.1,7394.98,2575
2026-06-29T09:45:00+00:00,7394.98,7395.87,7386.86,7394.11,3633
2026-06-29T10:00:00+00:00,7394.11,7400.62,7394.11,7396.24,3043
2026-06-29T10:15:00+00:00,7396.24,7399.61,7392.1,7399.6,2435
2026-06-29T10:30:00+00:00,7399.6,7404.37,7398.6,7401.37,2692
2026-06-29T10:45:00+00:00,7401.37,7406.12,7395.61,7405.35,2715
2026-06-29T11:00:00+00:00,7405.35,7410.11,7402.1,7402.87,3362
2026-06-29T11:15:00+00:00,7402.87,7403.86,7397.6,7401.36,2979
2026-06-29T11:30:00+00:00,7401.36,7412.74,7399.87,7404.1,5226
2026-06-29T11:45:00+00:00,7404.1,7408.35,7401.97,7402.85,2889
2026-06-29T12:00:00+00:00,7402.85,7407.12,7400.85,7405.62,3544
2026-06-29T12:15:00+00:00,7405.62,7408.35,7403.35,7404.85,3002
2026-06-29T12:30:00+00:00,7404.85,7407.37,7394.6,7398.62,4092
2026-06-29T12:45:00+00:00,7398.62,7403.62,7397.1,7403.62,3104
2026-06-29T13:00:00+00:00,7403.62,7407.87,7402.61,7407.11,3062
2026-06-29T13:15:00+00:00,7407.11,7408.35,7394.35,7396.6,3883
2026-06-29T13:30:00+00:00,7396.6,7423.16,7384.15,7422.92,36237
2026-06-29T13:45:00+00:00,7422.92,7429.17,7393.42,7398.17,30589
2026-06-29T14:00:00+00:00,7398.17,7400.17,7355.15,7355.17,40175
2026-06-29T14:15:00+00:00,7355.17,7390.17,7348.65,7388.9,38793
2026-06-29T14:30:00+00:00,7388.9,7407.16,7387.42,7399.17,26814
2026-06-29T14:45:00+00:00,7399.17,7412.17,7387.4,7407.53,27486
2026-06-29T15:00:00+00:00,7407.53,7408.92,7394.15,7403.52,21061
2026-06-29T15:15:00+00:00,7403.52,7407.42,7392.67,7406.66,15402
2026-06-29T15:30:00+00:00,7406.66,7414.41,7400.91,7413.92,10873
2026-06-29T15:45:00+00:00,7413.92,7415.17,7406.9,7414.66,6740
2026-06-29T16:00:00+00:00,7414.66,7421.17,7414.15,7414.91,5921
2026-06-29T16:15:00+00:00,7414.91,7418.66,7412.65,7413.41,4525
2026-06-29T16:30:00+00:00,7413.41,7415.67,7409.65,7414.92,4520
2026-06-29T16:45:00+00:00,7414.92,7419.66,7411.65,7416.91,3268
2026-06-29T17:00:00+00:00,7416.91,7432.17,7416.9,7429.92,3375
2026-06-29T17:15:00+00:00,7429.92,7434.17,7424.67,7431.16,4036
2026-06-29T17:30:00+00:00,7431.16,7436.42,7429.65,7432.67,2991
2026-06-29T17:45:00+00:00,7432.67,7438.17,7430.9,7433.65,2296
2026-06-29T18:00:00+00:00,7433.65,7437.42,7431.66,7435.16,2483
2026-06-29T18:15:00+00:00,7435.16,7435.9,7430.66,7431.65,2794
2026-06-29T18:30:00+00:00,7431.65,7440.17,7431.15,7439.41,2878
2026-06-29T18:45:00+00:00,7439.41,7441.67,7434.92,7436.4,2016
2026-06-29T19:00:00+00:00,7436.4,7438.92,7434.4,7434.91,3230
2026-06-29T19:15:00+00:00,7434.91,7439.92,7432.65,7437.41,2580
2026-06-29T19:30:00+00:00,7437.41,7438.17,7432.9,7434.91,2735
2026-06-29T19:45:00+00:00,7434.91,7444.67,7431.15,7436.42,7579
2026-06-29T20:00:00+00:00,7436.42,7438.62,7431.1,7437.1,4036
2026-06-29T20:15:00+00:00,7437.1,7439.36,7436.12,7436.6,852
2026-06-29T20:30:00+00:00,7436.6,7436.87,7432.1,7433.37,354
2026-06-29T20:45:00+00:00,7433.37,7434.98,7430.6,7433.21,654
2026-06-29T22:00:00+00:00,7433.21,7437.37,7430.37,7433.89,3722
2026-06-29T22:15:00+00:00,7433.89,7436.63,7432.62,7433.75,802
2026-06-29T22:30:00+00:00,7433.75,7436.64,7431.13,7435.62,933
2026-06-29T22:45:00+00:00,7435.62,7435.89,7433.13,7434.39,515
2026-06-29T23:00:00+00:00,7434.39,7438.63,7433.39,7435.88,810
2026-06-29T23:15:00+00:00,7435.88,7437.14,7434.87,7435.87,602
2026-06-29T23:30:00+00:00,7435.87,7438.25,7434.88,7435.87,678
2026-06-29T23:45:00+00:00,7435.87,7436.62,7431.37,7435.01,1472
2026-06-30T00:00:00+00:00,7435.01,7440.64,7430.99,7439.14,5390
2026-06-30T00:15:00+00:00,7439.14,7440.89,7428.87,7430.39,4519
2026-06-30T00:30:00+00:00,7430.39,7431.37,7421.63,7424.37,6288
2026-06-30T00:45:00+00:00,7424.37,7432.89,7423.62,7432.38,4752
2026-06-30T01:00:00+00:00,7432.38,7433.64,7423.87,7425.87,5087
2026-06-30T01:15:00+00:00,7425.87,7438.63,7424.64,7438.63,4128
2026-06-30T01:30:00+00:00,7438.63,7441.12,7431.87,7437.37,4716
2026-06-30T01:45:00+00:00,7437.37,7438.39,7433.37,7438.01,3101
2026-06-30T02:00:00+00:00,7438.01,7438.37,7431.12,7431.88,2667
2026-06-30T02:15:00+00:00,7431.88,7435.39,7427.87,7433.88,2568
2026-06-30T02:30:00+00:00,7433.88,7435.89,7431.62,7432.39,2142
2026-06-30T02:45:00+00:00,7432.39,7434.64,7430.37,7430.89,1637
2026-06-30T03:00:00+00:00,7430.89,7434.64,7429.99,7433,1313
2026-06-30T03:15:00+00:00,7433,7436.89,7433,7436.12,1383
2026-06-30T03:30:00+00:00,7436.12,7444.39,7435.12,7443.63,2478
2026-06-30T03:45:00+00:00,7443.63,7446.64,7441.14,7441.39,2098
2026-06-30T04:00:00+00:00,7441.39,7447.64,7441.12,7446.38,1805
2026-06-30T04:15:00+00:00,7446.38,7448.64,7445.37,7448.62,1228
2026-06-30T04:30:00+00:00,7448.62,7452.89,7447.37,7452.63,1716
2026-06-30T04:45:00+00:00,7452.63,7453.14,7449.74,7450.62,2058
2026-06-30T05:00:00+00:00,7450.62,7454.25,7450.37,7452.38,2249
2026-06-30T05:15:00+00:00,7452.38,7453.14,7447.64,7448.39,2069
2026-06-30T05:30:00+00:00,7448.39,7448.64,7443.37,7446.38,2967
2026-06-30T05:45:00+00:00,7446.38,7450.64,7445.89,7450.12,1861
2026-06-30T06:00:00+00:00,7450.12,7451.13,7446.87,7448.24,2496
2026-06-30T06:15:00+00:00,7448.24,7448.64,7442.37,7447.89,2327
2026-06-30T06:30:00+00:00,7447.89,7448.37,7441.39,7442.64,2533
2026-06-30T06:45:00+00:00,7442.64,7448.62,7442.13,7448.38,1479
2026-06-30T07:00:00+00:00,7448.38,7452.39,7444.88,7445.75,4027
2026-06-30T07:15:00+00:00,7445.75,7449.14,7444.12,7447.37,2570
2026-06-30T07:30:00+00:00,7447.37,7449.89,7446.51,7446.88,2266
2026-06-30T07:45:00+00:00,7446.88,7447.14,7440.62,7441.63,2412
2026-06-30T08:00:00+00:00,7441.63,7448.39,7441.12,7442.64,3939
2026-06-30T08:15:00+00:00,7442.64,7449,7439.12,7448.49,3358
2026-06-30T08:30:00+00:00,7448.49,7449.89,7434.62,7438.37,4954
2026-06-30T08:45:00+00:00,7438.37,7442.51,7433.87,7441.63,3115
2026-06-30T09:00:00+00:00,7441.63,7444.39,7440.39,7443.5,2371
2026-06-30T09:15:00+00:00,7443.5,7445.63,7442.12,7442.38,2384
2026-06-30T09:30:00+00:00,7442.38,7445.39,7438.37,7444.39,2677
2026-06-30T09:45:00+00:00,7444.39,7447.89,7444.38,7445.88,2066
2026-06-30T10:00:00+00:00,7445.88,7448.39,7443.62,7446.87,2315
2026-06-30T10:15:00+00:00,7446.87,7448.64,7445.87,7447.88,1742
2026-06-30T10:30:00+00:00,7447.88,7448.75,7444.12,7446.87,2024
2026-06-30T10:45:00+00:00,7446.87,7454.64,7445.13,7452.87,1851
2026-06-30T11:00:00+00:00,7452.87,7456.64,7450.87,7456.37,2264
2026-06-30T11:15:00+00:00,7456.37,7457.37,7448.87,7451.38,2604
2026-06-30T11:30:00+00:00,7451.38,7455.14,7449.62,7454.12,2363
2026-06-30T11:45:00+00:00,7454.12,7457.38,7449.87,7450.37,1981
2026-06-30T12:00:00+00:00,7450.37,7450.89,7441.38,7442.38,3590
2026-06-30T12:15:00+00:00,7442.38,7442.99,7435.62,7435.89,4032
2026-06-30T12:30:00+00:00,7435.89,7440.63,7431.37,7439.14,4101
2026-06-30T12:45:00+00:00,7439.14,7441.89,7436.37,7436.63,2991
2026-06-30T13:00:00+00:00,7436.63,7439.39,7433.87,7436.25,2853
2026-06-30T13:15:00+00:00,7436.25,7440.37,7432.12,7439.89,3263
2026-06-30T13:30:00+00:00,7439.89,7450.19,7435.67,7445.69,20906
2026-06-30T13:45:00+00:00,7445.69,7466.94,7443.42,7466.44,16896
2026-06-30T14:00:00+00:00,7466.44,7472.44,7455.43,7463.43,15498
2026-06-30T14:15:00+00:00,7463.43,7473.19,7460.43,7472.18,9418
2026-06-30T14:30:00+00:00,7472.18,7481.44,7468.92,7475.43,6801
2026-06-30T14:45:00+00:00,7475.43,7475.43,7456.42,7460.19,11249
2026-06-30T15:00:00+00:00,7460.19,7476.44,7459.67,7475.42,7066
2026-06-30T15:15:00+00:00,7475.42,7481.44,7470.92,7480.43,4861
2026-06-30T15:30:00+00:00,7480.43,7482.44,7475.18,7477.42,4208
2026-06-30T15:45:00+00:00,7477.42,7487.44,7477.42,7485.43,3004
2026-06-30T16:00:00+00:00,7485.43,7491.92,7485.17,7490.17,2881
2026-06-30T16:15:00+00:00,7490.17,7494.18,7489.42,7490.44,2837
2026-06-30T16:30:00+00:00,7490.44,7493.68,7488.67,7492.94,2638
2026-06-30T16:45:00+00:00,7492.94,7497.94,7492.17,7495.43,2613
2026-06-30T17:00:00+00:00,7495.43,7498.94,7492.94,7493.44,1600
2026-06-30T17:15:00+00:00,7493.44,7496.19,7490.67,7492.17,2344
2026-06-30T17:30:00+00:00,7492.17,7493.94,7488.44,7493.18,1980
2026-06-30T17:45:00+00:00,7493.18,7493.69,7490.17,7491.93,2075
2026-06-30T18:00:00+00:00,7491.93,7495.69,7490.42,7494.92,3259
2026-06-30T18:15:00+00:00,7494.92,7498.18,7493.92,7495.18,2760
2026-06-30T18:30:00+00:00,7495.18,7497.94,7492.94,7496.93,2236
2026-06-30T18:45:00+00:00,7496.93,7501.44,7495.67,7498.69,2690
2026-06-30T19:00:00+00:00,7498.69,7504.69,7498.17,7504.44,2241
2026-06-30T19:15:00+00:00,7504.44,7507.44,7499.93,7501.17,2930
2026-06-30T19:30:00+00:00,7501.17,7501.69,7494.17,7497.69,3830
2026-06-30T19:45:00+00:00,7497.69,7503.69,7484.39,7487.18,11282
2026-06-30T20:00:00+00:00,7487.18,7492.89,7481.87,7485.14,7274
2026-06-30T20:15:00+00:00,7485.14,7486.89,7480.87,7482.39,1609
2026-06-30T20:30:00+00:00,7482.39,7483.39,7480.37,7480.38,463
2026-06-30T20:45:00+00:00,7480.38,7482.14,7478.12,7481.74,619
2026-06-30T22:00:00+00:00,7481.74,7487.89,7480.91,7486.87,2815
2026-06-30T22:15:00+00:00,7486.87,7491.13,7486.87,7490.62,998
2026-06-30T22:30:00+00:00,7490.62,7490.62,7487.12,7487.88,756
2026-06-30T22:45:00+00:00,7487.88,7487.89,7482.13,7483.89,768
2026-06-30T23:00:00+00:00,7483.89,7486.39,7482.38,7484.24,916
2026-06-30T23:15:00+00:00,7484.24,7486.88,7483.12,7484.63,581
2026-06-30T23:30:00+00:00,7484.63,7487.38,7484.12,7485.39,751
2026-06-30T23:45:00+00:00,7485.39,7487.64,7482.39,7485.25,1405
2026-07-01T00:00:00+00:00,7485.25,7487.89,7483.74,7484.88,4127
2026-07-01T00:15:00+00:00,7484.88,7486.51,7482.5,7486.14,3203
2026-07-01T00:30:00+00:00,7486.14,7489.14,7485.87,7487.87,2568
2026-07-01T00:45:00+00:00,7487.87,7489.64,7485.37,7485.37,2518
2026-07-01T01:00:00+00:00,7485.37,7486.14,7475.13,7480.01,3918
2026-07-01T01:15:00+00:00,7480.01,7481.13,7475.12,7477.14,4773
2026-07-01T01:30:00+00:00,7477.14,7479.39,7474.62,7475.63,3624
2026-07-01T01:45:00+00:00,7475.63,7476.89,7472.37,7473.13,2999
2026-07-01T02:00:00+00:00,7473.13,7473.64,7462.49,7464.38,3811
2026-07-01T02:15:00+00:00,7464.38,7468.64,7458.12,7468.64,2795
2026-07-01T02:30:00+00:00,7468.64,7471.39,7466.62,7470.76,1460
2026-07-01T02:45:00+00:00,7470.76,7471.14,7467.62,7469.37,1721
2026-07-01T03:00:00+00:00,7469.37,7473.64,7468.88,7473.14,1612
2026-07-01T03:15:00+00:00,7473.14,7473.64,7467.37,7467.99,1936
2026-07-01T03:30:00+00:00,7467.99,7472.39,7466.88,7469.88,2569
2026-07-01T03:45:00+00:00,7469.88,7474.51,7469.63,7473.12,1242
2026-07-01T04:00:00+00:00,7473.12,7473.13,7468.37,7468.63,1772
2026-07-01T04:15:00+00:00,7468.63,7471.38,7467.62,7470.64,1419
2026-07-01T04:30:00+00:00,7470.64,7472.14,7468.12,7471.38,1570
2026-07-01T04:45:00+00:00,7471.38,7475.38,7470.12,7471,1437
2026-07-01T05:00:00+00:00,7471,7473.14,7469.13,7470.87,2053
2026-07-01T05:15:00+00:00,7470.87,7471.64,7468.13,7468.88,1734
2026-07-01T05:30:00+00:00,7468.88,7470.64,7466.88,7469.01,2088
2026-07-01T05:45:00+00:00,7469.01,7470.39,7466.39,7467.87,2060
2026-07-01T06:00:00+00:00,7467.87,7470.38,7465.12,7467.14,2659
2026-07-01T06:15:00+00:00,7467.14,7468.39,7462.37,7466.39,1877
2026-07-01T06:30:00+00:00,7466.39,7467.63,7464.89,7467.38,2032
2026-07-01T06:45:00+00:00,7467.38,7469.64,7463.38,7464.88,1423
2026-07-01T07:00:00+00:00,7464.88,7465.89,7454.62,7456,3357
2026-07-01T07:15:00+00:00,7456,7460.75,7450.88,7458.99,4095
2026-07-01T07:30:00+00:00,7458.99,7462.39,7458.13,7459.99,2093
2026-07-01T07:45:00+00:00,7459.99,7464.64,7458.65,7463.37,1832
2026-07-01T08:00:00+00:00,7463.37,7465.64,7459.62,7464.75,3981
2026-07-01T08:15:00+00:00,7464.75,7466.89,7463.12,7464.39,2805
2026-07-01T08:30:00+00:00,7464.39,7468.89,7462.62,7468.12,2702
2026-07-01T08:45:00+00:00,7468.12,7469.64,7465.38,7469.39,1749
2026-07-01T09:00:00+00:00,7469.39,7469.39,7462.62,7466.14,2374
2026-07-01T09:15:00+00:00,7466.14,7467.14,7463.62,7466.12,1713
2026-07-01T09:30:00+00:00,7466.12,7468.38,7465.13,7467.63,1387
2026-07-01T09:45:00+00:00,7467.63,7471.89,7467.62,7471.39,1592
2026-07-01T10:00:00+00:00,7471.39,7472.63,7466.62,7468.87,1630
2026-07-01T10:15:00+00:00,7468.87,7475.89,7468.87,7475.14,1503
2026-07-01T10:30:00+00:00,7475.14,7477.14,7471.63,7474.88,1489
2026-07-01T10:45:00+00:00,7474.88,7478.13,7473.87,7476.62,987
2026-07-01T11:00:00+00:00,7476.62,7480.39,7476.37,7477.87,1781
2026-07-01T11:15:00+00:00,7477.87,7479.51,7476.12,7476.62,1469
2026-07-01T11:30:00+00:00,7476.62,7476.89,7472.39,7475.87,1974
2026-07-01T11:45:00+00:00,7475.87,7476.89,7470.62,7471.38,1967
2026-07-01T12:00:00+00:00,7471.38,7474.14,7467.75,7473.13,3191
2026-07-01T12:15:00+00:00,7473.13,7478.63,7473.13,7476.38,3067
2026-07-01T12:30:00+00:00,7476.38,7479.14,7465.37,7468.64,8853
2026-07-01T12:45:00+00:00,7468.64,7472.39,7466.12,7468.99,7935
2026-07-01T13:00:00+00:00,7468.99,7475.37,7464.37,7467.62,7736
2026-07-01T13:15:00+00:00,7467.62,7479.89,7467.51,7472.64,9627
2026-07-01T13:30:00+00:00,7472.64,7474.68,7446.42,7455.55,41328
2026-07-01T13:45:00+00:00,7455.55,7477.31,7451.92,7477.05,21453
2026-07-01T14:00:00+00:00,7477.05,7492.94,7473.55,7490.43,13985
2026-07-01T14:15:00+00:00,7490.43,7494.19,7487.42,7492.18,9130
2026-07-01T14:30:00+00:00,7492.18,7494.94,7483.9,7490.42,10367
2026-07-01T14:45:00+00:00,7490.42,7494.44,7480.8,7493.94,12252
2026-07-01T15:00:00+00:00,7493.94,7505.19,7492.92,7504.93,10086
2026-07-01T15:15:00+00:00,7504.93,7518.19,7504.42,7517.92,7846
2026-07-01T15:30:00+00:00,7517.92,7518.94,7507.93,7513.17,6846
2026-07-01T15:45:00+00:00,7513.17,7514.19,7508.67,7512.94,6398
2026-07-01T16:00:00+00:00,7512.94,7516.67,7511.68,7516.17,5377
2026-07-01T16:15:00+00:00,7516.17,7519.69,7513.67,7514.93,4979
2026-07-01T16:30:00+00:00,7514.93,7517.44,7507.92,7511.18,4508
2026-07-01T16:45:00+00:00,7511.18,7513.19,7497.93,7500.19,6454
2026-07-01T17:00:00+00:00,7500.19,7504.44,7495.17,7503.19,7762
2026-07-01T17:15:00+00:00,7503.19,7509.17,7502.17,7504.43,4728
2026-07-01T17:30:00+00:00,7504.43,7506.94,7499.92,7499.93,4506
2026-07-01T17:45:00+00:00,7499.93,7502.68,7496.92,7497.17,4908
2026-07-01T18:00:00+00:00,7497.17,7501.94,7495.93,7496.19,4573
2026-07-01T18:15:00+00:00,7496.19,7500.94,7492.17,7496.68,4362
2026-07-01T18:30:00+00:00,7496.68,7499.17,7495.42,7497.17,3121
2026-07-01T18:45:00+00:00,7497.17,7497.44,7489.92,7493.92,4971
2026-07-01T19:00:00+00:00,7493.92,7502.19,7493.18,7498.92,5683
2026-07-01T19:15:00+00:00,7498.92,7501.44,7494.18,7494.18,4912
2026-07-01T19:30:00+00:00,7494.18,7497.94,7489.17,7491.18,5463
2026-07-01T19:45:00+00:00,7491.18,7492.79,7476.93,7482.44,11151
2026-07-01T20:00:00+00:00,7482.44,7483.25,7469.64,7475.62,6645
2026-07-01T20:15:00+00:00,7475.62,7476.14,7471.63,7472.62,2006
2026-07-01T20:30:00+00:00,7472.62,7473.39,7466.37,7470.89,1690
2026-07-01T20:45:00+00:00,7470.89,7474.62,7469.12,7473.49,1177
2026-07-01T22:00:00+00:00,7473.49,7479.95,7473.06,7473.06,3091
2026-07-01T22:15:00+00:00,7473.06,7479.83,7473.06,7479.18,874
2026-07-01T22:30:00+00:00,7479.18,7481.33,7478.56,7480.06,796
2026-07-01T22:45:00+00:00,7480.06,7482.33,7476.94,7481.32,880
2026-07-01T23:00:00+00:00,7481.32,7481.519999999999,7476.969999999999,7477.46,771.9084670155271
2026-07-01T23:15:00+00:00,7477.46,7478.73,7476.46,7478.469999999999,613
2026-07-01T23:30:00+00:00,7478.469999999999,7478.98,7475.48,7478.719999999999,762
2026-07-01T23:45:00+00:00,7478.719999999999,7478.73,7470.21,7475.849999999999,3494
2026-07-02T00:00:00+00:00,7475.849999999999,7475.969999999999,7463.719999999999,7470.23,8611
2026-07-02T00:15:00+00:00,7470.23,7477.98,7467.71,7477.48,6110
2026-07-02T00:30:00+00:00,7477.48,7479.73,7470.96,7471.469999999999,4481
2026-07-02T00:45:00+00:00,7471.469999999999,7482.98,7470.58,7482.219999999999,5254
2026-07-02T01:00:00+00:00,7482.219999999999,7490.73,7480.96,7490.46,3969
2026-07-02T01:15:00+00:00,7490.46,7491.73,7487.46,7490.96,3072
2026-07-02T01:30:00+00:00,7490.96,7495.98,7490.339999999999,7494.96,3304
2026-07-02T01:45:00+00:00,7494.96,7497.48,7493.21,7493.71,2786
2026-07-02T02:00:00+00:00,7493.71,7497.98,7492.46,7497.969999999999,2499
2026-07-02T02:15:00+00:00,7497.969999999999,7499.219999999999,7494.469999999999,7495.58,2217
2026-07-02T02:30:00+00:00,7495.58,7497.98,7494.21,7497.23,2263
2026-07-02T02:45:00+00:00,7497.23,7498.849999999999,7496.21,7498.23,1899
2026-07-02T03:00:00+00:00,7498.23,7498.98,7493.21,7495.21,1738
2026-07-02T03:15:00+00:00,7495.21,7495.98,7490.96,7493.21,1610
2026-07-02T03:30:00+00:00,7493.21,7498.46,7492.469999999999,7494.219999999999,3041
2026-07-02T03:45:00+00:00,7494.219999999999,7497.469999999999,7492.21,7495.719999999999,2408
2026-07-02T04:00:00+00:00,7495.719999999999,7497.23,7490.219999999999,7490.339999999999,2196
2026-07-02T04:15:00+00:00,7490.339999999999,7491.98,7487.96,7490.839999999999,2035
2026-07-02T04:30:00+00:00,7490.839999999999,7490.98,7483.21,7483.719999999999,2249
2026-07-02T04:45:00+00:00,7483.719999999999,7490.48,7482.48,7489.46,2432
2026-07-02T05:00:00+00:00,7489.46,7494.48,7487.21,7493.469999999999,2792
2026-07-02T05:15:00+00:00,7493.469999999999,7495.98,7490.46,7490.73,2340
2026-07-02T05:30:00+00:00,7490.73,7490.96,7482.719999999999,7483.98,3605
2026-07-02T05:45:00+00:00,7483.98,7485.98,7482.23,7483.73,2861
2026-07-02T06:00:00+00:00,7483.73,7485.849999999999,7474.46,7474.719999999999,3944
2026-07-02T06:15:00+00:00,7474.719999999999,7479.48,7474.21,7475.089999999999,4659
2026-07-02T06:30:00+00:00,7475.089999999999,7480.98,7474.719999999999,7476.599999999999,3025
2026-07-02T06:45:00+00:00,7476.599999999999,7476.969999999999,7467.46,7471.48,4006
2026-07-02T07:00:00+00:00,7471.48,7473.33,7461.219999999999,7462.219999999999,5457
2026-07-02T07:15:00+00:00,7462.219999999999,7466.98,7461.21,7466.21,4961
2026-07-02T07:30:00+00:00,7466.21,7477.98,7465.46,7476.98,4020
2026-07-02T07:45:00+00:00,7476.98,7477.23,7471.719999999999,7472.219999999999,3689
2026-07-02T08:00:00+00:00,7472.219999999999,7475.46,7463.469999999999,7465.48,7323
2026-07-02T08:15:00+00:00,7465.48,7478.98,7464.96,7476.969999999999,4398
2026-07-02T08:30:00+00:00,7476.969999999999,7483.98,7475.71,7480.46,4583
2026-07-02T08:45:00+00:00,7480.46,7485.98,7479.71,7483.219999999999,3164
2026-07-02T09:00:00+00:00,7483.219999999999,7483.339999999999,7475.71,7478.469999999999,3496
2026-07-02T09:15:00+00:00,7478.469999999999,7479.48,7476.21,7478.839999999999,3178
2026-07-02T09:30:00+00:00,7478.839999999999,7483.48,7478.46,7481.73,3278
2026-07-02T09:45:00+00:00,7481.73,7481.73,7477.21,7478.219999999999,2495
2026-07-02T10:00:00+00:00,7478.219999999999,7478.48,7472.96,7475.219999999999,3048
2026-07-02T10:15:00+00:00,7475.219999999999,7479.48,7474.33,7478.73,2696
2026-07-02T10:30:00+00:00,7478.73,7484.98,7478.71,7482.599999999999,2790
2026-07-02T10:45:00+00:00,7482.599999999999,7485.21,7480.21,7483.849999999999,1819
2026-07-02T11:00:00+00:00,7483.849999999999,7485.469999999999,7479.469999999999,7484.21,3369
2026-07-02T11:15:00+00:00,7484.21,7485.23,7480.21,7483.98,2445
2026-07-02T11:30:00+00:00,7483.98,7488.98,7482.71,7488.46,3091
2026-07-02T11:45:00+00:00,7488.46,7490.71,7484.46,7484.46,2995
2026-07-02T12:00:00+00:00,7484.46,7492.96,7482.21,7491.71,4277
2026-07-02T12:15:00+00:00,7491.71,7497.719999999999,7490.71,7496.75,5062
2026-07-02T12:30:00+00:00,7496.75,7517.73,7496.48,7510.969999999999,16280
2026-07-02T12:45:00+00:00,7510.969999999999,7514.73,7498.71,7502.719999999999,9650
2026-07-02T13:00:00+00:00,7502.719999999999,7506.73,7493.71,7495.469999999999,9721
2026-07-02T13:15:00+00:00,7495.469999999999,7502.719999999999,7493.71,7496.339999999999,7455
2026-07-02T13:30:00+00:00,7496.339999999999,7524.53,7492.889999999999,7519.759999999999,35512
2026-07-02T13:45:00+00:00,7519.759999999999,7535.0199999999995,7517.009999999999,7529.889999999999,19736
2026-07-02T14:00:00+00:00,7529.889999999999,7534.78,7518.7699999999995,7532.009999999999,17395
2026-07-02T14:15:00+00:00,7532.009999999999,7534.28,7497.53,7500.78,28161
2026-07-02T14:30:00+00:00,7500.78,7515.53,7485.009999999999,7490.2699999999995,36175
2026-07-02T14:45:00+00:00,7490.2699999999995,7499.0199999999995,7481.509999999999,7498.53,34744
2026-07-02T15:00:00+00:00,7498.53,7500.03,7463.5199999999995,7482.28,30972
2026-07-02T15:15:00+00:00,7482.28,7485.53,7465.259999999999,7470.28,29906
2026-07-02T15:30:00+00:00,7470.28,7488.78,7469.7699999999995,7474.5199999999995,21938
2026-07-02T15:45:00+00:00,7474.5199999999995,7479.0199999999995,7461.78,7468.009999999999,21289
2026-07-02T16:00:00+00:00,7468.009999999999,7470.53,7458.259999999999,7466.2699999999995,17599
2026-07-02T16:15:00+00:00,7466.2699999999995,7467.5199999999995,7454.889999999999,7457.0199999999995,15606
2026-07-02T16:30:00+00:00,7457.0199999999995,7457.28,7442.5,7453.5199999999995,16463
2026-07-02T16:45:00+00:00,7453.5199999999995,7454.78,7439.2699999999995,7442.7699999999995,13621
2026-07-02T17:00:00+00:00,7442.7699999999995,7444.03,7424.28,7438.629999999999,17244
2026-07-02T17:15:00+00:00,7438.629999999999,7443.03,7432.2699999999995,7436.2699999999995,12804
2026-07-02T17:30:00+00:00,7436.2699999999995,7441.78,7424.759999999999,7431.759999999999,14889
2026-07-02T17:45:00+00:00,7431.759999999999,7432.03,7420.78,7423.28,12964
2026-07-02T18:00:00+00:00,7423.28,7450.0199999999995,7421.259999999999,7443.03,14518
2026-07-02T18:15:00+00:00,7443.03,7447.78,7434.509999999999,7447.7699999999995,11617
2026-07-02T18:30:00+00:00,7447.7699999999995,7454.28,7447.0199999999995,7451.509999999999,10836
2026-07-02T18:45:00+00:00,7451.509999999999,7455.78,7446.009999999999,7450.28,11019
2026-07-02T19:00:00+00:00,7450.28,7451.78,7433.0199999999995,7440.759999999999,14562
2026-07-02T19:15:00+00:00,7440.759999999999,7446.53,7434.759999999999,7443.5199999999995,9427
2026-07-02T19:30:00+00:00,7443.5199999999995,7454.2699999999995,7441.759999999999,7453.03,9677
2026-07-02T19:45:00+00:00,7453.03,7475.03,7450.009999999999,7467.5199999999995,17680
2026-07-02T20:00:00+00:00,7467.5199999999995,7468.23,7458.96,7465.21,6477
2026-07-02T20:15:00+00:00,7465.21,7466.23,7460.96,7462.219999999999,1734
2026-07-02T20:30:00+00:00,7462.219999999999,7465.73,7460.46,7460.73,1306
2026-07-02T20:45:00+00:00,7460.73,7465.48,7460.46,7464.179999999999,1568
2026-07-02T22:00:00+00:00,7464.179999999999,7471.23,7464.179999999999,7470.71,1695
2026-07-02T22:15:00+00:00,7470.71,7473.48,7470.71,7471.08,797
2026-07-02T22:30:00+00:00,7471.08,7477.599999999999,7469.46,7477.48,1176
2026-07-02T22:45:00+00:00,7477.48,7477.98,7474.71,7477.48,812
2026-07-02T23:00:00+00:00,7477.48,7477.96,7471.46,7471.849999999999,1395
2026-07-02T23:15:00+00:00,7471.849999999999,7478.98,7471.71,7478.099999999999,1736
2026-07-02T23:30:00+00:00,7478.099999999999,7479.96,7475.21,7475.469999999999,1412
2026-07-02T23:45:00+00:00,7475.469999999999,7479.469999999999,7474.71,7478.339999999999,2992
2026-07-03T00:00:00+00:00,7478.339999999999,7482.23,7469.469999999999,7479.099999999999,8169
2026-07-03T00:15:00+00:00,7479.099999999999,7479.73,7472.21,7472.969999999999,6655
2026-07-03T00:30:00+00:00,7472.969999999999,7479.08,7469.349999999999,7473.219999999999,6994
2026-07-03T00:45:00+00:00,7473.219999999999,7475.48,7469.71,7472.089999999999,5470
2026-07-03T01:00:00+00:00,7472.089999999999,7492.21,7471.46,7489.46,7489
2026-07-03T01:15:00+00:00,7489.46,7491.96,7486.71,7489.71,4795
2026-07-03T01:30:00+00:00,7489.71,7492.98,7488.21,7491.969999999999,3961
2026-07-03T01:45:00+00:00,7491.969999999999,7492.849999999999,7489.96,7491.46,2945
2026-07-03T02:00:00+00:00,7491.46,7494.969999999999,7490.96,7491.23,2680
2026-07-03T02:15:00+00:00,7491.23,7494.969999999999,7490.96,7494.46,2096
2026-07-03T02:30:00+00:00,7494.46,7494.98,7490.46,7491.98,1850
2026-07-03T02:45:00+00:00,7491.98,7495.48,7491.98,7494.719999999999,1579
2026-07-03T03:00:00+00:00,7494.719999999999,7494.73,7491.71,7493.71,1555
2026-07-03T03:15:00+00:00,7493.71,7496.23,7493.21,7495.98,977
2026-07-03T03:30:00+00:00,7495.98,7497.48,7490.46,7490.589999999999,2235
2026-07-03T03:45:00+00:00,7490.589999999999,7496.48,7489.96,7496.219999999999,1867
2026-07-03T04:00:00+00:00,7496.219999999999,7497.23,7495.219999999999,7496.969999999999,1250
2026-07-03T04:15:00+00:00,7496.969999999999,7498.23,7496.46,7497.96,1110
2026-07-03T04:30:00+00:00,7497.96,7498.839999999999,7495.83,7498.23,1271
2026-07-03T04:45:00+00:00,7498.23,7499.23,7496.21,7496.71,1568
2026-07-03T05:00:00+00:00,7496.71,7497.73,7492.71,7494.96,2284
2026-07-03T05:15:00+00:00,7494.96,7495.339999999999,7492.469999999999,7494.71,1264
2026-07-03T05:30:00+00:00,7494.71,7497.73,7493.96,7494.21,1699
2026-07-03T05:45:00+00:00,7494.21,7496.98,7493.469999999999,7496.48,1569
2026-07-03T06:00:00+00:00,7496.48,7503.33,7495.96,7501.46,2312
2026-07-03T06:15:00+00:00,7501.46,7501.98,7497.969999999999,7500.46,1208
2026-07-03T06:30:00+00:00,7500.46,7507.23,7499.46,7505.23,1913
2026-07-03T06:45:00+00:00,7505.23,7505.48,7500.21,7500.46,963
2026-07-03T07:00:00+00:00,7500.46,7502.73,7498.71,7499.469999999999,2170
2026-07-03T07:15:00+00:00,7499.469999999999,7500.48,7497.33,7498.73,1749
2026-07-03T07:30:00+00:00,7498.73,7499.599999999999,7494.96,7495.23,1291
2026-07-03T07:45:00+00:00,7495.23,7496.48,7493.71,7493.969999999999,1215
2026-07-03T08:00:00+00:00,7493.969999999999,7495.46,7492.219999999999,7493.349999999999,1762
2026-07-03T08:15:00+00:00,7493.349999999999,7494.73,7491.48,7492.71,1728
2026-07-03T08:30:00+00:00,7492.71,7494.98,7490.96,7493.96,1632
2026-07-03T08:45:00+00:00,7493.96,7494.23,7488.46,7489.469999999999,1606
2026-07-03T09:00:00+00:00,7489.469999999999,7493.23,7487.83,7492.96,1649
2026-07-03T09:15:00+00:00,7492.96,7494.23,7491.46,7492.969999999999,1656
2026-07-03T09:30:00+00:00,7492.969999999999,7495.23,7491.33,7494.219999999999,1132
2026-07-03T09:45:00+00:00,7494.219999999999,7494.969999999999,7490.21,7490.71,1463
2026-07-03T10:00:00+00:00,7490.71,7493.23,7489.099999999999,7492.71,1173
2026-07-03T10:15:00+00:00,7492.71,7494.23,7491.21,7493.23,706
2026-07-03T10:30:00+00:00,7493.23,7495.73,7492.96,7495.599999999999,1038
2026-07-03T10:45:00+00:00,7495.599999999999,7495.98,7493.469999999999,7493.96,799
2026-07-03T11:00:00+00:00,7493.96,7493.96,7490.33,7491.469999999999,1069
2026-07-03T11:15:00+00:00,7491.469999999999,7492.21,7488.719999999999,7489.96,781
2026-07-03T11:30:00+00:00,7489.96,7491.73,7488.96,7490.719999999999,1161
2026-07-03T11:45:00+00:00,7490.719999999999,7494.73,7490.46,7494.46,1029
2026-07-03T12:00:00+00:00,7494.46,7498.599999999999,7492.71,7493.469999999999,1905
2026-07-03T12:15:00+00:00,7493.469999999999,7494.099999999999,7491.089999999999,7492.98,999
2026-07-03T12:30:00+00:00,7492.98,7494.73,7492.21,7493.469999999999,1014
2026-07-03T12:45:00+00:00,7493.469999999999,7495.23,7493.46,7494.73,651
2026-07-03T13:00:00+00:00,7494.73,7496.58,7493.21,7493.71,1396
2026-07-03T13:15:00+00:00,7493.71,7497.46,7493.469999999999,7496.719999999999,1125
2026-07-03T13:30:00+00:00,7496.719999999999,7501.28,7494.509999999999,7495.009999999999,2921
2026-07-03T13:45:00+00:00,7495.009999999999,7497.03,7491.509999999999,7496.2699999999995,2254
2026-07-03T14:00:00+00:00,7496.2699999999995,7497.03,7492.22,7492.9800000000005,1826.822432910172
2026-07-03T14:15:00+00:00,7492.9800000000005,7497.740000000001,7492.72,7496.47,1528
2026-07-03T14:30:00+00:00,7496.47,7503.490000000001,7495.97,7500.490000000001,1152
2026-07-03T14:45:00+00:00,7500.490000000001,7502.990000000001,7499.72,7501.9800000000005,1341
2026-07-03T15:00:00+00:00,7501.9800000000005,7502.240000000001,7498.97,7500.22,1147
2026-07-03T15:15:00+00:00,7500.22,7502.240000000001,7496.9800000000005,7497.2300000000005,835
2026-07-03T15:30:00+00:00,7497.2300000000005,7499.990000000001,7496.22,7499.47,1107
2026-07-03T15:45:00+00:00,7499.47,7501.990000000001,7499.22,7500.72,573
2026-07-03T16:00:00+00:00,7500.72,7500.7300000000005,7498.490000000001,7498.97,344
2026-07-03T16:15:00+00:00,7498.97,7500.490000000001,7496.200000000001,7496.7300000000005,659
2026-07-03T16:30:00+00:00,7496.7300000000005,7500.72,7495.1900000000005,7500.490000000001,465
2026-07-03T16:45:00+00:00,7500.490000000001,7500.990000000001,7496.84,7498.84,522
2026-07-03T17:00:00+00:00,7498.84,7500.38,7497.84,7500.38,40.431035714080544
2026-07-03T17:15:00+00:00,7501.4800000000005,7502.4800000000005,7501.4800000000005,7502.4800000000005,13.870190410140061
2026-07-03T17:45:00+00:00,7502.4800000000005,7502.4800000000005,7501.4800000000005,7501.4800000000005,19.186096373885974
2026-07-03T18:00:00+00:00,7502.4800000000005,7502.4800000000005,7501.4800000000005,7501.4800000000005,39.69886459032908
2026-07-03T18:30:00+00:00,7502.4800000000005,7502.4800000000005,7502.4800000000005,7502.4800000000005,4.995226730310263
2026-07-03T18:45:00+00:00,7501.4800000000005,7502.4800000000005,7501.4800000000005,7502.4800000000005,82.366078531411
2026-07-03T19:00:00+00:00,7501.9800000000005,7504.08,7501.9800000000005,7504.08,47.715988074614714
2026-07-03T19:15:00+00:00,7504.08,7504.679999999999,7503.58,7503.58,53.88774575988174
2026-07-03T19:30:00+00:00,7504.08,7505.08,7501.380000000001,7501.380000000001,207.15680760510543
2026-07-03T19:45:00+00:00,7501.380000000001,7504.679999999999,7501.380000000001,7503.58,322.8838213574412
2026-07-05T22:00:00+00:00,7499.23,7513.69,7496.43,7502.2,5446
2026-07-05T22:15:00+00:00,7502.2,7507.32,7500.95,7506.43,1588
2026-07-05T22:30:00+00:00,7506.43,7511.07,7506.43,7510.57,1327
2026-07-05T22:45:00+00:00,7510.57,7512.83,7506.82,7507.57,947
2026-07-05T23:00:00+00:00,7507.57,7513.56,7505.68,7513.06,1863
2026-07-05T23:15:00+00:00,7513.06,7513.83,7509.56,7510.31,784
2026-07-05T23:30:00+00:00,7510.31,7513.56,7509.34,7510.32,634
2026-07-05T23:45:00+00:00,7510.32,7515.58,7508.82,7514.82,3123
2026-07-06T00:00:00+00:00,7514.82,7515.33,7504.56,7514.93,6455
2026-07-06T00:15:00+00:00,7514.93,7518.94,7504.31,7504.82,5938
2026-07-06T00:30:00+00:00,7504.82,7512.57,7502.06,7511.2,6346
2026-07-06T00:45:00+00:00,7511.2,7515.58,7509.33,7510.69,3789
2026-07-06T01:00:00+00:00,7510.69,7511.33,7504.93,7507.81,4421
2026-07-06T01:15:00+00:00,7507.81,7509.32,7497.58,7501.2,4999
2026-07-06T01:30:00+00:00,7501.2,7506.56,7501.06,7502.45,4870
2026-07-06T01:45:00+00:00,7502.45,7502.58,7494.82,7498.32,5051
2026-07-06T02:00:00+00:00,7498.32,7500.58,7493.06,7493.81,3829
2026-07-06T02:15:00+00:00,7493.81,7495.58,7491.33,7492.06,3884
2026-07-06T02:30:00+00:00,7492.06,7493.08,7485.83,7486.82,3522
2026-07-06T02:45:00+00:00,7486.82,7490.07,7485.31,7489.2,2601
2026-07-06T03:00:00+00:00,7489.2,7492.08,7486.43,7489.06,2666
2026-07-06T03:15:00+00:00,7489.06,7491.08,7487.57,7490.81,1839
2026-07-06T03:30:00+00:00,7490.81,7492.83,7486.58,7486.58,2623
2026-07-06T03:45:00+00:00,7486.58,7488.08,7483.06,7487.08,2703
2026-07-06T04:00:00+00:00,7487.08,7491.83,7484.68,7491.57,2311
2026-07-06T04:15:00+00:00,7491.57,7493.32,7490.56,7492.82,1623
2026-07-06T04:30:00+00:00,7492.82,7496.58,7492.06,7495.82,1822
2026-07-06T04:45:00+00:00,7495.82,7497.83,7494.32,7497.32,2017
2026-07-06T05:00:00+00:00,7497.32,7499.07,7494.31,7497.81,2380
2026-07-06T05:15:00+00:00,7497.81,7499.57,7493.56,7493.81,1958
2026-07-06T05:30:00+00:00,7493.81,7496.83,7489.83,7495.56,2593
2026-07-06T05:45:00+00:00,7495.56,7497.45,7493.06,7494.82,1880
2026-07-06T06:00:00+00:00,7494.82,7497.08,7491.31,7491.68,2177
2026-07-06T06:15:00+00:00,7491.68,7496.83,7491.32,7495.83,1521
2026-07-06T06:30:00+00:00,7495.83,7500.57,7495.06,7499.7,1749
2026-07-06T06:45:00+00:00,7499.7,7499.83,7497.45,7499.33,1044
2026-07-06T07:00:00+00:00,7499.33,7502.83,7497.31,7501.31,2539
2026-07-06T07:15:00+00:00,7501.31,7503.83,7499.57,7500.32,1532
2026-07-06T07:30:00+00:00,7500.32,7507.82,7499.56,7507.58,1415
2026-07-06T07:45:00+00:00,7507.58,7508.33,7506.07,7507.82,1099
2026-07-06T08:00:00+00:00,7507.82,7511.58,7503.57,7505.32,2582
2026-07-06T08:15:00+00:00,7505.32,7507.57,7501.31,7507.2,2246
2026-07-06T08:30:00+00:00,7507.2,7507.45,7502.82,7506.58,1680
2026-07-06T08:45:00+00:00,7506.58,7508.33,7504.83,7507.82,1439
2026-07-06T09:00:00+00:00,7507.82,7508.07,7503.69,7504.83,1656
2026-07-06T09:15:00+00:00,7504.83,7507.58,7503.81,7507.31,1595
2026-07-06T09:30:00+00:00,7507.31,7507.58,7503.83,7505.06,1269
2026-07-06T09:45:00+00:00,7505.06,7510.56,7502.31,7509.94,1838
2026-07-06T10:00:00+00:00,7509.94,7511.58,7505.33,7509.81,1530
2026-07-06T10:15:00+00:00,7509.81,7510.83,7507.31,7507.58,926
2026-07-06T10:30:00+00:00,7507.58,7510.57,7505.82,7505.82,877
2026-07-06T10:45:00+00:00,7505.82,7508.08,7504.2,7508.07,1381
2026-07-06T11:00:00+00:00,7508.07,7510.08,7503.08,7504.94,2368
2026-07-06T11:15:00+00:00,7504.94,7508.08,7504.31,7505.06,1719
2026-07-06T11:30:00+00:00,7505.06,7507.57,7504.31,7505.81,1468
2026-07-06T11:45:00+00:00,7505.81,7507.83,7501.06,7501.58,1755
2026-07-06T12:00:00+00:00,7501.58,7508.33,7500.32,7507.56,3264
2026-07-06T12:15:00+00:00,7507.56,7509.58,7501.07,7503.2,2382
2026-07-06T12:30:00+00:00,7503.2,7508.33,7501.33,7504.08,1956
2026-07-06T12:45:00+00:00,7504.08,7507.58,7503.81,7507.57,1128
2026-07-06T13:00:00+00:00,7507.57,7508.57,7499.81,7500.31,1548
2026-07-06T13:15:00+00:00,7500.31,7509.82,7496.68,7509.81,2857
2026-07-06T13:30:00+00:00,7509.81,7518.11,7497.36,7510.23,22260
2026-07-06T13:45:00+00:00,7510.23,7518.88,7505.86,7508.99,17631
2026-07-06T14:00:00+00:00,7508.99,7518.38,7503.75,7517.86,16659
2026-07-06T14:15:00+00:00,7517.86,7524.12,7513.37,7523.63,9497
2026-07-06T14:30:00+00:00,7523.63,7525.88,7515.11,7521,7644
2026-07-06T14:45:00+00:00,7521,7527.38,7518.86,7527.12,6028
2026-07-06T15:00:00+00:00,7527.12,7528.63,7522.63,7525.62,6081
2026-07-06T15:15:00+00:00,7525.62,7532.38,7520.36,7532.12,6282
2026-07-06T15:30:00+00:00,7532.12,7533.88,7527.86,7532.38,4132
2026-07-06T15:45:00+00:00,7532.38,7533.88,7530.36,7532.62,2439
2026-07-06T16:00:00+00:00,7532.62,7535.13,7530.34,7533.87,1961
2026-07-06T16:15:00+00:00,7533.87,7535.36,7529.87,7530.63,2101
2026-07-06T16:30:00+00:00,7530.63,7531.88,7528.11,7531.38,2280
2026-07-06T16:45:00+00:00,7531.38,7535.13,7527.86,7528.61,2474
2026-07-06T17:00:00+00:00,7528.61,7539.88,7528.11,7537.86,3405
2026-07-06T17:15:00+00:00,7537.86,7538.63,7530.36,7531.12,2476
2026-07-06T17:30:00+00:00,7531.12,7531.63,7520.11,7524.63,5788
2026-07-06T17:45:00+00:00,7524.63,7529.13,7522.12,7524.86,3954
2026-07-06T18:00:00+00:00,7524.86,7534.88,7524.86,7534.11,3561
2026-07-06T18:15:00+00:00,7534.11,7539.87,7534.11,7537.11,2402
2026-07-06T18:30:00+00:00,7537.11,7539.13,7533.86,7536.12,1942
2026-07-06T18:45:00+00:00,7536.12,7543.88,7535.61,7543.11,2371
2026-07-06T19:00:00+00:00,7543.11,7544.88,7540.11,7541.13,2676
2026-07-06T19:15:00+00:00,7541.13,7547.38,7540.11,7545.87,2235
2026-07-06T19:30:00+00:00,7545.87,7546.13,7540.63,7543.36,3193
2026-07-06T19:45:00+00:00,7543.36,7545.38,7532.86,7538.36,9130
2026-07-06T20:00:00+00:00,7538.36,7542.33,7536.31,7541.33,3004
2026-07-06T20:15:00+00:00,7541.33,7543.08,7539.08,7540.57,1021
2026-07-06T20:30:00+00:00,7540.57,7541.83,7539.81,7541.56,339
2026-07-06T20:45:00+00:00,7541.56,7543.06,7538.81,7541.79,495
2026-07-06T22:00:00+00:00,7541.79,7545.51,7541.79,7545.25,1244
2026-07-06T22:15:00+00:00,7545.25,7546.77,7544.25,7544.51,572
2026-07-06T22:30:00+00:00,7544.51,7546.75,7543.25,7544.75,532
2026-07-06T22:45:00+00:00,7544.75,7544.75,7538.5,7539.76,993
2026-07-06T23:00:00+00:00,7539.76,7544.02,7539.5,7541.62,765
2026-07-06T23:15:00+00:00,7541.62,7541.76,7537.51,7538.76,958
2026-07-06T23:30:00+00:00,7538.76,7539.77,7535.75,7536.02,775
2026-07-06T23:45:00+00:00,7536.02,7536.25,7530.25,7531.64,1970
2026-07-07T00:00:00+00:00,7531.64,7536.27,7529.25,7532.12,4739
2026-07-07T00:15:00+00:00,7532.12,7540.77,7531.01,7536,4630
2026-07-07T00:30:00+00:00,7536,7536.88,7529.5,7533,4194
2026-07-07T00:45:00+00:00,7533,7535.27,7530.75,7531.01,4527
2026-07-07T01:00:00+00:00,7531.01,7533.27,7529.75,7530.88,4242
2026-07-07T01:15:00+00:00,7530.88,7532.02,7526.5,7527.75,3285
2026-07-07T01:30:00+00:00,7527.75,7532.02,7525.02,7531.75,4180
2026-07-07T01:45:00+00:00,7531.75,7534.52,7528.75,7529.25,3194
2026-07-07T02:00:00+00:00,7529.25,7533.14,7528.26,7531.75,3592
2026-07-07T02:15:00+00:00,7531.75,7533.02,7528.25,7528.25,2331
2026-07-07T02:30:00+00:00,7528.25,7529.02,7525.75,7528.27,2721
2026-07-07T02:45:00+00:00,7528.27,7528.27,7524.51,7525.02,1765
2026-07-07T03:00:00+00:00,7525.02,7529.27,7524.76,7525.77,2095
2026-07-07T03:15:00+00:00,7525.77,7526.26,7520.75,7521.01,1658
2026-07-07T03:30:00+00:00,7521.01,7523.02,7519.27,7520.51,2655
2026-07-07T03:45:00+00:00,7520.51,7520.52,7516.51,7519.88,2271
2026-07-07T04:00:00+00:00,7519.88,7520.77,7517.51,7517.51,2444
2026-07-07T04:15:00+00:00,7517.51,7518.27,7515.25,7517,1657
2026-07-07T04:30:00+00:00,7517,7519.02,7513.5,7514.62,1755
2026-07-07T04:45:00+00:00,7514.62,7515.27,7512.5,7514.52,884
2026-07-07T05:00:00+00:00,7514.52,7514.52,7510.76,7511.27,893
2026-07-07T05:15:00+00:00,7511.27,7512.52,7509,7511.75,2165
2026-07-07T05:30:00+00:00,7511.75,7518.27,7511.75,7516.75,3285
2026-07-07T05:45:00+00:00,7516.75,7520.77,7514.5,7519.27,2083
2026-07-07T06:00:00+00:00,7519.27,7520.51,7512.75,7513.51,2497
2026-07-07T06:15:00+00:00,7513.51,7517.88,7513.25,7516.5,2396
2026-07-07T06:30:00+00:00,7516.5,7519.27,7514.87,7519.27,1786
2026-07-07T06:45:00+00:00,7519.27,7520.27,7516.25,7519.5,903
2026-07-07T07:00:00+00:00,7519.5,7523.52,7517.25,7522.27,3233
2026-07-07T07:15:00+00:00,7522.27,7525.77,7522.26,7525,2375
2026-07-07T07:30:00+00:00,7525,7525.27,7522.5,7522.75,1802
2026-07-07T07:45:00+00:00,7522.75,7524.02,7517.51,7518.02,1720
2026-07-07T08:00:00+00:00,7518.02,7524.5,7517,7523.63,3289
2026-07-07T08:15:00+00:00,7523.63,7527.64,7523,7527.52,2220
2026-07-07T08:30:00+00:00,7527.52,7528.77,7525.5,7527,1693
2026-07-07T08:45:00+00:00,7527,7528.27,7524,7524.77,1486
2026-07-07T09:00:00+00:00,7524.77,7528.77,7522.25,7528.25,2051
2026-07-07T09:15:00+00:00,7528.25,7529.27,7525.75,7526.26,1201
2026-07-07T09:30:00+00:00,7526.26,7528.27,7524,7527.52,2001
2026-07-07T09:45:00+00:00,7527.52,7528.75,7525.75,7527.77,1568
2026-07-07T10:00:00+00:00,7527.77,7530.27,7524.01,7525.02,2278
2026-07-07T10:15:00+00:00,7525.02,7529.27,7524.75,7527.27,1771
2026-07-07T10:30:00+00:00,7527.27,7527.27,7524.25,7524.77,1588
2026-07-07T10:45:00+00:00,7524.77,7525.52,7519,7523.27,2049
2026-07-07T11:00:00+00:00,7523.27,7524,7518,7519.77,3451
2026-07-07T11:15:00+00:00,7519.77,7524.02,7519.5,7521.51,1803
2026-07-07T11:30:00+00:00,7521.51,7521.77,7518.26,7521.01,2078
2026-07-07T11:45:00+00:00,7521.01,7525.51,7519.27,7524.77,2253
2026-07-07T12:00:00+00:00,7524.77,7531.52,7524,7529.51,3256
2026-07-07T12:15:00+00:00,7529.51,7530.02,7524.64,7529.37,3089
2026-07-07T12:30:00+00:00,7529.37,7532.77,7526.75,7531.51,2370
2026-07-07T12:45:00+00:00,7531.51,7532.02,7524.75,7526.77,2722
2026-07-07T13:00:00+00:00,7526.77,7527.51,7521.51,7526.5,3611
2026-07-07T13:15:00+00:00,7526.5,7529.02,7524.25,7526.52,4640
2026-07-07T13:30:00+00:00,7526.52,7533.57,7515.27,7525.81,25559
2026-07-07T13:45:00+00:00,7525.81,7526.56,7506.55,7512.32,24240
2026-07-07T14:00:00+00:00,7512.32,7516.07,7493.55,7494.07,25261
2026-07-07T14:15:00+00:00,7494.07,7501.07,7484.54,7490.55,25032
2026-07-07T14:30:00+00:00,7490.55,7493.57,7475.55,7481.07,22875
2026-07-07T14:45:00+00:00,7481.07,7492.42,7480.05,7488.05,18353
2026-07-07T15:00:00+00:00,7488.05,7490.32,7482.55,7483.82,14094
2026-07-07T15:15:00+00:00,7483.82,7486.81,7480.55,7486.57,13107
2026-07-07T15:30:00+00:00,7486.57,7487.57,7477.3,7487.32,10359
2026-07-07T15:45:00+00:00,7487.32,7497.07,7486.8,7496.82,9279
2026-07-07T16:00:00+00:00,7496.82,7505.07,7495.8,7503.82,8219
2026-07-07T16:15:00+00:00,7503.82,7513.32,7501.56,7511.07,8168
2026-07-07T16:30:00+00:00,7511.07,7513.56,7505.81,7512.05,6111
2026-07-07T16:45:00+00:00,7512.05,7514.57,7508.8,7513.3,4607
2026-07-07T17:00:00+00:00,7513.3,7517.07,7511.05,7511.57,5223
2026-07-07T17:15:00+00:00,7511.57,7515.32,7507.8,7512.07,6173
2026-07-07T17:30:00+00:00,7512.07,7516.32,7511.55,7514.57,4761
2026-07-07T17:45:00+00:00,7514.57,7515.3,7510.05,7515.05,4118
2026-07-07T18:00:00+00:00,7515.05,7516.3,7511.55,7513.32,4565
2026-07-07T18:15:00+00:00,7513.32,7516.32,7511.77,7513.31,3944
2026-07-07T18:30:00+00:00,7513.31,7514.07,7507.55,7510.56,5157
2026-07-07T18:45:00+00:00,7510.56,7512.07,7497.55,7498.3,11197
2026-07-07T19:00:00+00:00,7498.3,7500.32,7488.3,7490.8,11698
2026-07-07T19:15:00+00:00,7490.8,7494.05,7482.81,7490.05,11769
2026-07-07T19:30:00+00:00,7490.05,7495.81,7487.05,7488.82,10533
2026-07-07T19:45:00+00:00,7488.82,7502.82,7488.55,7499.07,12124
2026-07-07T20:00:00+00:00,7499.07,7500.27,7495.25,7498.01,5600
2026-07-07T20:15:00+00:00,7498.01,7498.52,7492.26,7496.52,1690
2026-07-07T20:30:00+00:00,7496.52,7499.02,7496,7497.77,729
2026-07-07T20:45:00+00:00,7497.77,7498.77,7496.77,7497.87,576
2026-07-07T22:00:00+00:00,7497.87,7497.87,7484.23,7492.62,4051
2026-07-07T22:15:00+00:00,7492.62,7494.5,7491.48,7493.24,823
2026-07-07T22:30:00+00:00,7493.24,7495.49,7491.73,7492.49,789
2026-07-07T22:45:00+00:00,7492.49,7495.75,7491,7494.23,853
2026-07-07T23:00:00+00:00,7494.23,7496,7491.48,7494.36,1305
2026-07-07T23:15:00+00:00,7494.36,7500,7493.74,7498.49,1112
2026-07-07T23:30:00+00:00,7498.49,7499.75,7490.73,7491.23,1154
2026-07-07T23:45:00+00:00,7491.23,7493.5,7484.73,7485.86,3214
2026-07-08T00:00:00+00:00,7485.86,7496.25,7480.24,7494.62,8866
2026-07-08T00:15:00+00:00,7494.62,7502.85,7492.23,7499.49,7695
2026-07-08T00:30:00+00:00,7499.49,7506.48,7494.98,7505.99,5379
2026-07-08T00:45:00+00:00,7505.99,7508.75,7504.25,7508.35,4344
2026-07-08T01:00:00+00:00,7508.35,7510,7503.49,7509.25,4365
2026-07-08T01:15:00+00:00,7509.25,7509.75,7502.48,7503.5,3513
2026-07-08T01:30:00+00:00,7503.5,7505,7497.5,7500.99,4852
2026-07-08T01:45:00+00:00,7500.99,7505,7498.73,7499.86,4210
2026-07-08T02:00:00+00:00,7499.86,7500.75,7494.25,7494.75,4436
2026-07-08T02:15:00+00:00,7494.75,7500,7493.48,7495.62,3402
2026-07-08T02:30:00+00:00,7495.62,7499.25,7493.23,7499.23,2873
2026-07-08T02:45:00+00:00,7499.23,7501.99,7498.48,7499.98,2655
2026-07-08T03:00:00+00:00,7499.98,7504.5,7499.98,7503.24,2276
2026-07-08T03:15:00+00:00,7503.24,7507.24,7501.73,7506.73,1546
2026-07-08T03:30:00+00:00,7506.73,7508.25,7501.98,7502.48,2213
2026-07-08T03:45:00+00:00,7502.48,7503.5,7500.73,7501.23,2018
2026-07-08T04:00:00+00:00,7501.23,7501.98,7497.73,7498.99,1892
2026-07-08T04:15:00+00:00,7498.99,7503,7497.98,7500.73,2266
2026-07-08T04:30:00+00:00,7500.73,7501.25,7495.48,7497.99,2820
2026-07-08T04:45:00+00:00,7497.99,7500,7493.98,7498.25,2829
2026-07-08T05:00:00+00:00,7498.25,7501.75,7496.48,7497.37,3205
2026-07-08T05:15:00+00:00,7497.37,7500.12,7494.1,7495,2708
2026-07-08T05:30:00+00:00,7495,7495,7489.74,7491.1,2951
2026-07-08T05:45:00+00:00,7491.1,7492.5,7485.62,7490.49,2775
2026-07-08T06:00:00+00:00,7490.49,7491.25,7486.73,7488.49,2735
2026-07-08T06:15:00+00:00,7488.49,7491.74,7485.74,7486.98,2588
2026-07-08T06:30:00+00:00,7486.98,7488.25,7480.73,7480.99,2556
2026-07-08T06:45:00+00:00,7480.99,7488.5,7479.49,7486.11,2219
2026-07-08T07:00:00+00:00,7486.11,7487.25,7478.98,7482.35,5328
2026-07-08T07:15:00+00:00,7482.35,7488.75,7479.48,7488.23,4790
2026-07-08T07:30:00+00:00,7488.23,7494.75,7486.98,7491.74,3509
2026-07-08T07:45:00+00:00,7491.74,7492.5,7487.48,7488.36,2692
2026-07-08T08:00:00+00:00,7488.36,7493.75,7483.52,7492.62,4560
2026-07-08T08:15:00+00:00,7492.62,7493.5,7443.48,7444.11,26834
2026-07-08T08:30:00+00:00,7444.11,7445.75,7424.25,7433.5,18591
2026-07-08T08:45:00+00:00,7433.5,7441.25,7425.98,7427.5,11774
2026-07-08T09:00:00+00:00,7427.5,7430.25,7415.25,7415.73,9333
2026-07-08T09:15:00+00:00,7415.73,7424.5,7415.6,7421.62,7759
2026-07-08T09:30:00+00:00,7421.62,7430.74,7420.24,7426.24,6322
2026-07-08T09:45:00+00:00,7426.24,7427,7419.98,7421.48,5053
2026-07-08T10:00:00+00:00,7421.48,7425,7415.74,7420.12,5841
2026-07-08T10:15:00+00:00,7420.12,7428.25,7417.23,7427.73,4979
2026-07-08T10:30:00+00:00,7427.73,7435.5,7423.98,7434.73,4999
2026-07-08T10:45:00+00:00,7434.73,7437.1,7431.48,7432.61,3527
2026-07-08T11:00:00+00:00,7432.61,7435.75,7427.98,7431.85,4728
2026-07-08T11:15:00+00:00,7431.85,7433.75,7426.48,7429.73,3233
2026-07-08T11:30:00+00:00,7429.73,7453.24,7427.48,7444.61,8146
2026-07-08T11:45:00+00:00,7444.61,7451.25,7440.48,7445.48,7179
2026-07-08T12:00:00+00:00,7445.48,7458.75,7439.48,7454.73,6133
2026-07-08T12:15:00+00:00,7454.73,7459.75,7451.23,7458.98,4129
2026-07-08T12:30:00+00:00,7458.98,7461.74,7454.61,7458.98,3734
2026-07-08T12:45:00+00:00,7458.98,7465.73,7451.49,7452.1,6283
2026-07-08T13:00:00+00:00,7452.1,7462.5,7451.49,7460.73,6830
2026-07-08T13:15:00+00:00,7460.73,7461.25,7450.6,7453.62,6535
2026-07-08T13:30:00+00:00,7453.62,7470.04,7448.76,7465.78,33834
2026-07-08T13:45:00+00:00,7465.78,7471.8,7454.28,7462.79,26534
2026-07-08T14:00:00+00:00,7462.79,7469.54,7452.78,7454.53,24131
2026-07-08T14:15:00+00:00,7454.53,7467.8,7448.78,7453.03,24131
2026-07-08T14:30:00+00:00,7453.03,7458.9,7441.8,7446.29,22492
2026-07-08T14:45:00+00:00,7446.29,7450.04,7431.03,7440.29,21778
2026-07-08T15:00:00+00:00,7440.29,7442.15,7431.28,7432.78,15472
2026-07-08T15:15:00+00:00,7432.78,7437.55,7417.03,7421.04,15434
2026-07-08T15:30:00+00:00,7421.04,7434.55,7416.3,7429.04,15315
2026-07-08T15:45:00+00:00,7429.04,7431.8,7421.79,7427.78,11383
2026-07-08T16:00:00+00:00,7427.78,7445.3,7427.53,7444.67,12305
2026-07-08T16:15:00+00:00,7444.67,7456.8,7441.52,7453.05,10323
2026-07-08T16:30:00+00:00,7453.05,7464.29,7446.53,7461.3,15033
2026-07-08T16:45:00+00:00,7461.3,7469.55,7457.78,7468.79,8800
2026-07-08T17:00:00+00:00,7468.79,7469.78,7461.5,7465.05,8039
2026-07-08T17:15:00+00:00,7465.05,7479.8,7464.79,7479.55,6666
2026-07-08T17:30:00+00:00,7479.55,7483.54,7470.53,7471.78,5538
2026-07-08T17:45:00+00:00,7471.78,7472.05,7461.53,7466.3,5859
2026-07-08T18:00:00+00:00,7466.3,7476.8,7462.28,7474.78,9410
2026-07-08T18:15:00+00:00,7474.78,7476.05,7468.53,7468.55,4967
2026-07-08T18:30:00+00:00,7468.55,7475.05,7464.53,7472.55,6221
2026-07-08T18:45:00+00:00,7472.55,7477.28,7469.78,7475.3,5269
2026-07-08T19:00:00+00:00,7475.3,7479.28,7469.65,7470.54,5721
2026-07-08T19:15:00+00:00,7470.54,7475.55,7468.78,7473.78,4793
2026-07-08T19:30:00+00:00,7473.78,7475.3,7469.92,7474.79,5884
2026-07-08T19:45:00+00:00,7474.79,7483.3,7465.29,7473.55,10541
2026-07-08T20:00:00+00:00,7473.55,7476.24,7465.49,7470.73,4288
2026-07-08T20:15:00+00:00,7470.73,7471,7463.24,7464.74,1831
2026-07-08T20:30:00+00:00,7464.74,7465.74,7455,7461.5,2106
2026-07-08T20:45:00+00:00,7461.5,7465.5,7458.98,7462.59,1364
2026-07-08T22:00:00+00:00,7462.59,7470.73,7462.59,7468.25,2006
2026-07-08T22:15:00+00:00,7468.25,7470.24,7464.48,7466.87,1162
2026-07-08T22:30:00+00:00,7466.87,7470.74,7464.49,7464.73,1490
2026-07-08T22:45:00+00:00,7464.73,7467.24,7464.1,7466.6,518
2026-07-08T23:00:00+00:00,7466.6,7470.420000000001,7466.36,7469.680000000001,941.2318166345171
2026-07-08T23:15:00+00:00,7469.680000000001,7469.800000000001,7463.910000000001,7467.800000000001,1008
2026-07-08T23:30:00+00:00,7467.800000000001,7472.910000000001,7465.160000000001,7471.800000000001,1620
2026-07-08T23:45:00+00:00,7471.800000000001,7475.930000000001,7470.790000000001,7474.660000000001,3171
2026-07-09T00:00:00+00:00,7474.660000000001,7481.430000000001,7473.160000000001,7480.930000000001,5788
2026-07-09T00:15:00+00:00,7480.930000000001,7481.680000000001,7474.420000000001,7480.930000000001,4130
2026-07-09T00:30:00+00:00,7480.930000000001,7484.430000000001,7478.410000000001,7479.170000000001,3924
2026-07-09T00:45:00+00:00,7479.170000000001,7483.920000000001,7476.160000000001,7479.680000000001,3765
2026-07-09T01:00:00+00:00,7479.680000000001,7483.180000000001,7475.410000000001,7480.430000000001,4038
2026-07-09T01:15:00+00:00,7480.430000000001,7484.930000000001,7478.410000000001,7481.280000000002,3086
2026-07-09T01:30:00+00:00,7481.280000000002,7483.930000000001,7478.930000000001,7483.530000000002,3370
2026-07-09T01:45:00+00:00,7483.530000000002,7485.430000000001,7476.200000000002,7477.530000000002,3924
2026-07-09T02:00:00+00:00,7477.530000000002,7486.410000000001,7474.660000000001,7485.930000000001,4753
2026-07-09T02:15:00+00:00,7485.930000000001,7490.920000000001,7484.410000000001,7486.910000000001,3789
2026-07-09T02:30:00+00:00,7486.910000000001,7488.430000000001,7478.910000000001,7479.170000000001,3298
2026-07-09T02:45:00+00:00,7479.170000000001,7479.930000000001,7474.410000000001,7476.180000000001,3619
2026-07-09T03:00:00+00:00,7476.180000000001,7477.930000000001,7472.910000000001,7475.160000000001,3776
2026-07-09T03:15:00+00:00,7475.160000000001,7482.670000000001,7472.410000000001,7482.670000000001,3309
2026-07-09T03:30:00+00:00,7482.670000000001,7487.180000000001,7481.910000000001,7486.930000000001,3643
2026-07-09T03:45:00+00:00,7486.930000000001,7487.550000000001,7484.910000000001,7486.550000000001,2313
2026-07-09T04:00:00+00:00,7486.550000000001,7488.170000000001,7485.180000000001,7485.670000000001,1841
2026-07-09T04:15:00+00:00,7485.670000000001,7488.180000000001,7482.660000000001,7483.800000000001,2035
2026-07-09T04:30:00+00:00,7483.800000000001,7491.430000000001,7483.800000000001,7491.030000000002,2469
2026-07-09T04:45:00+00:00,7491.030000000002,7494.660000000001,7489.300000000001,7493.410000000001,1960
2026-07-09T05:00:00+00:00,7493.410000000001,7501.550000000001,7488.170000000001,7496.670000000001,4166
2026-07-09T05:15:00+00:00,7496.670000000001,7497.910000000001,7488.170000000001,7488.930000000001,3215
2026-07-09T05:30:00+00:00,7488.930000000001,7492.430000000001,7483.410000000001,7492.420000000001,3490
2026-07-09T05:45:00+00:00,7492.420000000001,7500.180000000001,7491.660000000001,7499.910000000001,2531
2026-07-09T06:00:00+00:00,7499.910000000001,7501.160000000001,7494.430000000001,7497.670000000001,3270
2026-07-09T06:15:00+00:00,7497.670000000001,7500.930000000001,7497.170000000001,7499.160000000001,2058
2026-07-09T06:30:00+00:00,7499.160000000001,7499.930000000001,7495.660000000001,7499.430000000001,2722
2026-07-09T06:45:00+00:00,7499.430000000001,7499.430000000001,7495.660000000001,7497.180000000001,1114
2026-07-09T07:00:00+00:00,7497.180000000001,7500.930000000001,7495.660000000001,7500.680000000001,3761
2026-07-09T07:15:00+00:00,7500.680000000001,7501.680000000001,7496.910000000001,7499.180000000001,2294
2026-07-09T07:30:00+00:00,7499.180000000001,7504.170000000001,7496.910000000001,7503.920000000001,1906
2026-07-09T07:45:00+00:00,7503.920000000001,7505.180000000001,7498.660000000001,7500.930000000001,2044
2026-07-09T08:00:00+00:00,7500.930000000001,7505.430000000001,7498.910000000001,7500.420000000001,3525
2026-07-09T08:15:00+00:00,7500.420000000001,7504.660000000001,7497.660000000001,7500.800000000001,2649
2026-07-09T08:30:00+00:00,7500.800000000001,7501.430000000001,7493.160000000001,7494.800000000001,3021
2026-07-09T08:45:00+00:00,7494.800000000001,7495.430000000001,7489.420000000001,7493.170000000001,2566
2026-07-09T09:00:00+00:00,7493.170000000001,7494.170000000001,7488.670000000001,7490.180000000001,2397
2026-07-09T09:15:00+00:00,7490.180000000001,7491.430000000001,7487.920000000001,7489.930000000001,2132
2026-07-09T09:30:00+00:00,7489.930000000001,7490.930000000001,7481.170000000001,7484.170000000001,3221
2026-07-09T09:45:00+00:00,7484.170000000001,7489.680000000001,7483.910000000001,7489.410000000001,2091
2026-07-09T10:00:00+00:00,7489.410000000001,7490.420000000001,7486.920000000001,7489.180000000001,2007
2026-07-09T10:15:00+00:00,7489.180000000001,7491.550000000001,7486.420000000001,7487.930000000001,1587
2026-07-09T10:30:00+00:00,7487.930000000001,7488.930000000001,7484.160000000001,7487.420000000001,1895
2026-07-09T10:45:00+00:00,7487.420000000001,7488.430000000001,7474.280000000002,7481.920000000001,4944
2026-07-09T11:00:00+00:00,7481.920000000001,7486.420000000001,7478.670000000001,7484.920000000001,3692
2026-07-09T11:15:00+00:00,7484.920000000001,7487.430000000001,7482.040000000001,7485.920000000001,3151
2026-07-09T11:30:00+00:00,7485.920000000001,7489.430000000001,7483.660000000001,7488.410000000001,2893
2026-07-09T11:45:00+00:00,7488.410000000001,7493.930000000001,7487.660000000001,7490.910000000001,3513
2026-07-09T12:00:00+00:00,7490.910000000001,7497.430000000001,7489.670000000001,7493.910000000001,4285
2026-07-09T12:15:00+00:00,7493.910000000001,7498.180000000001,7492.420000000001,7498.040000000001,3242
2026-07-09T12:30:00+00:00,7498.040000000001,7501.920000000001,7494.910000000001,7495.430000000001,3812
2026-07-09T12:45:00+00:00,7495.430000000001,7495.430000000001,7490.930000000001,7492.170000000001,3021
2026-07-09T13:00:00+00:00,7492.170000000001,7496.160000000001,7491.660000000001,7494.910000000001,2142
2026-07-09T13:15:00+00:00,7494.910000000001,7497.930000000001,7492.160000000001,7494.160000000001,3235
2026-07-09T13:30:00+00:00,7494.160000000001,7506.730000000001,7477.960000000001,7505.710000000001,18597
2026-07-09T13:45:00+00:00,7505.710000000001,7513.970000000001,7498.970000000001,7508.580000000001,12062
2026-07-09T14:00:00+00:00,7508.580000000001,7511.980000000001,7493.960000000001,7496.960000000001,13180
2026-07-09T14:15:00+00:00,7496.960000000001,7503.480000000001,7477.210000000001,7500.330000000001,23533
2026-07-09T14:30:00+00:00,7500.330000000001,7506.480000000001,7492.460000000001,7500.710000000001,15339
2026-07-09T14:45:00+00:00,7500.710000000001,7511.230000000001,7494.460000000001,7509.470000000001,13052
2026-07-09T15:00:00+00:00,7509.470000000001,7518.230000000001,7508.210000000001,7514.470000000001,7581
2026-07-09T15:15:00+00:00,7514.470000000001,7522.480000000001,7512.210000000001,7520.480000000001,5522
2026-07-09T15:30:00+00:00,7520.480000000001,7525.230000000001,7517.460000000001,7523.980000000001,4432
2026-07-09T15:45:00+00:00,7523.980000000001,7525.480000000001,7520.720000000001,7521.480000000001,2813
2026-07-09T16:00:00+00:00,7521.480000000001,7528.730000000001,7521.480000000001,7528.210000000001,2373
2026-07-09T16:15:00+00:00,7528.210000000001,7531.230000000001,7526.960000000001,7529.210000000001,2091
2026-07-09T16:30:00+00:00,7529.210000000001,7531.730000000001,7525.970000000001,7529.720000000001,2364
2026-07-09T16:45:00+00:00,7529.720000000001,7530.470000000001,7525.210000000001,7527.210000000001,1692
2026-07-09T17:00:00+00:00,7527.210000000001,7536.980000000001,7526.960000000001,7534.980000000001,2353
2026-07-09T17:15:00+00:00,7534.980000000001,7540.980000000001,7534.960000000001,7540.710000000001,1929
2026-07-09T17:30:00+00:00,7540.710000000001,7541.960000000001,7537.710000000001,7539.980000000001,1652
2026-07-09T17:45:00+00:00,7539.980000000001,7542.730000000001,7535.720000000001,7538.960000000001,1386
2026-07-09T18:00:00+00:00,7538.960000000001,7540.980000000001,7537.220000000001,7539.970000000001,1752
2026-07-09T18:15:00+00:00,7539.970000000001,7541.480000000001,7534.720000000001,7536.980000000001,1930
2026-07-09T18:30:00+00:00,7536.980000000001,7538.230000000001,7532.960000000001,7535.220000000001,1770
2026-07-09T18:45:00+00:00,7535.220000000001,7535.720000000001,7530.730000000001,7532.710000000001,1583
2026-07-09T19:00:00+00:00,7532.710000000001,7532.980000000001,7528.710000000001,7530.960000000001,2347
2026-07-09T19:15:00+00:00,7530.960000000001,7535.980000000001,7530.460000000001,7532.730000000001,1940
2026-07-09T19:30:00+00:00,7532.730000000001,7536.480000000001,7530.960000000001,7535.710000000001,2205
2026-07-09T19:45:00+00:00,7535.710000000001,7538.480000000001,7530.210000000001,7538.230000000001,4728
2026-07-09T20:00:00+00:00,7538.230000000001,7539.430000000001,7533.410000000001,7538.180000000001,1745
2026-07-09T20:15:00+00:00,7538.180000000001,7539.430000000001,7533.660000000001,7534.410000000001,648
2026-07-09T20:30:00+00:00,7534.410000000001,7537.430000000001,7534.160000000001,7535.180000000001,485
2026-07-09T20:45:00+00:00,7535.180000000001,7535.550000000001,7532.160000000001,7533.770000000001,512
2026-07-09T22:00:00+00:00,7533.770000000001,7536.920000000001,7532.020000000001,7532.920000000001,1773
2026-07-09T22:15:00+00:00,7532.920000000001,7534.410000000001,7531.410000000001,7532.290000000001,794
2026-07-09T22:30:00+00:00,7532.290000000001,7533.920000000001,7531.920000000001,7533.520000000001,529
2026-07-09T22:45:00+00:00,7533.520000000001,7534.920000000001,7533.1500000000015,7534.530000000002,484
2026-07-09T23:00:00+00:00,7534.530000000002,7537.410000000001,7532.660000000001,7537.170000000001,839
2026-07-09T23:15:00+00:00,7537.170000000001,7539.420000000001,7535.910000000001,7539.160000000001,670
2026-07-09T23:30:00+00:00,7539.160000000001,7539.410000000001,7537.1500000000015,7537.540000000001,602
2026-07-09T23:45:00+00:00,7537.540000000001,7539.1500000000015,7534.420000000001,7536.4000000000015,1981
2026-07-10T00:00:00+00:00,7536.4000000000015,7537.420000000001,7528.410000000001,7531.420000000001,6470
2026-07-10T00:15:00+00:00,7531.420000000001,7532.290000000001,7525.4000000000015,7527.420000000001,2931
2026-07-10T00:30:00+00:00,7527.420000000001,7527.920000000001,7523.4000000000015,7524.9000000000015,2743
2026-07-10T00:45:00+00:00,7524.9000000000015,7528.420000000001,7522.430000000001,7528.420000000001,1688
2026-07-10T01:00:00+00:00,7528.420000000001,7529.170000000001,7523.660000000001,7525.410000000001,2565
2026-07-10T01:15:00+00:00,7525.410000000001,7527.910000000001,7524.790000000001,7527.1500000000015,2176
2026-07-10T01:30:00+00:00,7527.1500000000015,7529.420000000001,7525.4000000000015,7527.410000000001,1820
2026-07-10T01:45:00+00:00,7527.410000000001,7531.420000000001,7526.6500000000015,7527.9000000000015,1684
2026-07-10T02:00:00+00:00,7527.9000000000015,7529.9000000000015,7524.920000000001,7527.910000000001,2541
2026-07-10T02:15:00+00:00,7527.910000000001,7528.170000000001,7524.6500000000015,7527.020000000001,2338
2026-07-10T02:30:00+00:00,7527.020000000001,7530.170000000001,7525.9000000000015,7529.290000000001,1428
2026-07-10T02:45:00+00:00,7529.290000000001,7534.160000000001,7528.6500000000015,7533.910000000001,1140
2026-07-10T03:00:00+00:00,7533.910000000001,7536.280000000002,7533.160000000001,7534.6500000000015,788
2026-07-10T03:15:00+00:00,7534.6500000000015,7534.780000000002,7531.1500000000015,7531.410000000001,612
2026-07-10T03:30:00+00:00,7531.410000000001,7531.670000000001,7529.9000000000015,7530.6500000000015,1509
2026-07-10T03:45:00+00:00,7530.6500000000015,7531.660000000001,7529.410000000001,7531.1500000000015,1179
2026-07-10T04:00:00+00:00,7531.1500000000015,7532.040000000001,7530.160000000001,7531.6500000000015,1054
2026-07-10T04:15:00+00:00,7531.6500000000015,7531.670000000001,7528.4000000000015,7529.040000000001,908
2026-07-10T04:30:00+00:00,7529.040000000001,7529.410000000001,7527.6500000000015,7528.410000000001,1030
2026-07-10T04:45:00+00:00,7528.410000000001,7528.670000000001,7524.920000000001,7525.410000000001,842
2026-07-10T05:00:00+00:00,7525.410000000001,7526.160000000001,7524.1500000000015,7525.790000000001,1217
2026-07-10T05:15:00+00:00,7525.790000000001,7527.420000000001,7524.420000000001,7525.9000000000015,1205
2026-07-10T05:30:00+00:00,7525.9000000000015,7526.540000000001,7524.4000000000015,7526.410000000001,960
2026-07-10T05:45:00+00:00,7526.410000000001,7526.920000000001,7523.410000000001,7524.1500000000015,1150
2026-07-10T06:00:00+00:00,7524.1500000000015,7527.170000000001,7523.410000000001,7523.9000000000015,1689
2026-07-10T06:15:00+00:00,7523.9000000000015,7524.170000000001,7518.4000000000015,7519.4000000000015,1369
2026-07-10T06:30:00+00:00,7519.4000000000015,7524.6500000000015,7518.4000000000015,7520.660000000001,1695
2026-07-10T06:45:00+00:00,7520.660000000001,7523.040000000001,7520.410000000001,7521.670000000001,871
2026-07-10T07:00:00+00:00,7521.670000000001,7525.4000000000015,7519.6500000000015,7525.4000000000015,1829
2026-07-10T07:15:00+00:00,7525.4000000000015,7527.420000000001,7523.1500000000015,7526.530000000002,1805
2026-07-10T07:30:00+00:00,7526.530000000002,7526.670000000001,7523.4000000000015,7523.410000000001,1464
2026-07-10T07:45:00+00:00,7523.410000000001,7523.670000000001,7517.420000000001,7519.920000000001,1583
2026-07-10T08:00:00+00:00,7519.920000000001,7526.420000000001,7517.4000000000015,7526.1500000000015,2485
2026-07-10T08:15:00+00:00,7526.1500000000015,7526.920000000001,7522.270000000001,7523.160000000001,1785
2026-07-10T08:30:00+00:00,7523.160000000001,7524.160000000001,7520.6500000000015,7523.290000000001,1975
2026-07-10T08:45:00+00:00,7523.290000000001,7524.920000000001,7521.670000000001,7522.1500000000015,1310
2026-07-10T09:00:00+00:00,7522.1500000000015,7528.530000000002,7516.170000000001,7527.920000000001,2769
2026-07-10T09:15:00+00:00,7527.920000000001,7529.920000000001,7527.6500000000015,7528.660000000001,1217
2026-07-10T09:30:00+00:00,7528.660000000001,7530.170000000001,7527.270000000001,7528.4000000000015,856
2026-07-10T09:45:00+00:00,7528.4000000000015,7529.670000000001,7527.9000000000015,7528.780000000002,1081
2026-07-10T10:00:00+00:00,7528.780000000002,7533.670000000001,7528.670000000001,7532.660000000001,818
2026-07-10T10:15:00+00:00,7532.660000000001,7534.6500000000015,7529.420000000001,7533.910000000001,1107
2026-07-10T10:30:00+00:00,7533.910000000001,7538.420000000001,7533.910000000001,7538.160000000001,954
2026-07-10T10:45:00+00:00,7538.160000000001,7538.420000000001,7535.1500000000015,7538.1500000000015,1019
2026-07-10T11:00:00+00:00,7538.1500000000015,7540.040000000001,7537.1500000000015,7537.9000000000015,1204
2026-07-10T11:15:00+00:00,7537.9000000000015,7539.170000000001,7534.4000000000015,7534.6500000000015,1314
2026-07-10T11:30:00+00:00,7534.6500000000015,7534.670000000001,7528.6500000000015,7532.410000000001,2013
2026-07-10T11:45:00+00:00,7532.410000000001,7533.660000000001,7530.1500000000015,7531.1500000000015,1685
2026-07-10T12:00:00+00:00,7531.1500000000015,7543.170000000001,7524.910000000001,7536.920000000001,5303
2026-07-10T12:15:00+00:00,7536.920000000001,7538.040000000001,7533.1500000000015,7535.4000000000015,3741
2026-07-10T12:30:00+00:00,7535.4000000000015,7540.170000000001,7532.160000000001,7536.410000000001,2616
2026-07-10T12:45:00+00:00,7536.410000000001,7539.920000000001,7535.4000000000015,7535.910000000001,2119
2026-07-10T13:00:00+00:00,7535.910000000001,7538.920000000001,7534.520000000001,7538.660000000001,1596
2026-07-10T13:15:00+00:00,7538.660000000001,7541.920000000001,7537.1500000000015,7539.920000000001,1907
2026-07-10T13:30:00+00:00,7539.920000000001,7552.220000000001,7537.950000000002,7542.220000000001,13225
2026-07-10T13:45:00+00:00,7542.220000000001,7552.220000000001,7540.700000000002,7549.470000000001,10822
2026-07-10T14:00:00+00:00,7549.470000000001,7553.710000000001,7544.710000000001,7546.950000000002,9571
2026-07-10T14:15:00+00:00,7546.950000000002,7551.470000000001,7540.950000000002,7545.710000000001,10987
2026-07-10T14:30:00+00:00,7545.710000000001,7550.700000000002,7504.580000000001,7541.220000000001,33802
2026-07-10T14:45:00+00:00,7541.220000000001,7545.970000000001,7530.700000000002,7531.970000000001,14047
2026-07-10T15:00:00+00:00,7531.970000000001,7540.720000000001,7526.450000000002,7539.710000000001,13972
2026-07-10T15:15:00+00:00,7539.710000000001,7554.710000000001,7539.450000000002,7552.970000000001,9860
2026-07-10T15:30:00+00:00,7552.970000000001,7554.220000000001,7533.700000000002,7540.450000000002,10630
2026-07-10T15:45:00+00:00,7540.450000000002,7549.220000000001,7535.700000000002,7548.220000000001,8310
2026-07-10T16:00:00+00:00,7548.220000000001,7553.460000000001,7547.960000000001,7551.950000000002,5127
2026-07-10T16:15:00+00:00,7551.950000000002,7556.970000000001,7551.450000000002,7551.970000000001,3732
2026-07-10T16:30:00+00:00,7551.970000000001,7556.720000000001,7549.430000000001,7556.220000000001,2743
2026-07-10T16:45:00+00:00,7556.220000000001,7561.720000000001,7555.950000000002,7560.450000000002,3116
2026-07-10T17:00:00+00:00,7560.450000000002,7560.720000000001,7555.200000000002,7558.210000000001,2246
2026-07-10T17:15:00+00:00,7558.210000000001,7560.970000000001,7557.960000000001,7560.700000000002,1560
2026-07-10T17:30:00+00:00,7560.700000000002,7564.720000000001,7559.450000000002,7561.710000000001,2124
2026-07-10T17:45:00+00:00,7561.710000000001,7564.38,7559.87,7560.360000000001,1313.7978014106238
2026-07-10T18:00:00+00:00,7560.360000000001,7566.63,7559.860000000001,7563.63,2189
2026-07-10T18:15:00+00:00,7563.63,7567.63,7561.610000000001,7565.13,2095
2026-07-10T18:30:00+00:00,7565.13,7567.37,7564.110000000001,7566.12,1391
2026-07-10T18:45:00+00:00,7566.12,7567.88,7565.860000000001,7566.360000000001,1122
2026-07-10T19:00:00+00:00,7566.360000000001,7573.110000000001,7565.87,7572.360000000001,1866
2026-07-10T19:15:00+00:00,7572.360000000001,7573.110000000001,7569.860000000001,7570.63,1343
2026-07-10T19:30:00+00:00,7570.63,7572.88,7568.860000000001,7571.110000000001,1871
2026-07-10T19:45:00+00:00,7571.110000000001,7574.88,7565.610000000001,7568.62,4054
2026-07-10T20:00:00+00:00,7568.62,7572.33,7565.81,7570.31,1459
2026-07-10T20:15:00+00:00,7570.31,7572.99,7569.72,7572.72,635
2026-07-10T20:30:00+00:00,7572.72,7573.99,7571.97,7573.57,176
2026-07-12T22:00:00+00:00,7573.57,7573.57,7542.49,7542.73,6830
2026-07-12T22:15:00+00:00,7542.73,7547.23,7541,7545.6,2050
2026-07-12T22:30:00+00:00,7545.6,7549.74,7545.22,7548.98,1202
2026-07-12T22:45:00+00:00,7548.98,7551.24,7546.22,7550.22,665
2026-07-12T23:00:00+00:00,7550.22,7550.47,7547.49,7548.24,784
2026-07-12T23:15:00+00:00,7548.24,7548.49,7545.72,7547.22,573
2026-07-12T23:30:00+00:00,7547.22,7547.84,7545.22,7546.49,540
2026-07-12T23:45:00+00:00,7546.49,7548.97,7542.22,7548.49,2728
2026-07-13T00:00:00+00:00,7548.49,7564.74,7545.47,7562.09,7144
2026-07-13T00:15:00+00:00,7562.09,7563.99,7556.23,7557.22,4789
2026-07-13T00:30:00+00:00,7557.22,7557.74,7545.97,7550.24,4983
2026-07-13T00:45:00+00:00,7550.24,7552.49,7541.97,7546.48,5373
2026-07-13T01:00:00+00:00,7546.48,7547.24,7539.73,7542.97,5006
2026-07-13T01:15:00+00:00,7542.97,7548.73,7541.23,7543.98,4023
2026-07-13T01:30:00+00:00,7543.98,7548.23,7542.11,7543.98,4432
2026-07-13T01:45:00+00:00,7543.98,7544.24,7537.97,7541.49,4179
2026-07-13T02:00:00+00:00,7541.49,7542.73,7536.73,7538.72,3883
2026-07-13T02:15:00+00:00,7538.72,7543.74,7537.97,7542.22,3388
2026-07-13T02:30:00+00:00,7542.22,7542.49,7537.98,7539.49,2382
2026-07-13T02:45:00+00:00,7539.49,7539.99,7535.22,7535.48,1808
2026-07-13T03:00:00+00:00,7535.48,7535.98,7532.72,7533.97,2190
2026-07-13T03:15:00+00:00,7533.97,7536.11,7532.47,7535.22,1581
2026-07-13T03:30:00+00:00,7535.22,7536.24,7532.47,7533.74,2667
2026-07-13T03:45:00+00:00,7533.74,7535.49,7531.74,7532.47,1695
2026-07-13T04:00:00+00:00,7532.47,7532.74,7528.49,7529.74,2149
2026-07-13T04:15:00+00:00,7529.74,7532.73,7528.74,7529.97,1392
2026-07-13T04:30:00+00:00,7529.97,7530.74,7525.24,7526.22,919
2026-07-13T04:45:00+00:00,7526.22,7527.98,7524.97,7526.72,722
2026-07-13T05:00:00+00:00,7526.72,7533.48,7524.47,7532.99,2955
2026-07-13T05:15:00+00:00,7532.99,7533.23,7520.22,7520.86,2703
2026-07-13T05:30:00+00:00,7520.86,7528.24,7515.73,7524.73,3929
2026-07-13T05:45:00+00:00,7524.73,7527.74,7520.49,7527.47,3239
2026-07-13T06:00:00+00:00,7527.47,7530.23,7523.47,7524.48,3243
2026-07-13T06:15:00+00:00,7524.48,7532.99,7524.22,7532.84,2387
2026-07-13T06:30:00+00:00,7532.84,7533.99,7527.99,7531.97,1959
2026-07-13T06:45:00+00:00,7531.97,7533.99,7530.22,7533.49,1427
2026-07-13T07:00:00+00:00,7533.49,7540.49,7530.73,7539.99,3348
2026-07-13T07:15:00+00:00,7539.99,7540.49,7534.72,7535.99,1936
2026-07-13T07:30:00+00:00,7535.99,7538.24,7531.47,7536.36,1830
2026-07-13T07:45:00+00:00,7536.36,7538.49,7533.72,7537.22,1495
2026-07-13T08:00:00+00:00,7537.22,7545.49,7536.09,7545.36,4510
2026-07-13T08:15:00+00:00,7545.36,7547.99,7544.72,7545.1,2088
2026-07-13T08:30:00+00:00,7545.1,7546.74,7542.47,7545.74,1277
2026-07-13T08:45:00+00:00,7545.74,7548.74,7544.72,7547.85,973
2026-07-13T09:00:00+00:00,7547.85,7548.22,7544.22,7546.22,1061
2026-07-13T09:15:00+00:00,7546.22,7552.48,7545.97,7551.98,825
2026-07-13T09:30:00+00:00,7551.98,7553.24,7550.34,7551.98,960
2026-07-13T09:45:00+00:00,7551.98,7551.99,7549.47,7550.99,912
2026-07-13T10:00:00+00:00,7550.99,7551.74,7547.47,7548.49,1133
2026-07-13T10:15:00+00:00,7548.49,7550.99,7546.72,7547.23,850
2026-07-13T10:30:00+00:00,7547.23,7548.74,7546.22,7546.72,867
2026-07-13T10:45:00+00:00,7546.72,7549.24,7546.34,7547.23,983
2026-07-13T11:00:00+00:00,7547.23,7553.73,7545.72,7546.97,2413
2026-07-13T11:15:00+00:00,7546.97,7549.99,7544.47,7548.99,1582
2026-07-13T11:30:00+00:00,7548.99,7551.49,7547.22,7547.35,1630
2026-07-13T11:45:00+00:00,7547.35,7547.6,7541.47,7543.49,1545
2026-07-13T12:00:00+00:00,7543.49,7547.73,7536.72,7541.73,3879
2026-07-13T12:15:00+00:00,7541.73,7542.74,7538.47,7538.99,2310
2026-07-13T12:30:00+00:00,7538.99,7540.73,7535.22,7540.1,2048
2026-07-13T12:45:00+00:00,7540.1,7546.59,7539.97,7546.23,1703
2026-07-13T13:00:00+00:00,7546.23,7548.99,7544.47,7545.73,1554
2026-07-13T13:15:00+00:00,7545.73,7545.99,7542.22,7544.72,2115
2026-07-13T13:30:00+00:00,7544.72,7559.04,7544.02,7550.53,19677
2026-07-13T13:45:00+00:00,7550.53,7558.04,7539.52,7556.79,21549
2026-07-13T14:00:00+00:00,7556.79,7559.79,7543.01,7553.04,16203
2026-07-13T14:15:00+00:00,7553.04,7554.29,7523,7551.28,28861
2026-07-13T14:30:00+00:00,7551.28,7553.27,7532.53,7535.02,13485
2026-07-13T14:45:00+00:00,7535.02,7548.29,7530.02,7547.79,11005
2026-07-13T15:00:00+00:00,7547.79,7551.04,7539.77,7541.52,8881
2026-07-13T15:15:00+00:00,7541.52,7546.29,7539.28,7544.28,5869
2026-07-13T15:30:00+00:00,7544.28,7545.79,7537.27,7537.54,6051
2026-07-13T15:45:00+00:00,7537.54,7538.29,7531.28,7532.77,5573
2026-07-13T16:00:00+00:00,7532.77,7538.54,7529.77,7534.77,5095
2026-07-13T16:15:00+00:00,7534.77,7535.04,7519.78,7523.28,5960
2026-07-13T16:30:00+00:00,7523.28,7525.79,7509.52,7524.29,10262
2026-07-13T16:45:00+00:00,7524.29,7527.29,7513.02,7519.54,9291
2026-07-13T17:00:00+00:00,7519.54,7527.29,7518.28,7521.27,5779
2026-07-13T17:15:00+00:00,7521.27,7524.54,7516.04,7519.02,4981
2026-07-13T17:30:00+00:00,7519.02,7522.04,7515.4,7521.03,4985
2026-07-13T17:45:00+00:00,7521.03,7523.54,7512.77,7513.02,5380
2026-07-13T18:00:00+00:00,7513.02,7523.14,7512.27,7518.52,5558
2026-07-13T18:15:00+00:00,7518.52,7519.04,7511.15,7513.04,4550
2026-07-13T18:30:00+00:00,7513.04,7521.53,7510.52,7519.52,4383
2026-07-13T18:45:00+00:00,7519.52,7521.54,7515.52,7516.52,4300
2026-07-13T19:00:00+00:00,7516.52,7520.54,7511.53,7513.52,4307
2026-07-13T19:15:00+00:00,7513.52,7515.04,7501.24,7504.29,4961
2026-07-13T19:30:00+00:00,7504.29,7510.79,7500.49,7510.53,5754
2026-07-13T19:45:00+00:00,7510.53,7517.53,7506.79,7512.53,7245
2026-07-13T20:00:00+00:00,7512.53,7512.97,7506.97,7508.72,2658
2026-07-13T20:15:00+00:00,7508.72,7508.98,7496.49,7504.99,1738
2026-07-13T20:30:00+00:00,7504.99,7504.99,7502.22,7503.49,497
2026-07-13T20:45:00+00:00,7503.49,7504.74,7501.23,7503.58,610
2026-07-13T22:00:00+00:00,7503.58,7513.61,7503.58,7507.85,3254
2026-07-13T22:15:00+00:00,7507.85,7510.61,7505.48,7505.85,1005
2026-07-13T22:30:00+00:00,7505.85,7507.72,7504.84,7507.34,716
2026-07-13T22:45:00+00:00,7507.34,7509.49,7501.22,7502.24,1026
2026-07-13T23:00:00+00:00,7502.24,7502.49,7496.47,7497.97,1314
2026-07-13T23:15:00+00:00,7497.97,7501.49,7497.22,7497.73,729
2026-07-13T23:30:00+00:00,7497.73,7498.73,7492.47,7492.84,1383
2026-07-13T23:45:00+00:00,7492.84,7503.98,7491.97,7503.74,4835
2026-07-14T00:00:00+00:00,7503.74,7507.24,7490.22,7506.23,11900
2026-07-14T00:15:00+00:00,7506.23,7507.73,7490.23,7495.97,11510
2026-07-14T00:30:00+00:00,7495.97,7504.98,7491.97,7494.72,8955
2026-07-14T00:45:00+00:00,7494.72,7510.97,7494.47,7508.97,7116
2026-07-14T01:00:00+00:00,7508.97,7510.72,7504.48,7505.09,5869
2026-07-14T01:15:00+00:00,7505.09,7510.24,7504.09,7506.49,5058
2026-07-14T01:30:00+00:00,7506.49,7507.74,7497.48,7501.72,5645
2026-07-14T01:45:00+00:00,7501.72,7506.24,7496.47,7498.6,4472
2026-07-14T02:00:00+00:00,7498.6,7505.11,7496.22,7496.48,4712
2026-07-14T02:15:00+00:00,7496.48,7498.24,7489.72,7493.47,4298
2026-07-14T02:30:00+00:00,7493.47,7499.99,7489.47,7498.73,4193
2026-07-14T02:45:00+00:00,7498.73,7499.74,7489.97,7490.72,2636
2026-07-14T03:00:00+00:00,7490.72,7491.49,7484.72,7485.48,2504
2026-07-14T03:15:00+00:00,7485.48,7490.74,7481.99,7490.72,3127
2026-07-14T03:30:00+00:00,7490.72,7494.49,7485.22,7486.35,5655
2026-07-14T03:45:00+00:00,7486.35,7495.11,7485.59,7494.47,3584
2026-07-14T04:00:00+00:00,7494.47,7498.23,7488.73,7491.36,2648
2026-07-14T04:15:00+00:00,7491.36,7500.22,7489.73,7498.97,2873
2026-07-14T04:30:00+00:00,7498.97,7507.49,7498.22,7506.49,3331
2026-07-14T04:45:00+00:00,7506.49,7511.74,7505.98,7510.74,2256
2026-07-14T05:00:00+00:00,7510.74,7513.49,7508.22,7512.99,2706
2026-07-14T05:15:00+00:00,7512.99,7520.24,7511.74,7520.24,2587
2026-07-14T05:30:00+00:00,7520.24,7523.99,7517.47,7519.11,2698
2026-07-14T05:45:00+00:00,7519.11,7520.61,7517.97,7518.6,1961
2026-07-14T06:00:00+00:00,7518.6,7523.98,7517.97,7523.74,2125
2026-07-14T06:15:00+00:00,7523.74,7525.49,7516.22,7517.74,1873
2026-07-14T06:30:00+00:00,7517.74,7520.74,7513.72,7514.23,1877
2026-07-14T06:45:00+00:00,7514.23,7514.24,7509.22,7509.49,1197
2026-07-14T07:00:00+00:00,7509.49,7516.23,7505.97,7513.48,4173
2026-07-14T07:15:00+00:00,7513.48,7513.99,7507.72,7510.97,3638
2026-07-14T07:30:00+00:00,7510.97,7511.99,7505.47,7506.24,4096
2026-07-14T07:45:00+00:00,7506.24,7512.74,7502.72,7509.1,4095
2026-07-14T08:00:00+00:00,7509.1,7511.48,7502.72,7507.74,5978
2026-07-14T08:15:00+00:00,7507.74,7514.72,7507.49,7512.97,4091
2026-07-14T08:30:00+00:00,7512.97,7514.49,7508.97,7510.23,2794
2026-07-14T08:45:00+00:00,7510.23,7510.23,7503.09,7504.84,2527
2026-07-14T09:00:00+00:00,7504.84,7514.24,7501.73,7513.24,3647
2026-07-14T09:15:00+00:00,7513.24,7514.23,7504.34,7504.72,2984
2026-07-14T09:30:00+00:00,7504.72,7509.47,7504.47,7507.74,1888
2026-07-14T09:45:00+00:00,7507.74,7511.99,7507.09,7507.73,2002
2026-07-14T10:00:00+00:00,7507.73,7511.24,7506.72,7507.97,1657
2026-07-14T10:15:00+00:00,7507.97,7509.24,7505.98,7508.48,1800
2026-07-14T10:30:00+00:00,7508.48,7516.24,7504.23,7507.22,4539
2026-07-14T10:45:00+00:00,7507.22,7510.47,7503.72,7507.35,2445
2026-07-14T11:00:00+00:00,7507.35,7508.36,7494.22,7503.23,7649
2026-07-14T11:15:00+00:00,7503.23,7514.72,7502.59,7508.74,7767
2026-07-14T11:30:00+00:00,7508.74,7512.99,7503.24,7504.22,3588
2026-07-14T11:45:00+00:00,7504.22,7510.24,7503.72,7505.98,2674
2026-07-14T12:00:00+00:00,7505.98,7506.24,7494.98,7497.98,3471
2026-07-14T12:15:00+00:00,7497.98,7511.86,7495.73,7511.25,4187
2026-07-14T12:30:00+00:00,7511.25,7563.99,7509.34,7538.47,16671
2026-07-14T12:45:00+00:00,7538.47,7540.48,7525.97,7529.86,8185
2026-07-14T13:00:00+00:00,7529.86,7534.24,7527.47,7529.47,6006
2026-07-14T13:15:00+00:00,7529.47,7535.24,7521.24,7529.84,5690
2026-07-14T13:30:00+00:00,7529.84,7535.79,7514.76,7533.52,26003
2026-07-14T13:45:00+00:00,7533.52,7538.54,7526.53,7533.91,20186
2026-07-14T14:00:00+00:00,7533.91,7535.54,7518.27,7525.02,23592
2026-07-14T14:15:00+00:00,7525.02,7534.02,7507.02,7527.66,21205
2026-07-14T14:30:00+00:00,7527.66,7554.04,7525.52,7532.03,22171
2026-07-14T14:45:00+00:00,7532.03,7540.77,7525.77,7538.03,13590
2026-07-14T15:00:00+00:00,7538.03,7552.04,7533.54,7546.28,15279
2026-07-14T15:15:00+00:00,7546.28,7548.29,7537.27,7547.54,7946
2026-07-14T15:30:00+00:00,7547.54,7550.52,7528.27,7536.54,10067
2026-07-14T15:45:00+00:00,7536.54,7540.29,7526.78,7530.28,9355
2026-07-14T16:00:00+00:00,7530.28,7531.28,7520.52,7525.79,8869
2026-07-14T16:15:00+00:00,7525.79,7529.78,7520.27,7528.52,7229
2026-07-14T16:30:00+00:00,7528.52,7538.28,7526.77,7535.54,5189
2026-07-14T16:45:00+00:00,7535.54,7539.54,7530.27,7539.54,4145
2026-07-14T17:00:00+00:00,7539.54,7543.04,7536.27,7539.04,2816
2026-07-14T17:15:00+00:00,7539.04,7547.04,7535.54,7544.29,3349
2026-07-14T17:30:00+00:00,7544.29,7545.79,7539.02,7541.03,2063
2026-07-14T17:45:00+00:00,7541.03,7544.04,7538.27,7543.79,1974
2026-07-14T18:00:00+00:00,7543.79,7547.04,7540.27,7546.78,2340
2026-07-14T18:15:00+00:00,7546.78,7548.79,7543.78,7545.78,1936
2026-07-14T18:30:00+00:00,7545.78,7546.54,7537.51,7540.77,4230
2026-07-14T18:45:00+00:00,7540.77,7543.79,7539.27,7542.52,2375
2026-07-14T19:00:00+00:00,7542.52,7543.29,7537.77,7540.53,2595
2026-07-14T19:15:00+00:00,7540.53,7545.04,7538.78,7541.78,2343
2026-07-14T19:30:00+00:00,7541.78,7544.65,7537.51,7543.54,4359
2026-07-14T19:45:00+00:00,7543.54,7546.29,7539.54,7540.54,6724
2026-07-14T20:00:00+00:00,7540.54,7542.74,7537.97,7539.73,2350
2026-07-14T20:15:00+00:00,7539.73,7540.24,7535.98,7536.48,596
2026-07-14T20:30:00+00:00,7536.48,7539.74,7535.98,7539.11,360
2026-07-14T20:45:00+00:00,7539.11,7541.97,7537.22,7541.32,379
2026-07-14T22:00:00+00:00,7541.32,7542.21,7533.69,7534.82,1669
2026-07-14T22:15:00+00:00,7534.82,7542.81,7534.69,7541.2,788
2026-07-14T22:30:00+00:00,7541.2,7543.2,7540.94,7541.46,352
2026-07-14T22:45:00+00:00,7541.46,7541.83,7538.94,7539.83,465
2026-07-14T23:00:00+00:00,7539.83,7543.58,7538.44,7542.96,598
2026-07-14T23:15:00+00:00,7542.96,7550.96,7541.69,7550.45,1176
2026-07-14T23:30:00+00:00,7550.45,7553.96,7550.19,7551.96,1123
2026-07-14T23:45:00+00:00,7551.96,7555.08,7551.19,7553.45,1496
2026-07-15T00:00:00+00:00,7553.45,7555.21,7548.69,7553.96,2993
2026-07-15T00:15:00+00:00,7553.96,7555.46,7551.69,7553.19,2313
2026-07-15T00:30:00+00:00,7553.19,7553.71,7543.45,7544.81,2025
2026-07-15T00:45:00+00:00,7544.81,7554.21,7543.69,7552.71,2199
2026-07-15T01:00:00+00:00,7552.71,7553.96,7546.69,7549.31,2679
2026-07-15T01:15:00+00:00,7549.31,7554.46,7549.19,7552.45,2277
2026-07-15T01:30:00+00:00,7552.45,7554.2,7548.2,7548.46,2388
2026-07-15T01:45:00+00:00,7548.46,7555.21,7548.46,7555.08,1911
2026-07-15T02:00:00+00:00,7555.08,7556.32,7553.44,7554.46,1373
2026-07-15T02:15:00+00:00,7554.46,7556.46,7553.95,7555.44,1082
2026-07-15T02:30:00+00:00,7555.44,7557.95,7554.94,7557.44,774
2026-07-15T02:45:00+00:00,7557.44,7557.71,7553.69,7553.94,770
2026-07-15T03:00:00+00:00,7553.94,7554.69,7552.19,7553.21,857
2026-07-15T03:15:00+00:00,7553.21,7556.21,7552.94,7555.45,940
2026-07-15T03:30:00+00:00,7555.45,7557.46,7555.2,7555.69,815
2026-07-15T03:45:00+00:00,7555.69,7559.21,7555.69,7557.94,548
2026-07-15T04:00:00+00:00,7557.94,7558.46,7556.44,7557.44,635
2026-07-15T04:15:00+00:00,7557.44,7558.96,7556.94,7557.7,386
2026-07-15T04:30:00+00:00,7557.7,7558.71,7556.94,7557.71,613
2026-07-15T04:45:00+00:00,7557.71,7559.21,7557.45,7559.2,581
2026-07-15T05:00:00+00:00,7559.2,7564.19,7553.94,7555.71,3569
2026-07-15T05:15:00+00:00,7555.71,7558.71,7553.44,7554.44,1440
2026-07-15T05:30:00+00:00,7554.44,7558.96,7553.44,7556.69,1704
2026-07-15T05:45:00+00:00,7556.69,7559.96,7555.94,7559.94,1116
2026-07-15T06:00:00+00:00,7559.94,7560.46,7557.94,7558.96,1156
2026-07-15T06:15:00+00:00,7558.96,7561.21,7557.08,7560.96,924
2026-07-15T06:30:00+00:00,7560.96,7561.69,7557.19,7558.2,874
2026-07-15T06:45:00+00:00,7558.2,7559.46,7557.44,7558.44,1127
2026-07-15T07:00:00+00:00,7558.44,7559.96,7555.45,7557.96,1852
2026-07-15T07:15:00+00:00,7557.96,7558.46,7544.19,7549.7,2258
2026-07-15T07:30:00+00:00,7549.7,7553.2,7547.69,7552.82,2455
2026-07-15T07:45:00+00:00,7552.82,7557.19,7551.45,7555.21,1342
2026-07-15T08:00:00+00:00,7555.21,7555.96,7547.94,7550.95,2177
2026-07-15T08:15:00+00:00,7550.95,7553.21,7546.71,7551.95,2744
2026-07-15T08:30:00+00:00,7551.95,7555.46,7550.69,7554.96,1762
2026-07-15T08:45:00+00:00,7554.96,7558.21,7554.44,7557.46,1315
2026-07-15T09:00:00+00:00,7557.46,7561.46,7557.44,7560.46,982
2026-07-15T09:15:00+00:00,7560.46,7561.21,7558.44,7559.21,772
2026-07-15T09:30:00+00:00,7559.21,7561.2,7557.7,7560.44,917
2026-07-15T09:45:00+00:00,7560.44,7560.7,7554.46,7555.44,864
2026-07-15T10:00:00+00:00,7555.44,7557.21,7554.46,7556.7,932
2026-07-15T10:15:00+00:00,7556.7,7557.46,7547.94,7549.07,2209
2026-07-15T10:30:00+00:00,7549.07,7552.96,7548.69,7550.44,1477
2026-07-15T10:45:00+00:00,7550.44,7553.07,7550.19,7552.06,1152
2026-07-15T11:00:00+00:00,7552.06,7554.71,7550.19,7551.08,2185
2026-07-15T11:15:00+00:00,7551.08,7553.21,7550.69,7551.45,1272
2026-07-15T11:30:00+00:00,7551.45,7554.21,7548.7,7552.69,1497
2026-07-15T11:45:00+00:00,7552.69,7552.96,7549.19,7550.83,1774
2026-07-15T12:00:00+00:00,7550.83,7551.46,7545.44,7546.69,2079
2026-07-15T12:15:00+00:00,7546.69,7548.46,7543.2,7545.47,1623
2026-07-15T12:30:00+00:00,7545.47,7564.19,7544.71,7561.44,6278
2026-07-15T12:45:00+00:00,7561.44,7565.46,7558.7,7562.2,2737
2026-07-15T13:00:00+00:00,7562.2,7566.2,7557.19,7557.95,1995
2026-07-15T13:15:00+00:00,7557.95,7563.21,7556.69,7563.19,1584
2026-07-15T13:30:00+00:00,7563.19,7577.01,7562.46,7564.26,14650
2026-07-15T13:45:00+00:00,7564.26,7567.49,7552.24,7565.51,16175
2026-07-15T14:00:00+00:00,7565.51,7574.26,7565.25,7568.51,12024
2026-07-15T14:15:00+00:00,7568.51,7576.76,7553.99,7567.26,18938
2026-07-15T14:30:00+00:00,7567.26,7569.76,7548.74,7555.99,21081
2026-07-15T14:45:00+00:00,7555.99,7559.26,7548.24,7555.63,15914
2026-07-15T15:00:00+00:00,7555.63,7562.26,7550.49,7552.01,13196
2026-07-15T15:15:00+00:00,7552.01,7557.01,7542.75,7556.75,13676
2026-07-15T15:30:00+00:00,7556.75,7559.26,7551.01,7552.25,8730
2026-07-15T15:45:00+00:00,7552.25,7553.26,7543.49,7547.01,7988
2026-07-15T16:00:00+00:00,7547.01,7549.01,7531.99,7532.51,9192
2026-07-15T16:15:00+00:00,7532.51,7534.26,7524.74,7528.76,9408
2026-07-15T16:30:00+00:00,7528.76,7532.51,7522.74,7529.75,7219
2026-07-15T16:45:00+00:00,7529.75,7544.26,7527.74,7537.74,9451
2026-07-15T17:00:00+00:00,7537.74,7545.01,7536.76,7539,5123
2026-07-15T17:15:00+00:00,7539,7549.5,7538.49,7549.25,3886
2026-07-15T17:30:00+00:00,7549.25,7555.75,7549.24,7554.26,4594
2026-07-15T17:45:00+00:00,7554.26,7567,7553.5,7563.25,4445
2026-07-15T18:00:00+00:00,7563.25,7568.76,7562.74,7566.76,2805.408238185608
2026-07-15T18:15:00+00:00,7566.76,7569.49,7563.25,7567.26,2580
2026-07-15T18:30:00+00:00,7567.26,7570.26,7560.99,7561.24,2555
2026-07-15T18:45:00+00:00,7561.24,7561.51,7551.74,7552.51,6308
2026-07-15T19:00:00+00:00,7552.51,7559.51,7551.01,7558.49,4919
2026-07-15T19:15:00+00:00,7558.49,7559.26,7552.24,7557,4722
2026-07-15T19:30:00+00:00,7557,7563.26,7551.99,7561.99,7605
2026-07-15T19:45:00+00:00,7561.99,7568.5,7555.99,7567.51,6970
2026-07-15T20:00:00+00:00,7567.51,7570.06,7559.21,7565.2,2383
2026-07-15T20:15:00+00:00,7565.2,7568.46,7563.94,7567.44,630
2026-07-15T20:30:00+00:00,7567.44,7567.71,7565.44,7567.21,293
2026-07-15T20:45:00+00:00,7567.21,7568.21,7565.94,7566.79,245
2026-07-15T22:00:00+00:00,7566.79,7573.82,7565.96,7570.45,1554
2026-07-15T22:15:00+00:00,7570.45,7570.71,7567.96,7568.45,632
2026-07-15T22:30:00+00:00,7568.45,7569.44,7566.69,7567.21,679
2026-07-15T22:45:00+00:00,7567.21,7570.46,7564.96,7569.95,1073
2026-07-15T23:00:00+00:00,7569.95,7571.21,7568.95,7570.19,466
2026-07-15T23:15:00+00:00,7570.19,7571.7,7568.58,7571.2,520
2026-07-15T23:30:00+00:00,7571.2,7573.46,7570.19,7571.82,565
2026-07-15T23:45:00+00:00,7571.82,7572.46,7567.19,7567.96,1958
2026-07-16T00:00:00+00:00,7567.96,7578.46,7567.31,7578.19,5193
2026-07-16T00:15:00+00:00,7578.19,7579.21,7569.69,7570.69,3348
2026-07-16T00:30:00+00:00,7570.69,7573.46,7566.94,7566.95,3269
2026-07-16T00:45:00+00:00,7566.95,7572.07,7565.94,7568.21,3455
2026-07-16T01:00:00+00:00,7568.21,7569.7,7564.94,7566.45,4172
2026-07-16T01:15:00+00:00,7566.45,7566.95,7561.94,7562.96,2917
2026-07-16T01:30:00+00:00,7562.96,7567.2,7562.46,7563.95,3234
2026-07-16T01:45:00+00:00,7563.95,7570.46,7563.69,7566.19,2756
2026-07-16T02:00:00+00:00,7566.19,7566.46,7562.46,7564.69,2027
2026-07-16T02:15:00+00:00,7564.69,7571.95,7564.44,7571.19,2038
2026-07-16T02:30:00+00:00,7571.19,7572.46,7569.44,7570.21,1825
2026-07-16T02:45:00+00:00,7570.21,7575.21,7569.94,7574.19,1430
2026-07-16T03:00:00+00:00,7574.19,7576.46,7573.44,7575.44,1014
2026-07-16T03:15:00+00:00,7575.44,7575.46,7572.44,7573.45,1066
2026-07-16T03:30:00+00:00,7573.45,7576.71,7572.94,7574.45,2131
2026-07-16T03:45:00+00:00,7574.45,7575.96,7573.44,7575.96,1136
2026-07-16T04:00:00+00:00,7575.96,7577.96,7575.44,7577.71,1042
2026-07-16T04:15:00+00:00,7577.71,7577.81,7573.69,7574.19,802
2026-07-16T04:30:00+00:00,7574.19,7574.83,7572.21,7572.94,737
2026-07-16T04:45:00+00:00,7572.94,7574.69,7572.19,7573.44,1044
2026-07-16T05:00:00+00:00,7573.44,7578.21,7573.2,7578.21,1674
2026-07-16T05:15:00+00:00,7578.21,7581.46,7577.69,7579.19,1113
2026-07-16T05:30:00+00:00,7579.19,7583.46,7568.19,7571.71,3368
2026-07-16T05:45:00+00:00,7571.71,7572.45,7566.94,7568.69,1432
2026-07-16T06:00:00+00:00,7568.69,7576.45,7564.94,7573.45,5000
2026-07-16T06:15:00+00:00,7573.45,7575.21,7568.69,7569.69,2260
2026-07-16T06:30:00+00:00,7569.69,7569.96,7562.71,7566.94,1475
2026-07-16T06:45:00+00:00,7566.94,7570.71,7565.45,7569.95,911
2026-07-16T07:00:00+00:00,7569.95,7570.46,7561.69,7561.7,2765
2026-07-16T07:15:00+00:00,7561.7,7564.71,7559.94,7562.19,2340
2026-07-16T07:30:00+00:00,7562.19,7563.21,7557.44,7557.81,1847
2026-07-16T07:45:00+00:00,7557.81,7558.21,7551.69,7553.21,1746
2026-07-16T08:00:00+00:00,7553.21,7554.46,7545.19,7545.71,3339
2026-07-16T08:15:00+00:00,7545.71,7555.44,7545.19,7553.06,2868
2026-07-16T08:30:00+00:00,7553.06,7557.71,7551.81,7555.44,2160
2026-07-16T08:45:00+00:00,7555.44,7561.71,7555.44,7561.21,1596
2026-07-16T09:00:00+00:00,7561.21,7565.45,7561.19,7564.69,1552
2026-07-16T09:15:00+00:00,7564.69,7566.96,7561.95,7562.44,996
2026-07-16T09:30:00+00:00,7562.44,7564.46,7560.2,7560.33,1235
2026-07-16T09:45:00+00:00,7560.33,7561.94,7556.44,7556.7,2528
2026-07-16T10:00:00+00:00,7556.7,7559.45,7553.94,7557.81,1949
2026-07-16T10:15:00+00:00,7557.81,7557.96,7552.94,7556.21,1597
2026-07-16T10:30:00+00:00,7556.21,7558.71,7553.69,7555.19,1979
2026-07-16T10:45:00+00:00,7555.19,7555.96,7552.44,7554.46,1344
2026-07-16T11:00:00+00:00,7554.46,7554.81,7547.45,7552.21,2441
2026-07-16T11:15:00+00:00,7552.21,7554.96,7547.2,7551.44,2623
2026-07-16T11:30:00+00:00,7551.44,7551.71,7546.44,7548.21,2692
2026-07-16T11:45:00+00:00,7548.21,7549.7,7532.21,7548.71,6751
2026-07-16T12:00:00+00:00,7548.71,7550.46,7539.96,7542.96,2489
2026-07-16T12:15:00+00:00,7542.96,7545.96,7535.45,7538.57,3670
2026-07-16T12:30:00+00:00,7538.57,7541.06,7532.06,7534.44,5020
2026-07-16T12:45:00+00:00,7534.44,7541.31,7533.2,7538.21,2825
2026-07-16T13:00:00+00:00,7538.21,7547.71,7537.44,7547.2,3340
2026-07-16T13:15:00+00:00,7547.2,7549.46,7545.94,7548.2,2645
2026-07-16T13:30:00+00:00,7548.2,7555.75,7531.24,7533.49,19361
2026-07-16T13:45:00+00:00,7533.49,7543.01,7526.99,7539.5,21963
2026-07-16T14:00:00+00:00,7539.5,7557.01,7536.75,7554.24,15888
2026-07-16T14:15:00+00:00,7554.24,7564.75,7551.51,7564.01,11410
2026-07-16T14:30:00+00:00,7564.01,7565.25,7558.24,7564.5,8376
2026-07-16T14:45:00+00:00,7564.5,7566.51,7554.49,7562.76,9599
2026-07-16T15:00:00+00:00,7562.76,7564.76,7551.49,7554,8638
2026-07-16T15:15:00+00:00,7554,7565.26,7550.24,7558.75,8414
2026-07-16T15:30:00+00:00,7558.75,7564.76,7553.25,7557.25,7248
2026-07-16T15:45:00+00:00,7557.25,7561.75,7550.75,7556.49,6284
2026-07-16T16:00:00+00:00,7556.49,7557.01,7540.24,7540.74,7983
2026-07-16T16:15:00+00:00,7540.74,7546.01,7534.74,7540.01,9111
2026-07-16T16:30:00+00:00,7540.01,7545.99,7538.49,7540.24,6253
2026-07-16T16:45:00+00:00,7540.24,7550.76,7537.49,7549.74,6163
2026-07-16T17:00:00+00:00,7549.74,7550.26,7542.24,7542.75,4504
2026-07-16T17:15:00+00:00,7542.75,7549.01,7540.99,7547.74,4949
2026-07-16T17:30:00+00:00,7547.74,7549.01,7531.24,7534.74,6001
2026-07-16T17:45:00+00:00,7534.74,7539.51,7531.24,7534.01,4793
2026-07-16T18:00:00+00:00,7534.01,7535.51,7525.25,7527.99,7279
2026-07-16T18:15:00+00:00,7527.99,7538.01,7525.49,7530.25,6314
2026-07-16T18:30:00+00:00,7530.25,7530.26,7519.86,7525.99,5914
2026-07-16T18:45:00+00:00,7525.99,7530.26,7522.24,7522.99,4042
2026-07-16T19:00:00+00:00,7522.99,7527.76,7516.49,7518.24,5575
2026-07-16T19:15:00+00:00,7518.24,7521.01,7509.74,7512,5560
2026-07-16T19:30:00+00:00,7512,7513.01,7504.76,7506.24,6994
2026-07-16T19:45:00+00:00,7506.24,7531.25,7499.99,7529,10007
2026-07-16T20:00:00+00:00,7529,7529.33,7518.44,7518.96,4551
2026-07-16T20:15:00+00:00,7518.96,7525.21,7517.94,7520.69,1510
2026-07-16T20:30:00+00:00,7520.69,7522.08,7518.19,7520.2,879
2026-07-16T20:45:00+00:00,7520.2,7521.7,7518.69,7520.8,649
2026-07-16T22:00:00+00:00,7520.8,7527.38,7520.8,7522.86,2053
2026-07-16T22:15:00+00:00,7522.86,7523.11,7519.11,7519.61,856
2026-07-16T22:30:00+00:00,7519.61,7520.63,7517.61,7519.73,697
2026-07-16T22:45:00+00:00,7519.73,7519.88,7516.11,7518.37,877
2026-07-16T23:00:00+00:00,7518.37,7519.5,7513.86,7517.25,902
2026-07-16T23:15:00+00:00,7517.25,7517.38,7511.12,7513.38,846
2026-07-16T23:30:00+00:00,7513.38,7516.63,7509.36,7514.75,1338
2026-07-16T23:45:00+00:00,7514.75,7515.75,7511.13,7512.99,2125
2026-07-17T00:00:00+00:00,7512.99,7516.13,7504.61,7505.63,4667
2026-07-17T00:15:00+00:00,7505.63,7509.88,7501.86,7502.75,4490
2026-07-17T00:30:00+00:00,7502.75,7503.38,7498.62,7500.87,3014
2026-07-17T00:45:00+00:00,7500.87,7507.88,7500.36,7504.61,3446
2026-07-17T01:00:00+00:00,7504.61,7508.63,7497.86,7498.5,4838
2026-07-17T01:15:00+00:00,7498.5,7500.88,7496.11,7500.61,3330
2026-07-17T01:30:00+00:00,7500.61,7501.25,7490.49,7491.25,3474
2026-07-17T01:45:00+00:00,7491.25,7492.99,7487.86,7490.49,2505
2026-07-17T02:00:00+00:00,7490.49,7491.88,7486.36,7487.5,2023
2026-07-17T02:15:00+00:00,7487.5,7487.75,7482.61,7483.88,1563
2026-07-17T02:30:00+00:00,7483.88,7484.88,7480.64,7484.87,1479
2026-07-17T02:45:00+00:00,7484.87,7485.62,7478.11,7482.63,1521
2026-07-17T03:00:00+00:00,7482.63,7487.62,7480.86,7486.63,1310
2026-07-17T03:15:00+00:00,7486.63,7493.74,7486.61,7492.13,1278
2026-07-17T03:30:00+00:00,7492.13,7492.38,7480.87,7482.73,2017
2026-07-17T03:45:00+00:00,7482.73,7483.13,7476.86,7476.86,1661
2026-07-17T04:00:00+00:00,7476.86,7477.13,7470.11,7471.11,2580
2026-07-17T04:15:00+00:00,7471.11,7471.88,7465.11,7466.75,2204
2026-07-17T04:30:00+00:00,7466.75,7468.38,7460.9,7466.61,2977
2026-07-17T04:45:00+00:00,7466.61,7471.63,7466.11,7466.38,2351
2026-07-17T05:00:00+00:00,7466.38,7468.25,7463.48,7464.61,2554
2026-07-17T05:15:00+00:00,7464.61,7467.25,7462.36,7464.12,2001
2026-07-17T05:30:00+00:00,7464.12,7466.63,7455.62,7460.63,2962
2026-07-17T05:45:00+00:00,7460.63,7464.13,7457.75,7463.63,2658
2026-07-17T06:00:00+00:00,7463.63,7468.37,7461.62,7466.12,3589
2026-07-17T06:15:00+00:00,7466.12,7475.63,7465.61,7474.63,2197
2026-07-17T06:30:00+00:00,7474.63,7475.88,7466.86,7468.11,2365
2026-07-17T06:45:00+00:00,7468.11,7468.12,7461.36,7464.5,2591
2026-07-17T07:00:00+00:00,7464.5,7468.88,7462.36,7467.13,5010
2026-07-17T07:15:00+00:00,7467.13,7469.61,7462.73,7469.25,3864
2026-07-17T07:30:00+00:00,7469.25,7471.38,7465.11,7467.86,3083
2026-07-17T07:45:00+00:00,7467.86,7468.62,7463.12,7464.11,2908
2026-07-17T08:00:00+00:00,7464.11,7469.37,7458.61,7460.13,6207
2026-07-17T08:15:00+00:00,7460.13,7460.75,7447.61,7452.88,7923
2026-07-17T08:30:00+00:00,7452.88,7455,7443.63,7447.37,4734
2026-07-17T08:45:00+00:00,7447.37,7456.63,7446.36,7451.99,4154
2026-07-17T09:00:00+00:00,7451.99,7458.38,7449.11,7457.99,3854
2026-07-17T09:15:00+00:00,7457.99,7462.88,7454.37,7462.88,3213
2026-07-17T09:30:00+00:00,7462.88,7463.13,7455.61,7456.13,2629
2026-07-17T09:45:00+00:00,7456.13,7463.13,7456.12,7462.63,3426
2026-07-17T10:00:00+00:00,7462.63,7469.75,7459.38,7468.87,4291
2026-07-17T10:15:00+00:00,7468.87,7470.38,7463.61,7468.11,3008
2026-07-17T10:30:00+00:00,7468.11,7474.38,7467.86,7471.73,2035
2026-07-17T10:45:00+00:00,7471.73,7472.88,7468.86,7470.63,1914
2026-07-17T11:00:00+00:00,7470.63,7474.38,7464.61,7465.38,3105
2026-07-17T11:15:00+00:00,7465.38,7469.49,7461.87,7469.49,2743
2026-07-17T11:30:00+00:00,7469.49,7471.13,7465.63,7466.49,2481
2026-07-17T11:45:00+00:00,7466.49,7473,7464.86,7471.38,2732
2026-07-17T12:00:00+00:00,7471.38,7472,7461.86,7462.86,3328
2026-07-17T12:15:00+00:00,7462.86,7464.87,7460.11,7461.87,2643
2026-07-17T12:30:00+00:00,7461.87,7463.88,7457.61,7460.36,3099
2026-07-17T12:45:00+00:00,7460.36,7462.48,7455.11,7456.87,3047
2026-07-17T13:00:00+00:00,7456.87,7457.12,7445.36,7445.75,3306
2026-07-17T13:15:00+00:00,7445.75,7448.88,7435.86,7437.88,5539
2026-07-17T13:30:00+00:00,7437.88,7444.68,7425.66,7428.16,27133
2026-07-17T13:45:00+00:00,7428.16,7466.66,7427.41,7466.18,22694
2026-07-17T14:00:00+00:00,7466.18,7486.18,7464.91,7481.16,20589
2026-07-17T14:15:00+00:00,7481.16,7491.43,7480.03,7481.93,17108
2026-07-17T14:30:00+00:00,7481.93,7486.43,7474.41,7477.18,16320
2026-07-17T14:45:00+00:00,7477.18,7484.17,7466.91,7468.67,15462
2026-07-17T15:00:00+00:00,7468.67,7470.43,7459.16,7461.68,14393
2026-07-17T15:15:00+00:00,7461.68,7474.18,7457.42,7472.91,15050
2026-07-17T15:30:00+00:00,7472.91,7477.43,7462.66,7473.16,14971
2026-07-17T15:45:00+00:00,7473.16,7488.93,7466.91,7486.92,10951
2026-07-17T16:00:00+00:00,7486.92,7489.43,7466.17,7480.93,14334
2026-07-17T16:15:00+00:00,7480.93,7483.43,7469.17,7477.43,9499
2026-07-17T16:30:00+00:00,7477.43,7482.68,7473.38,7482.3,7773
2026-07-17T16:45:00+00:00,7482.3,7491.17,7479.66,7481.68,7739
2026-07-17T17:00:00+00:00,7481.68,7490.42,7480.41,7482.41,6897
2026-07-17T17:15:00+00:00,7482.41,7488.43,7477.91,7486.91,7417
2026-07-17T17:30:00+00:00,7486.91,7487.93,7472.91,7473.93,7660
2026-07-17T17:45:00+00:00,7473.93,7476.93,7461.41,7463.67,6857.418446813139
2026-07-17T18:00:00+00:00,7463.67,7469.43,7458.66,7459.17,8585
2026-07-17T18:15:00+00:00,7459.17,7459.93,7450.41,7454.91,8648
2026-07-17T18:30:00+00:00,7454.91,7461.43,7448.41,7450.16,8899
2026-07-17T18:45:00+00:00,7450.16,7464.68,7448.41,7461.41,8861
2026-07-17T19:00:00+00:00,7461.41,7462.67,7445.16,7445.16,8320
2026-07-17T19:15:00+00:00,7445.16,7450.68,7439.16,7449.67,10083
2026-07-17T19:30:00+00:00,7449.67,7454.18,7443.92,7452.66,13111
2026-07-17T19:45:00+00:00,7452.66,7462.16,7447.16,7449.43,17429
2026-07-17T20:00:00+00:00,7449.43,7450.37,7436.88,7441.36,8691
2026-07-17T20:15:00+00:00,7441.36,7446.38,7440.11,7445.63,1566
2026-07-17T20:30:00+00:00,7445.63,7449.13,7445.37,7448.97,1050
2026-07-19T22:00:00+00:00,7448.97,7453.58,7438.56,7440.19,7076
2026-07-19T22:15:00+00:00,7440.19,7453.08,7440.07,7443.69,3062
2026-07-19T22:30:00+00:00,7443.69,7458.83,7442.43,7457.07,2586
2026-07-19T22:45:00+00:00,7457.07,7458.58,7451.06,7452.33,1610
2026-07-19T23:00:00+00:00,7452.33,7454.82,7448.56,7451.95,1818
2026-07-19T23:15:00+00:00,7451.95,7454.82,7448.31,7449.82,1437
2026-07-19T23:30:00+00:00,7449.82,7458.58,7447.56,7458.44,1881
2026-07-19T23:45:00+00:00,7458.44,7461.69,7451.18,7460.7,4225
2026-07-20T00:00:00+00:00,7460.7,7473.82,7453.31,7471.18,6346
2026-07-20T00:15:00+00:00,7471.18,7473.58,7466.81,7467.93,4365
2026-07-20T00:30:00+00:00,7467.93,7468.45,7460.06,7460.83,4644
2026-07-20T00:45:00+00:00,7460.83,7463.07,7458.56,7459.81,4366
2026-07-20T01:00:00+00:00,7459.81,7468.08,7459.56,7460.06,5935
2026-07-20T01:15:00+00:00,7460.06,7463.83,7454.93,7455.58,5532
2026-07-20T01:30:00+00:00,7455.58,7457.33,7449.43,7451.68,5619
2026-07-20T01:45:00+00:00,7451.68,7454.7,7446.56,7451.08,4041
2026-07-20T02:00:00+00:00,7451.08,7462.95,7451.07,7456.06,4556
2026-07-20T02:15:00+00:00,7456.06,7456.58,7450.08,7452.93,3748
2026-07-20T02:30:00+00:00,7452.93,7465.57,7452.58,7463.2,4546
2026-07-20T02:45:00+00:00,7463.2,7467.2,7461.81,7462.07,3184
2026-07-20T03:00:00+00:00,7462.07,7464.31,7457.57,7460.08,2923
2026-07-20T03:15:00+00:00,7460.08,7464.08,7459.06,7460.68,3373
2026-07-20T03:30:00+00:00,7460.68,7464.45,7458.81,7464.06,3401
2026-07-20T03:45:00+00:00,7464.06,7466.81,7460.31,7462.08,2546
2026-07-20T04:00:00+00:00,7462.08,7464.06,7457.81,7458.33,2484
2026-07-20T04:15:00+00:00,7458.33,7464.83,7455.57,7464.33,2694
2026-07-20T04:30:00+00:00,7464.33,7469.83,7462.81,7468.82,3022
2026-07-20T04:45:00+00:00,7468.82,7471.58,7465.31,7465.57,2084
2026-07-20T05:00:00+00:00,7465.57,7466.7,7454.31,7459.58,3077
2026-07-20T05:15:00+00:00,7459.58,7459.58,7455.57,7456.81,3183
2026-07-20T05:30:00+00:00,7456.81,7457.08,7453.81,7453.81,3078
2026-07-20T05:45:00+00:00,7453.81,7456.08,7450.56,7452.57,2355
2026-07-20T06:00:00+00:00,7452.57,7456.07,7451.06,7451.58,3091
2026-07-20T06:15:00+00:00,7451.58,7454.56,7449.32,7451.31,2406
2026-07-20T06:30:00+00:00,7451.31,7454.82,7447.56,7452.81,2434
2026-07-20T06:45:00+00:00,7452.81,7454.06,7450.06,7453.57,2024
2026-07-20T07:00:00+00:00,7453.57,7459.08,7453.57,7456.06,4262
2026-07-20T07:15:00+00:00,7456.06,7466.32,7453.18,7466.06,4618
2026-07-20T07:30:00+00:00,7466.06,7475.81,7465.81,7473.58,5294
2026-07-20T07:45:00+00:00,7473.58,7475.08,7468.19,7472.32,3205
2026-07-20T08:00:00+00:00,7472.32,7477.08,7470.56,7476.31,4061
2026-07-20T08:15:00+00:00,7476.31,7478.08,7473.56,7474.08,2783
2026-07-20T08:30:00+00:00,7474.08,7474.83,7468.56,7469.31,2739
2026-07-20T08:45:00+00:00,7469.31,7472.32,7468.7,7470.56,2106
2026-07-20T09:00:00+00:00,7470.56,7472.18,7467.33,7469.33,2438
2026-07-20T09:15:00+00:00,7469.33,7474.7,7469.31,7473.58,2102
2026-07-20T09:30:00+00:00,7473.58,7477.31,7472.56,7477.08,2148
2026-07-20T09:45:00+00:00,7477.08,7483.83,7476.81,7478.06,2234
2026-07-20T10:00:00+00:00,7478.06,7478.82,7474.31,7474.82,1703
2026-07-20T10:15:00+00:00,7474.82,7477.32,7473.31,7476.33,1834
2026-07-20T10:30:00+00:00,7476.33,7479.08,7473.82,7476.07,2280
2026-07-20T10:45:00+00:00,7476.07,7480.58,7474.94,7478.31,1940
2026-07-20T11:00:00+00:00,7478.31,7485.83,7477.08,7483.82,2845
2026-07-20T11:15:00+00:00,7483.82,7484.7,7479.31,7480.08,1720
2026-07-20T11:30:00+00:00,7480.08,7501.83,7479.57,7495.56,10307
2026-07-20T11:45:00+00:00,7495.56,7497.31,7489.07,7492.08,4023
2026-07-20T12:00:00+00:00,7492.08,7492.56,7477.56,7482.58,7922
2026-07-20T12:15:00+00:00,7482.58,7486.57,7479.82,7486.57,2905
2026-07-20T12:30:00+00:00,7486.57,7487.58,7480.81,7481.56,2455
2026-07-20T12:45:00+00:00,7481.56,7487.07,7479.08,7483.56,2600
2026-07-20T13:00:00+00:00,7483.56,7487.83,7483.07,7483.82,2637
2026-07-20T13:15:00+00:00,7483.82,7492.58,7482.56,7490.57,2484
2026-07-20T13:30:00+00:00,7490.57,7507.87,7489.86,7506.63,11713
2026-07-20T13:45:00+00:00,7506.63,7508.37,7475.61,7476.88,13121
2026-07-20T14:00:00+00:00,7476.88,7483.75,7467.87,7470.61,14504
2026-07-20T14:15:00+00:00,7470.61,7477.63,7462.63,7476.86,13249
2026-07-20T14:30:00+00:00,7476.86,7479.36,7467.86,7469.12,13105
2026-07-20T14:45:00+00:00,7469.12,7477.87,7457.86,7461.61,13718
2026-07-20T15:00:00+00:00,7461.61,7475.25,7458.5,7468.37,12648
2026-07-20T15:15:00+00:00,7468.37,7480.13,7466.5,7479.13,8951
2026-07-20T15:30:00+00:00,7479.13,7480.63,7473.13,7480.12,7696
2026-07-20T15:45:00+00:00,7480.12,7484.63,7471.12,7480.12,7050
2026-07-20T16:00:00+00:00,7480.12,7490.38,7476.12,7488.36,5399
2026-07-20T16:15:00+00:00,7488.36,7489.13,7481.86,7485.13,4277
2026-07-20T16:30:00+00:00,7485.13,7488,7466.12,7474.48,8632
2026-07-20T16:45:00+00:00,7474.48,7482.38,7467.61,7470.11,7317
2026-07-20T17:00:00+00:00,7470.11,7472.38,7458.86,7459.11,5171
2026-07-20T17:15:00+00:00,7459.11,7464.88,7455.86,7461.38,4774
2026-07-20T17:30:00+00:00,7461.38,7465.63,7455.87,7457.63,4777
2026-07-20T17:45:00+00:00,7457.63,7468.75,7457.36,7465.62,4744
2026-07-20T18:00:00+00:00,7465.62,7472.13,7465.36,7470.61,3999
2026-07-20T18:15:00+00:00,7470.61,7474.13,7461.62,7464.86,4687
2026-07-20T18:30:00+00:00,7464.86,7464.88,7445.36,7445.36,7309
2026-07-20T18:45:00+00:00,7445.36,7452.12,7444.23,7447,6144
2026-07-20T19:00:00+00:00,7447,7451.62,7437.12,7437.12,6713
2026-07-20T19:15:00+00:00,7437.12,7448.73,7434.86,7446.87,7333
2026-07-20T19:30:00+00:00,7446.87,7453.63,7443.37,7450.37,7618
2026-07-20T19:45:00+00:00,7450.37,7452.88,7436.99,7442.11,9419
2026-07-20T20:00:00+00:00,7442.11,7449.32,7437.56,7438.32,2839
2026-07-20T20:15:00+00:00,7438.32,7438.56,7433.32,7435.57,1132
2026-07-20T20:30:00+00:00,7435.57,7439.83,7435.32,7438.33,554
2026-07-20T20:45:00+00:00,7438.33,7440.33,7437.31,7439.93,558
2026-07-20T22:00:00+00:00,7439.93,7443.08,7430.82,7433.33,2014
2026-07-20T22:15:00+00:00,7433.33,7434.83,7432.19,7433.32,840
2026-07-20T22:30:00+00:00,7433.32,7434.45,7430.57,7433.57,841
2026-07-20T22:45:00+00:00,7433.57,7434.31,7431.31,7432.83,546
2026-07-20T23:00:00+00:00,7432.83,7440.58,7432.18,7440.33,1080
2026-07-20T23:15:00+00:00,7440.33,7447.32,7440.06,7447.06,1096
2026-07-20T23:30:00+00:00,7447.06,7448.33,7445.33,7446.32,772
2026-07-20T23:45:00+00:00,7446.32,7448.07,7438.06,7442.56,3064
2026-07-21T00:00:00+00:00,7442.56,7442.56,7431.81,7435.06,8463
2026-07-21T00:15:00+00:00,7435.06,7445.83,7431.32,7443.58,6812
2026-07-21T00:30:00+00:00,7443.58,7451.56,7443.33,7449.81,4387
2026-07-21T00:45:00+00:00,7449.81,7453.2,7448.2,7449.56,2883
2026-07-21T01:00:00+00:00,7449.56,7456.08,7446.82,7455.32,3601
2026-07-21T01:15:00+00:00,7455.32,7456.83,7451.93,7453.07,3738
2026-07-21T01:30:00+00:00,7453.07,7455.58,7448.45,7449.32,2836
2026-07-21T01:45:00+00:00,7449.32,7453.33,7448.32,7450.18,2642
2026-07-21T02:00:00+00:00,7450.18,7457.08,7449.56,7450.32,2925
2026-07-21T02:15:00+00:00,7450.32,7454.81,7446.06,7451.32,2379
2026-07-21T02:30:00+00:00,7451.32,7458.95,7451.32,7458.08,1630
2026-07-21T02:45:00+00:00,7458.08,7459.33,7455.57,7459.08,1345
2026-07-21T03:00:00+00:00,7459.08,7461.82,7459.07,7461.06,773
2026-07-21T03:15:00+00:00,7461.06,7465.33,7460.83,7465.33,746
2026-07-21T03:30:00+00:00,7465.33,7468.58,7464.83,7466.82,1122
2026-07-21T03:45:00+00:00,7466.82,7470.43,7466.81,7470.2,989
2026-07-21T04:00:00+00:00,7470.2,7474.07,7470.06,7471.56,1306
2026-07-21T04:15:00+00:00,7471.56,7472.32,7470.56,7471.31,961
2026-07-21T04:30:00+00:00,7471.31,7473.58,7470.81,7472.07,985
2026-07-21T04:45:00+00:00,7472.07,7473.08,7470.57,7471.69,900
2026-07-21T05:00:00+00:00,7471.69,7472.08,7468.82,7469.32,1381
2026-07-21T05:15:00+00:00,7469.32,7474.33,7467.56,7474.06,1300
2026-07-21T05:30:00+00:00,7474.06,7479.2,7471.81,7478.57,1356
2026-07-21T05:45:00+00:00,7478.57,7480.2,7476.32,7478.31,1597
2026-07-21T06:00:00+00:00,7478.31,7480.31,7476.83,7478.58,1737
2026-07-21T06:15:00+00:00,7478.58,7480.18,7475.31,7477.08,1368
2026-07-21T06:30:00+00:00,7477.08,7484.82,7477.08,7482.68,1958
2026-07-21T06:45:00+00:00,7482.68,7483.08,7479.68,7481.31,775
2026-07-21T07:00:00+00:00,7481.31,7485.32,7478.19,7480.32,2329
2026-07-21T07:15:00+00:00,7480.32,7480.33,7473.31,7474.32,1580
2026-07-21T07:30:00+00:00,7474.32,7477.83,7471.32,7474.82,1632
2026-07-21T07:45:00+00:00,7474.82,7475.57,7471.82,7475.32,1594
2026-07-21T08:00:00+00:00,7475.32,7480.58,7473.31,7480.32,2944
2026-07-21T08:15:00+00:00,7480.32,7481.81,7478.81,7481.06,1949
2026-07-21T08:30:00+00:00,7481.06,7483.06,7479.81,7482.07,1822
2026-07-21T08:45:00+00:00,7482.07,7482.07,7478.81,7480.82,1233
2026-07-21T09:00:00+00:00,7480.82,7483.82,7480.33,7482.81,1242
2026-07-21T09:15:00+00:00,7482.81,7485.58,7480.32,7480.57,1250
2026-07-21T09:30:00+00:00,7480.57,7482.83,7478.83,7480.32,1168
2026-07-21T09:45:00+00:00,7480.32,7484.58,7479.33,7479.94,1181
2026-07-21T10:00:00+00:00,7479.94,7485.31,7478.31,7480.82,3260
2026-07-21T10:15:00+00:00,7480.82,7483.56,7480.06,7481.32,1717
2026-07-21T10:30:00+00:00,7481.32,7486.08,7478.82,7480.57,1959
2026-07-21T10:45:00+00:00,7480.57,7482.31,7477.31,7479.58,1658
2026-07-21T11:00:00+00:00,7479.58,7481.08,7473.32,7476.57,1883
2026-07-21T11:15:00+00:00,7476.57,7476.69,7470.44,7471.82,1975
2026-07-21T11:30:00+00:00,7471.82,7478.08,7471.81,7474.58,1890
2026-07-21T11:45:00+00:00,7474.58,7476.06,7471.07,7472.31,1437
2026-07-21T12:00:00+00:00,7472.31,7478.45,7470.95,7475.56,2360
2026-07-21T12:15:00+00:00,7475.56,7475.57,7468.08,7468.32,3147
2026-07-21T12:30:00+00:00,7468.32,7470.08,7463.32,7467.18,2485
2026-07-21T12:45:00+00:00,7467.18,7474.83,7467.18,7473.08,2570
2026-07-21T13:00:00+00:00,7473.08,7473.82,7469.33,7471.58,1940
2026-07-21T13:15:00+00:00,7471.58,7483.31,7471.08,7483.19,2640
2026-07-21T13:30:00+00:00,7483.19,7487.61,7463.12,7465.36,14081
2026-07-21T13:45:00+00:00,7465.36,7473.88,7462.12,7473.87,16250
2026-07-21T14:00:00+00:00,7473.87,7479.37,7469.86,7477.98,13748
2026-07-21T14:15:00+00:00,7477.98,7490.63,7468.23,7489.37,11022
2026-07-21T14:30:00+00:00,7489.37,7493.13,7478.61,7486.88,7485
2026-07-21T14:45:00+00:00,7486.88,7493.48,7484.13,7488.63,7078
2026-07-21T15:00:00+00:00,7488.63,7496.23,7479.12,7493.12,6493
2026-07-21T15:15:00+00:00,7493.12,7501.37,7492.36,7501.13,4507
2026-07-21T15:30:00+00:00,7501.13,7501.38,7495.11,7496.87,3565
2026-07-21T15:45:00+00:00,7496.87,7500.63,7495.61,7496.12,2166
2026-07-21T16:00:00+00:00,7496.12,7503.88,7495.62,7503.12,2028
2026-07-21T16:15:00+00:00,7503.12,7508.12,7502.86,7507.11,1858
2026-07-21T16:30:00+00:00,7507.11,7508.63,7505.61,7507.11,1517
2026-07-21T16:45:00+00:00,7507.11,7511.38,7505.11,7507.86,1574
2026-07-21T17:00:00+00:00,7507.86,7509.37,7506.11,7506.61,1601
2026-07-21T17:15:00+00:00,7506.61,7507.37,7503.11,7504.38,1618
2026-07-21T17:30:00+00:00,7504.38,7507.88,7502.86,7507.38,1515
2026-07-21T17:45:00+00:00,7507.38,7509.87,7505.62,7506.61,1367
2026-07-21T18:00:00+00:00,7506.61,7508.13,7501.98,7502.13,1800
2026-07-21T18:15:00+00:00,7502.13,7504.38,7501.13,7502.63,1246
2026-07-21T18:30:00+00:00,7502.63,7506.63,7499.86,7505.87,1270
2026-07-21T18:45:00+00:00,7505.87,7506.86,7502.86,7504.37,1109
2026-07-21T19:00:00+00:00,7504.37,7505.13,7501.63,7503.36,1717
2026-07-21T19:15:00+00:00,7503.36,7505.38,7502.61,7503.11,1458
2026-07-21T19:30:00+00:00,7503.11,7506.13,7501.62,7505.37,1744
2026-07-21T19:45:00+00:00,7505.37,7506.87,7500.88,7503.63,4786
2026-07-21T20:00:00+00:00,7503.63,7504.33,7498.81,7501.82,1562
2026-07-21T20:15:00+00:00,7501.82,7501.82,7498.31,7498.82,418
2026-07-21T20:30:00+00:00,7498.82,7501.06,7498.82,7499.83,195
2026-07-21T20:45:00+00:00,7499.83,7500.33,7498.07,7500.18,287
2026-07-21T22:00:00+00:00,7500.18,7502.85,7499.73,7502.72,1551
2026-07-21T22:15:00+00:00,7502.72,7503.73,7499.22,7499.99,584
2026-07-21T22:30:00+00:00,7499.99,7500.74,7498.48,7499.22,422
2026-07-21T22:45:00+00:00,7499.22,7499.24,7496.72,7498.98,569
2026-07-21T23:00:00+00:00,7498.98,7500.34,7497.98,7499.99,498
2026-07-21T23:15:00+00:00,7499.99,7502.22,7498.49,7501.23,470
2026-07-21T23:30:00+00:00,7501.23,7502.24,7497.97,7498.72,430
2026-07-21T23:45:00+00:00,7498.72,7502.24,7498.23,7501.49,1906
2026-07-22T00:00:00+00:00,7501.49,7505.23,7500.23,7503.22,5005
2026-07-22T00:15:00+00:00,7503.22,7503.99,7498.97,7500.22,3278
2026-07-22T00:30:00+00:00,7500.22,7501.24,7497.47,7498.97,3251
2026-07-22T00:45:00+00:00,7498.97,7500.61,7496.22,7500.24,2667
2026-07-22T01:00:00+00:00,7500.24,7500.99,7494.48,7496.47,2714
2026-07-22T01:15:00+00:00,7496.47,7497.49,7493.23,7494.47,2030
2026-07-22T01:30:00+00:00,7494.47,7496.74,7492.72,7496.47,2386
2026-07-22T01:45:00+00:00,7496.47,7502.73,7495.84,7499.23,2048
2026-07-22T02:00:00+00:00,7499.23,7500.24,7494.73,7497.97,2242
2026-07-22T02:15:00+00:00,7497.97,7500.97,7496.72,7499.74,2049
2026-07-22T02:30:00+00:00,7499.74,7500.24,7496.47,7499.74,2345
2026-07-22T02:45:00+00:00,7499.74,7501.47,7497.98,7499.61,1766
2026-07-22T03:00:00+00:00,7499.61,7500.85,7496.22,7496.99,1788
2026-07-22T03:15:00+00:00,7496.99,7502.74,7496.72,7502.47,1522
2026-07-22T03:30:00+00:00,7502.47,7502.99,7496.98,7497.47,2451
2026-07-22T03:45:00+00:00,7497.47,7498.99,7492.72,7493.73,2262
2026-07-22T04:00:00+00:00,7493.73,7496.86,7492.48,7495.74,1798
2026-07-22T04:15:00+00:00,7495.74,7497.74,7495.73,7496.99,1020
2026-07-22T04:30:00+00:00,7496.99,7496.99,7494.22,7496.11,1181
2026-07-22T04:45:00+00:00,7496.11,7496.74,7493.47,7496.74,1298
2026-07-22T05:00:00+00:00,7496.74,7497.24,7492.97,7493.73,1930
2026-07-22T05:15:00+00:00,7493.73,7494.74,7492.22,7492.86,2748
2026-07-22T05:30:00+00:00,7492.86,7494.74,7490.98,7491.48,2705
2026-07-22T05:45:00+00:00,7491.48,7495.24,7490.47,7494.73,2049
2026-07-22T06:00:00+00:00,7494.73,7494.99,7490.97,7492.48,2068
2026-07-22T06:15:00+00:00,7492.48,7492.48,7481.72,7482.97,1973
2026-07-22T06:30:00+00:00,7482.97,7487.74,7482.72,7483.84,1486
2026-07-22T06:45:00+00:00,7483.84,7484.49,7479.47,7480.97,1629
2026-07-22T07:00:00+00:00,7480.97,7481.73,7474.49,7481.47,3535
2026-07-22T07:15:00+00:00,7481.47,7485.11,7479.73,7483.47,2303
2026-07-22T07:30:00+00:00,7483.47,7484.48,7470.47,7475.22,3666
2026-07-22T07:45:00+00:00,7475.22,7476.97,7471.23,7474.49,2798
2026-07-22T08:00:00+00:00,7474.49,7480.99,7473.24,7474.74,4392
2026-07-22T08:15:00+00:00,7474.74,7481.99,7474.48,7481.99,3585
2026-07-22T08:30:00+00:00,7481.99,7484.74,7479.47,7480.61,2620
2026-07-22T08:45:00+00:00,7480.61,7484.49,7480.6,7483.48,2187
2026-07-22T09:00:00+00:00,7483.48,7489.99,7482.98,7486.49,1970
2026-07-22T09:15:00+00:00,7486.49,7489.49,7485.48,7485.49,1505
2026-07-22T09:30:00+00:00,7485.49,7485.74,7480.72,7483.1,2209
2026-07-22T09:45:00+00:00,7483.1,7484.73,7478.84,7484.72,1828
2026-07-22T10:00:00+00:00,7484.72,7488.97,7483.72,7483.73,1737
2026-07-22T10:15:00+00:00,7483.73,7491.23,7482.72,7489.97,3181
2026-07-22T10:30:00+00:00,7489.97,7490.85,7484.47,7484.47,2685
2026-07-22T10:45:00+00:00,7484.47,7490.24,7484.22,7488.49,1819
2026-07-22T11:00:00+00:00,7488.49,7488.59,7483.6,7483.73,2951
2026-07-22T11:15:00+00:00,7483.73,7485.47,7480.97,7481.47,1680
2026-07-22T11:30:00+00:00,7481.47,7484.74,7469.97,7474.48,3873
2026-07-22T11:45:00+00:00,7474.48,7481.49,7473.84,7475.59,3225
2026-07-22T12:00:00+00:00,7475.59,7478.49,7472.23,7477.09,2892
2026-07-22T12:15:00+00:00,7477.09,7477.48,7470.47,7474.73,2374
2026-07-22T12:30:00+00:00,7474.73,7481.48,7474.49,7480.11,3358
2026-07-22T12:45:00+00:00,7480.11,7480.24,7462.76,7472.97,4240
2026-07-22T13:00:00+00:00,7472.97,7479.47,7472.97,7477.47,2705
2026-07-22T13:15:00+00:00,7477.47,7486.99,7477.23,7486.24,2811
2026-07-22T13:30:00+00:00,7486.24,7497.03,7483.79,7495.78,9543
2026-07-22T13:45:00+00:00,7495.78,7508.29,7494.04,7508.29,8111
2026-07-22T14:00:00+00:00,7508.29,7514.54,7501.77,7503.03,6905
2026-07-22T14:15:00+00:00,7503.03,7504.54,7491.28,7493.04,8813
2026-07-22T14:30:00+00:00,7493.04,7498.28,7488.02,7488.14,8778
2026-07-22T14:45:00+00:00,7488.14,7500.79,7487.29,7500.28,7069
2026-07-22T15:00:00+00:00,7500.28,7511.02,7499.77,7509.53,4527
2026-07-22T15:15:00+00:00,7509.53,7518.03,7506.03,7515.27,4082
2026-07-22T15:30:00+00:00,7515.27,7516.04,7508.52,7510.79,3562
2026-07-22T15:45:00+00:00,7510.79,7518.52,7510.79,7518.52,2402
2026-07-22T16:00:00+00:00,7518.52,7520.03,7515.79,7518.03,2002
2026-07-22T16:15:00+00:00,7518.03,7521.29,7517.79,7519.79,2015
2026-07-22T16:30:00+00:00,7519.79,7521.04,7517.54,7518.77,1951
2026-07-22T16:45:00+00:00,7518.77,7520.77,7516.02,7519.52,1876
2026-07-22T17:00:00+00:00,7519.52,7520.78,7513.52,7514.02,2148
2026-07-22T17:15:00+00:00,7514.02,7515.29,7510.53,7511.27,2465
2026-07-22T17:30:00+00:00,7511.27,7514.54,7509.27,7512.02,1963
2026-07-22T17:45:00+00:00,7512.02,7513.02,7504.52,7506.02,2378
2026-07-22T18:00:00+00:00,7506.02,7508.04,7500.78,7501.28,2807
2026-07-22T18:15:00+00:00,7501.28,7506.29,7501.02,7505.52,2225
2026-07-22T18:30:00+00:00,7505.52,7505.66,7501.29,7503.77,1949
2026-07-22T18:45:00+00:00,7503.77,7506.79,7502.02,7505.28,1795
2026-07-22T19:00:00+00:00,7505.28,7505.54,7499.52,7500.04,2388
2026-07-22T19:15:00+00:00,7500.04,7503.02,7497.52,7501.04,2014
2026-07-22T19:30:00+00:00,7501.04,7501.04,7494.52,7499.28,3119
2026-07-22T19:45:00+00:00,7499.28,7504.29,7494.54,7494.54,5346
2026-07-22T20:00:00+00:00,7494.54,7510.86,7490.35,7510.74,12641
2026-07-22T20:15:00+00:00,7510.74,7512.11,7504.72,7506.72,4472
2026-07-22T20:30:00+00:00,7506.72,7507.49,7501.47,7502.98,2027
2026-07-22T20:45:00+00:00,7502.98,7506.98,7499.34,7499.34,2081
2026-07-22T22:00:00+00:00,7499.34,7499.34,7482.08,7484.58,3235
2026-07-22T22:15:00+00:00,7484.58,7486.32,7481.08,7481.59,1273
2026-07-22T22:30:00+00:00,7481.59,7482.32,7475.19,7476.58,1042
2026-07-22T22:45:00+00:00,7476.58,7483.59,7475.7,7481.58,973
2026-07-22T23:00:00+00:00,7481.58,7481.95,7476.32,7480.33,1312
2026-07-22T23:15:00+00:00,7480.33,7480.34,7476.57,7478.69,641
2026-07-22T23:30:00+00:00,7478.69,7482.59,7478.69,7482.34,687
2026-07-22T23:45:00+00:00,7482.34,7489.59,7481.82,7489.59,1898
2026-07-23T00:00:00+00:00,7489.59,7492.45,7486.95,7490.82,4498
2026-07-23T00:15:00+00:00,7490.82,7504.07,7489.34,7499.84,3277
2026-07-23T00:30:00+00:00,7499.84,7505.34,7499.82,7503.83,2547
2026-07-23T00:45:00+00:00,7503.83,7508.59,7502.58,7505.84,2278
2026-07-23T01:00:00+00:00,7505.84,7508.83,7504.07,7506.59,2749
2026-07-23T01:15:00+00:00,7506.59,7507.19,7502.57,7503.08,2328
2026-07-23T01:30:00+00:00,7503.08,7505.09,7498.32,7498.34,3867
2026-07-23T01:45:00+00:00,7498.34,7501.59,7497.59,7497.83,3314
2026-07-23T02:00:00+00:00,7497.83,7500.84,7495.09,7495.46,3272
2026-07-23T02:15:00+00:00,7495.46,7496.34,7488.82,7490.08,2905
2026-07-23T02:30:00+00:00,7490.08,7493.32,7486.07,7487.09,2384
2026-07-23T02:45:00+00:00,7487.09,7490.83,7486.58,7490.09,2084
2026-07-23T03:00:00+00:00,7490.09,7490.59,7480.82,7482.94,2051
2026-07-23T03:15:00+00:00,7482.94,7484.83,7480.08,7484.34,1887
2026-07-23T03:30:00+00:00,7484.34,7487.34,7481.83,7487.08,3248
2026-07-23T03:45:00+00:00,7487.08,7488.19,7485.09,7486.08,1671
2026-07-23T04:00:00+00:00,7486.08,7488.09,7480.58,7488.08,2120
2026-07-23T04:15:00+00:00,7488.08,7492.84,7486.32,7491.32,2326
2026-07-23T04:30:00+00:00,7491.32,7492.34,7489.07,7489.07,2078
2026-07-23T04:45:00+00:00,7489.07,7490.84,7484.94,7486.57,2131
2026-07-23T05:00:00+00:00,7486.57,7487.33,7483.32,7486.21,2275
2026-07-23T05:15:00+00:00,7486.21,7492.82,7483.57,7492.82,2253
2026-07-23T05:30:00+00:00,7492.82,7494.7,7487.44,7489.07,2481
2026-07-23T05:45:00+00:00,7489.07,7489.09,7480.57,7481.84,2113
2026-07-23T06:00:00+00:00,7481.84,7485.58,7481.07,7483.58,2450
2026-07-23T06:15:00+00:00,7483.58,7485.84,7481.7,7484.84,2082
2026-07-23T06:30:00+00:00,7484.84,7485.59,7479.33,7479.33,1620
2026-07-23T06:45:00+00:00,7479.33,7484.58,7478.57,7478.94,1427
2026-07-23T07:00:00+00:00,7478.94,7479.32,7457.82,7464.2,5578
2026-07-23T07:15:00+00:00,7464.2,7472.46,7464.2,7468.59,4333
2026-07-23T07:30:00+00:00,7468.59,7469.34,7457.07,7457.71,3992
2026-07-23T07:45:00+00:00,7457.71,7463.59,7454.58,7463.59,4632
2026-07-23T08:00:00+00:00,7463.59,7471.94,7457.94,7470.32,5295
2026-07-23T08:15:00+00:00,7470.32,7474.46,7467.82,7472.59,3577
2026-07-23T08:30:00+00:00,7472.59,7473.58,7467.19,7467.34,2750
2026-07-23T08:45:00+00:00,7467.34,7478.59,7466.82,7477.83,2107
2026-07-23T09:00:00+00:00,7477.83,7484.82,7474.44,7474.44,3168
2026-07-23T09:15:00+00:00,7474.44,7476.21,7472.08,7472.95,1988
2026-07-23T09:30:00+00:00,7472.95,7473.09,7469.32,7472.57,1945
2026-07-23T09:45:00+00:00,7472.57,7474.34,7468.57,7470.34,2160
2026-07-23T10:00:00+00:00,7470.34,7473.44,7467.69,7468.32,2443
2026-07-23T10:15:00+00:00,7468.32,7473.58,7467.94,7471.57,2572
2026-07-23T10:30:00+00:00,7471.57,7483.09,7470.83,7479.84,3155
2026-07-23T10:45:00+00:00,7479.84,7481.59,7478.82,7479.57,2084
2026-07-23T11:00:00+00:00,7479.57,7480.94,7469.57,7473.08,3336
2026-07-23T11:15:00+00:00,7473.08,7475.07,7462.57,7463.83,3053
2026-07-23T11:30:00+00:00,7463.83,7464.84,7449.32,7452.07,4952
2026-07-23T11:45:00+00:00,7452.07,7462.33,7449.94,7459.33,4662
2026-07-23T12:00:00+00:00,7459.33,7460.59,7451.57,7451.7,3375
2026-07-23T12:15:00+00:00,7451.7,7456.08,7438.7,7440.71,5655
2026-07-23T12:30:00+00:00,7440.71,7441.58,7426.07,7429.82,7014
2026-07-23T12:45:00+00:00,7429.82,7430.84,7421.57,7425.07,6629
2026-07-23T13:00:00+00:00,7425.07,7427.09,7413.57,7417.58,7530
2026-07-23T13:15:00+00:00,7417.58,7417.84,7408.83,7412.82,6044
2026-07-23T13:30:00+00:00,7412.82,7445.51,7404.38,7437.89,15874
2026-07-23T13:45:00+00:00,7437.89,7439.62,7412.37,7415.14,17980
2026-07-23T14:00:00+00:00,7415.14,7428.89,7408.13,7416.14,26555
2026-07-23T14:15:00+00:00,7416.14,7423.89,7409.26,7417.39,20686
2026-07-23T14:30:00+00:00,7417.39,7425.89,7405.37,7408.13,18655
2026-07-23T14:45:00+00:00,7408.13,7414.14,7399.39,7402.87,14794
2026-07-23T15:00:00+00:00,7402.87,7404.39,7383.62,7385.62,12634
2026-07-23T15:15:00+00:00,7385.62,7396.13,7377.38,7378.12,12600
2026-07-23T15:30:00+00:00,7378.12,7396.13,7371.14,7385.89,11768
2026-07-23T15:45:00+00:00,7385.89,7398.39,7383.13,7397.64,10460
2026-07-23T16:00:00+00:00,7397.64,7407.63,7394.63,7405.39,10513
2026-07-23T16:15:00+00:00,7405.39,7416.12,7401.39,7414.14,8058
2026-07-23T16:30:00+00:00,7414.14,7416.63,7409.12,7409.12,7693
2026-07-23T16:45:00+00:00,7409.12,7409.12,7397.12,7406.12,9657
2026-07-23T17:00:00+00:00,7406.12,7408.89,7397.39,7405.38,10732
2026-07-23T17:15:00+00:00,7405.38,7411.25,7401.01,7406.89,9530
2026-07-23T17:30:00+00:00,7406.89,7407.37,7392.13,7396.64,9841
2026-07-23T17:45:00+00:00,7396.64,7402.63,7390.87,7391.38,8244
2026-07-23T18:00:00+00:00,7391.38,7393.39,7387.63,7389.38,7963
2026-07-23T18:15:00+00:00,7389.38,7394.64,7387.87,7394.12,6656
2026-07-23T18:30:00+00:00,7394.12,7396.88,7386.13,7388.25,6007
2026-07-23T18:45:00+00:00,7388.25,7394.64,7386.14,7390.38,5779
2026-07-23T19:00:00+00:00,7390.38,7394.13,7385.12,7386.39,4675
2026-07-23T19:15:00+00:00,7386.39,7399.64,7386.25,7395.37,6257
2026-07-23T19:30:00+00:00,7395.37,7397.89,7383.37,7383.37,6557
2026-07-23T19:45:00+00:00,7383.37,7406.87,7377.89,7402.14,12977
2026-07-23T20:00:00+00:00,7402.14,7415.34,7402.14,7412.34,9809
2026-07-23T20:15:00+00:00,7412.34,7417.07,7411.82,7414.44,2972
2026-07-23T20:30:00+00:00,7414.44,7417.34,7411.83,7412.58,2042
2026-07-23T20:45:00+00:00,7412.58,7415.56,7411.57,7415.17,1028
2026-07-23T22:00:00+00:00,7415.17,7415.17,7402.68,7404.42,2671
2026-07-23T22:15:00+00:00,7404.42,7409.3,7402.92,7406.43,1508
2026-07-23T22:30:00+00:00,7406.43,7409.66,7405.91,7408.18,985
2026-07-23T22:45:00+00:00,7408.18,7413.41,7407.92,7412.93,1059
2026-07-23T23:00:00+00:00,7412.93,7413.41,7407.42,7408.93,1157
2026-07-23T23:15:00+00:00,7408.93,7410.55,7407.78,7409.79,741
2026-07-23T23:30:00+00:00,7409.79,7410.03,7403.93,7408.42,1131
2026-07-23T23:45:00+00:00,7408.42,7411.68,7404.67,7408.53,3534
2026-07-24T00:00:00+00:00,7408.53,7414.8,7403.17,7406.92,6604
2026-07-24T00:15:00+00:00,7406.92,7414.67,7404.18,7410.42,5453
2026-07-24T00:30:00+00:00,7410.42,7415.43,7406.66,7413.91,3905
2026-07-24T00:45:00+00:00,7413.91,7416.43,7408.17,7413.91,3908
2026-07-24T01:00:00+00:00,7413.91,7416.78,7412.16,7412.67,4639
2026-07-24T01:15:00+00:00,7412.67,7417.17,7410.67,7412.93,3609
2026-07-24T01:30:00+00:00,7412.93,7418.68,7411.92,7416.42,4113
2026-07-24T01:45:00+00:00,7416.42,7416.68,7409.91,7410.42,3292
2026-07-24T02:00:00+00:00,7410.42,7412.93,7407.91,7411.16,3385
2026-07-24T02:15:00+00:00,7411.16,7412.18,7407.54,7409.66,2846
2026-07-24T02:30:00+00:00,7409.66,7409.68,7402.16,7402.16,2722
2026-07-24T02:45:00+00:00,7402.16,7402.55,7398.92,7398.92,2885
2026-07-24T03:00:00+00:00,7398.92,7402.43,7398.68,7401.17,2585
2026-07-24T03:15:00+00:00,7401.17,7403.43,7399.66,7401.67,2896
2026-07-24T03:30:00+00:00,7401.67,7402.92,7397.78,7398.43,3596
2026-07-24T03:45:00+00:00,7398.43,7400.91,7396.41,7396.93,2312
2026-07-24T04:00:00+00:00,7396.93,7400.67,7394.91,7396.66,2350
2026-07-24T04:15:00+00:00,7396.66,7404.18,7396.42,7403.92,2446
2026-07-24T04:30:00+00:00,7403.92,7404.18,7397.16,7399.42,2219
2026-07-24T04:45:00+00:00,7399.42,7403.17,7397.91,7402.93,2400
2026-07-24T05:00:00+00:00,7402.93,7407.67,7400.92,7405.41,2844
2026-07-24T05:15:00+00:00,7405.41,7408.18,7403.91,7406.43,2865
2026-07-24T05:30:00+00:00,7406.43,7407.68,7404.16,7407.29,2572
2026-07-24T05:45:00+00:00,7407.29,7409.68,7401.66,7401.67,2235
2026-07-24T06:00:00+00:00,7401.67,7402.41,7396.16,7397.18,2585
2026-07-24T06:15:00+00:00,7397.18,7406.92,7396.66,7401.41,3183
2026-07-24T06:30:00+00:00,7401.41,7404.67,7396.93,7397.17,2437
2026-07-24T06:45:00+00:00,7397.17,7403.03,7393.41,7402.16,2618
2026-07-24T07:00:00+00:00,7402.16,7415.67,7401.53,7415.42,4878
2026-07-24T07:15:00+00:00,7415.42,7422.18,7413.92,7421.41,3933
2026-07-24T07:30:00+00:00,7421.41,7422.68,7414.16,7416.41,3161
2026-07-24T07:45:00+00:00,7416.41,7418.17,7415.17,7415.92,2484
2026-07-24T08:00:00+00:00,7415.92,7416.16,7408.78,7410.91,4570
2026-07-24T08:15:00+00:00,7410.91,7418.68,7410.42,7418.18,3983
2026-07-24T08:30:00+00:00,7418.18,7421.43,7416.79,7418.78,3171
2026-07-24T08:45:00+00:00,7418.78,7419.28,7415.66,7416.92,2450
2026-07-24T09:00:00+00:00,7416.92,7424.67,7415.78,7419.16,3185
2026-07-24T09:15:00+00:00,7419.16,7424.43,7417.41,7423.17,2702
2026-07-24T09:30:00+00:00,7423.17,7426.67,7421.66,7425.66,2295
2026-07-24T09:45:00+00:00,7425.66,7426.92,7423.42,7425.43,1779
2026-07-24T10:00:00+00:00,7425.43,7426.43,7419.53,7420.93,1787
2026-07-24T10:15:00+00:00,7420.93,7422.41,7418.66,7421.17,1545
2026-07-24T10:30:00+00:00,7421.17,7423.93,7418.41,7420.28,1850
2026-07-24T10:45:00+00:00,7420.28,7421.18,7417.55,7417.93,2011
2026-07-24T11:00:00+00:00,7417.93,7422.43,7417.66,7420.43,3404
2026-07-24T11:15:00+00:00,7420.43,7421.93,7418.16,7419.18,2145
2026-07-24T11:30:00+00:00,7419.18,7420.17,7414.66,7414.66,3110
2026-07-24T11:45:00+00:00,7414.66,7428.05,7412.78,7424.67,4750
2026-07-24T12:00:00+00:00,7424.67,7427.18,7417.16,7426.17,5731
2026-07-24T12:15:00+00:00,7426.17,7427.05,7420.18,7425.43,3500
2026-07-24T12:30:00+00:00,7425.43,7425.91,7414.67,7415.17,3251
2026-07-24T12:45:00+00:00,7415.17,7415.93,7408.67,7409.66,2824
2026-07-24T13:00:00+00:00,7409.66,7410.93,7406.17,7409.66,2970
2026-07-24T13:15:00+00:00,7409.66,7412.68,7403.41,7403.41,4057
2026-07-24T13:30:00+00:00,7403.41,7414.48,7401.97,7406.08,18940
2026-07-24T13:45:00+00:00,7406.08,7416.72,7392.23,7393.09,19580
2026-07-24T14:00:00+00:00,7393.09,7417.22,7391.09,7413.48,20447
2026-07-24T14:15:00+00:00,7413.48,7417.83,7398.09,7409.72,18235
2026-07-24T14:30:00+00:00,7409.72,7410.46,7396.71,7397.23,17329
2026-07-24T14:45:00+00:00,7397.23,7425.23,7392.47,7424.71,14374
2026-07-24T15:00:00+00:00,7424.71,7440.73,7414.46,7437.6,18315
2026-07-24T15:15:00+00:00,7437.6,7450.23,7432.35,7444.73,18382
2026-07-24T15:30:00+00:00,7444.73,7451.46,7438.98,7441.47,12230
2026-07-24T15:45:00+00:00,7441.47,7449.71,7439.47,7449.22,8895
2026-07-24T16:00:00+00:00,7449.22,7455.97,7445.48,7448.73,7691
2026-07-24T16:15:00+00:00,7448.73,7454.73,7447.21,7450.73,6598
2026-07-24T16:30:00+00:00,7450.73,7451.23,7435.21,7435.22,7936
2026-07-24T16:45:00+00:00,7435.22,7436.98,7425.97,7433.21,9869
2026-07-24T17:00:00+00:00,7433.21,7434.48,7420.96,7427.98,9332
2026-07-24T17:15:00+00:00,7427.98,7436.98,7425.21,7435.97,7361
2026-07-24T17:30:00+00:00,7435.97,7440.23,7429.46,7429.47,6534
2026-07-24T17:45:00+00:00,7429.47,7434.22,7427.97,7428.47,6101
2026-07-24T18:00:00+00:00,7428.47,7431.48,7423.72,7424.72,5908
2026-07-24T18:15:00+00:00,7424.72,7425.23,7408.48,7408.97,7832
2026-07-24T18:30:00+00:00,7408.97,7409.98,7395.21,7397.21,11530
2026-07-24T18:45:00+00:00,7397.21,7405.85,7396.47,7402.71,8635
2026-07-24T19:00:00+00:00,7402.71,7407.73,7393.72,7395.22,9649
2026-07-24T19:15:00+00:00,7395.22,7398.98,7391.96,7395.35,8586
2026-07-24T19:30:00+00:00,7395.35,7405.46,7395.35,7401.72,9458
2026-07-24T19:45:00+00:00,7401.72,7409.71,7395.21,7407.58,9163
2026-07-24T20:00:00+00:00,7407.58,7408.42,7401.17,7404.41,4440
2026-07-24T20:15:00+00:00,7404.41,7409.43,7403.16,7403.18,1820
2026-07-24T20:30:00+00:00,7403.18,7404.01,7398.91,7404.01,1450
2026-07-26T22:00:00+00:00,7404.01,7469.99,7404.01,7455.61,2935
2026-07-26T22:15:00+00:00,7455.61,7458.24,7453.13,7456.37,1429
2026-07-26T22:30:00+00:00,7456.37,7460.13,7455.61,7456.86,1598
2026-07-26T22:45:00+00:00,7456.86,7456.86,7452.61,7453.36,1071
2026-07-26T23:00:00+00:00,7453.36,7460.38,7452.63,7460.11,1588
2026-07-26T23:15:00+00:00,7460.11,7461.74,7458.86,7460.11,1043
2026-07-26T23:30:00+00:00,7460.11,7466.87,7459.87,7465.88,939
2026-07-26T23:45:00+00:00,7465.88,7473.63,7463.36,7472.62,2659
2026-07-27T00:00:00+00:00,7472.62,7473.37,7462.37,7470.63,4926
2026-07-27T00:15:00+00:00,7470.63,7470.74,7457.86,7461.38,4779
2026-07-27T00:30:00+00:00,7461.38,7463.62,7456.11,7456.11,3903
2026-07-27T00:45:00+00:00,7456.11,7460.88,7453.87,7454.11,3576
2026-07-27T01:00:00+00:00,7454.11,7458,7451.62,7452.61,3949
2026-07-27T01:15:00+00:00,7452.61,7454.11,7448.61,7451.25,3075
2026-07-27T01:30:00+00:00,7451.25,7460.88,7451.11,7457.37,4218
2026-07-27T01:45:00+00:00,7457.37,7459.63,7455,7459.61,3614
2026-07-27T02:00:00+00:00,7459.61,7461.38,7457.36,7459.88,3464
2026-07-27T02:15:00+00:00,7459.88,7463.38,7459.11,7461.73,2323
2026-07-27T02:30:00+00:00,7461.73,7463.62,7458.24,7462.63,2184
2026-07-27T02:45:00+00:00,7462.63,7463.87,7459.61,7460.86,1413
2026-07-27T03:00:00+00:00,7460.86,7464.62,7460.36,7464.36,1697
2026-07-27T03:15:00+00:00,7464.36,7464.88,7461.98,7462.12,1185
2026-07-27T03:30:00+00:00,7462.12,7463.63,7459.86,7461.87,2002
2026-07-27T03:45:00+00:00,7461.87,7462.63,7459.36,7461.13,1732
2026-07-27T04:00:00+00:00,7461.13,7463.38,7460.37,7463.23,2166
2026-07-27T04:15:00+00:00,7463.23,7465.37,7461.11,7463,1658
2026-07-27T04:30:00+00:00,7463,7467.12,7461.37,7466.87,1396
2026-07-27T04:45:00+00:00,7466.87,7468.38,7465.61,7466.13,1117
2026-07-27T05:00:00+00:00,7466.13,7471.12,7465.61,7470.37,1368
2026-07-27T05:15:00+00:00,7470.37,7471.87,7469.62,7471.87,1005
2026-07-27T05:30:00+00:00,7471.87,7475.99,7470.86,7473.87,1308
2026-07-27T05:45:00+00:00,7473.87,7476.63,7473.62,7475.87,1218
2026-07-27T06:00:00+00:00,7475.87,7481.38,7475.87,7478.88,2081
2026-07-27T06:15:00+00:00,7478.88,7479.63,7475.61,7476.37,1339
2026-07-27T06:30:00+00:00,7476.37,7478.37,7474.37,7475.11,1429
2026-07-27T06:45:00+00:00,7475.11,7475.38,7472.23,7473.13,1510
2026-07-27T07:00:00+00:00,7473.13,7478.61,7472.36,7478.37,3626
2026-07-27T07:15:00+00:00,7478.37,7478.73,7474.36,7474.37,2277
2026-07-27T07:30:00+00:00,7474.37,7474.62,7470.25,7472.98,1994
2026-07-27T07:45:00+00:00,7472.98,7473.63,7467.11,7467.36,2817
2026-07-27T08:00:00+00:00,7467.36,7473.63,7467.11,7473.61,4240
2026-07-27T08:15:00+00:00,7473.61,7476.87,7471.36,7476.12,2664
2026-07-27T08:30:00+00:00,7476.12,7481,7474.37,7480.48,2413
2026-07-27T08:45:00+00:00,7480.48,7481.38,7478.61,7480.63,1790
2026-07-27T09:00:00+00:00,7480.63,7480.74,7477.87,7478.5,1394
2026-07-27T09:15:00+00:00,7478.5,7481.61,7478,7479.13,1420
2026-07-27T09:30:00+00:00,7479.13,7483.62,7478.61,7483.38,1635
2026-07-27T09:45:00+00:00,7483.38,7486.12,7483.11,7483.61,1422
2026-07-27T10:00:00+00:00,7483.61,7484.88,7479.86,7482.23,1741
2026-07-27T10:15:00+00:00,7482.23,7483.38,7481.36,7482.36,1140
2026-07-27T10:30:00+00:00,7482.36,7484.13,7480.86,7483.86,894
2026-07-27T10:45:00+00:00,7483.86,7485.88,7483.11,7483.37,941
2026-07-27T11:00:00+00:00,7483.37,7483.62,7478.37,7479.11,1801
2026-07-27T11:15:00+00:00,7479.11,7480.61,7470.36,7470.36,1693
2026-07-27T11:30:00+00:00,7470.36,7476.63,7469.87,7473.74,3362
2026-07-27T11:45:00+00:00,7473.74,7474.75,7472.86,7473.38,1812
2026-07-27T12:00:00+00:00,7473.38,7476.63,7466.13,7466.87,3632
2026-07-27T12:15:00+00:00,7466.87,7470.63,7466.62,7469.63,2581
2026-07-27T12:30:00+00:00,7469.63,7473.13,7467.87,7473.12,2424
2026-07-27T12:45:00+00:00,7473.12,7475.88,7472.62,7474.88,2617
2026-07-27T13:00:00+00:00,7474.88,7476.62,7471.61,7473.87,3467
2026-07-27T13:15:00+00:00,7473.87,7475.37,7468.62,7468.87,3363
2026-07-27T13:30:00+00:00,7468.87,7475.54,7454.42,7454.68,22941
2026-07-27T13:45:00+00:00,7454.68,7461.43,7435.41,7435.41,23062
2026-07-27T14:00:00+00:00,7435.41,7440.66,7424.16,7428.93,23566
2026-07-27T14:15:00+00:00,7428.93,7434.92,7401.67,7402.28,22574
2026-07-27T14:30:00+00:00,7402.28,7404.8,7384.91,7387.66,29397
2026-07-27T14:45:00+00:00,7387.66,7418.41,7387.66,7417.18,24198
2026-07-27T15:00:00+00:00,7417.18,7423.29,7410.92,7413.91,19179
2026-07-27T15:15:00+00:00,7413.91,7415.17,7398.68,7402.41,18971
2026-07-27T15:30:00+00:00,7402.41,7402.54,7382.91,7394.18,16763
2026-07-27T15:45:00+00:00,7394.18,7396.05,7386.43,7394.41,15025
2026-07-27T16:00:00+00:00,7394.41,7406.43,7393.43,7394.16,13346
2026-07-27T16:15:00+00:00,7394.16,7416.53,7388.43,7406.91,17371
2026-07-27T16:30:00+00:00,7406.91,7413.18,7400.18,7402.91,13739
2026-07-27T16:45:00+00:00,7402.91,7407.67,7385.91,7389.67,12869
2026-07-27T17:00:00+00:00,7389.67,7390.43,7380.16,7385.93,10916
2026-07-27T17:15:00+00:00,7385.93,7387.04,7377.93,7381.43,9873
2026-07-27T17:30:00+00:00,7381.43,7392.18,7381.17,7387.68,9672
2026-07-27T17:45:00+00:00,7387.68,7397.93,7384.92,7397.66,8921
2026-07-27T18:00:00+00:00,7397.66,7399.18,7394.66,7396.93,8665
2026-07-27T18:15:00+00:00,7396.93,7397.68,7389.67,7395.92,8060
2026-07-27T18:30:00+00:00,7395.92,7395.93,7385.66,7394.17,8970
2026-07-27T18:45:00+00:00,7394.17,7411.93,7392.92,7410.16,11351
2026-07-27T19:00:00+00:00,7410.16,7415.41,7404.41,7410.42,8601
2026-07-27T19:15:00+00:00,7410.42,7417.18,7410.42,7416.17,5693
2026-07-27T19:30:00+00:00,7416.17,7418.18,7408.16,7409.66,7426
2026-07-27T19:45:00+00:00,7409.66,7411.68,7405.41,7410.91,9191
2026-07-27T20:00:00+00:00,7410.91,7415.63,7406.61,7409.61,3269
2026-07-27T20:15:00+00:00,7409.61,7410.88,7407.61,7410.12,968
2026-07-27T20:30:00+00:00,7410.12,7417.87,7409.37,7414.12,987
2026-07-27T20:45:00+00:00,7414.12,7414.97,7411.37,7414.97,625
2026-07-27T22:00:00+00:00,7414.97,7418.29,7409.05,7409.55,1594
2026-07-27T22:15:00+00:00,7409.55,7411.05,7406.54,7407.04,881
2026-07-27T22:30:00+00:00,7407.04,7410.8,7407.03,7408.04,719
2026-07-27T22:45:00+00:00,7408.04,7409.55,7406.53,7406.9,537
2026-07-27T23:00:00+00:00,7406.9,7409.55,7402.53,7406.04,1013
2026-07-27T23:15:00+00:00,7406.04,7411.15,7404.28,7411.04,966
2026-07-27T23:30:00+00:00,7411.04,7411.05,7407.28,7407.8,626
2026-07-27T23:45:00+00:00,7407.8,7412.42,7404.28,7410.29,3774
2026-07-28T00:00:00+00:00,7410.29,7414.28,7400.78,7403.9,7574
2026-07-28T00:15:00+00:00,7403.9,7406.16,7398.78,7402.79,6302
2026-07-28T00:30:00+00:00,7402.79,7407.55,7396.78,7405.78,6466
2026-07-28T00:45:00+00:00,7405.78,7405.78,7398.04,7399.55,4313
2026-07-28T01:00:00+00:00,7399.55,7401.17,7387.28,7390.04,6114
2026-07-28T01:15:00+00:00,7390.04,7403.54,7388.8,7400.28,4761
2026-07-28T01:30:00+00:00,7400.28,7405.8,7399.04,7403.66,5231
2026-07-28T01:45:00+00:00,7403.66,7406.05,7394.55,7396.78,4530
2026-07-28T02:00:00+00:00,7396.78,7397.53,7391.54,7393.03,3705
2026-07-28T02:15:00+00:00,7393.03,7398.05,7390.53,7392.66,4142
2026-07-28T02:30:00+00:00,7392.66,7393.41,7389.28,7390.54,3392
2026-07-28T02:45:00+00:00,7390.54,7395.8,7389.3,7392.79,3284
2026-07-28T03:00:00+00:00,7392.79,7393.3,7386.54,7391.04,3100
2026-07-28T03:15:00+00:00,7391.04,7400.3,7390.03,7392.15,4177
2026-07-28T03:30:00+00:00,7392.15,7404.16,7388.28,7402.8,6392
2026-07-28T03:45:00+00:00,7402.8,7404.3,7400.03,7402.65,4430
2026-07-28T04:00:00+00:00,7402.65,7402.65,7392.55,7393.29,3747
2026-07-28T04:15:00+00:00,7393.29,7397.8,7392.17,7392.66,2953
2026-07-28T04:30:00+00:00,7392.66,7394.3,7391.03,7393.05,2545
2026-07-28T04:45:00+00:00,7393.05,7396.91,7388.78,7389.67,2537
2026-07-28T05:00:00+00:00,7389.67,7393.8,7388.9,7389.53,3540
2026-07-28T05:15:00+00:00,7389.53,7391.55,7386.28,7387.05,2188
2026-07-28T05:30:00+00:00,7387.05,7387.53,7381.28,7384.29,3174
2026-07-28T05:45:00+00:00,7384.29,7387.8,7382.03,7383.28,2604
2026-07-28T06:00:00+00:00,7383.28,7386.8,7381.78,7385.29,4431
2026-07-28T06:15:00+00:00,7385.29,7388.91,7382.78,7387.8,4654
2026-07-28T06:30:00+00:00,7387.8,7391.8,7386.04,7389.66,4059
2026-07-28T06:45:00+00:00,7389.66,7393.29,7386.78,7392.03,2894
2026-07-28T07:00:00+00:00,7392.03,7399.28,7391.53,7398.16,6013
2026-07-28T07:15:00+00:00,7398.16,7401.04,7396.53,7397.53,4332
2026-07-28T07:30:00+00:00,7397.53,7399.8,7395.53,7396.78,4249
2026-07-28T07:45:00+00:00,7396.78,7399.05,7391.8,7395.66,4286
2026-07-28T08:00:00+00:00,7395.66,7398.8,7387.9,7388.78,6453
2026-07-28T08:15:00+00:00,7388.78,7406.8,7388.04,7405.28,7861
2026-07-28T08:30:00+00:00,7405.28,7408.66,7401.28,7407.05,5498
2026-07-28T08:45:00+00:00,7407.05,7411.4,7402.79,7404.28,4157
2026-07-28T09:00:00+00:00,7404.28,7407.54,7402.78,7404.04,3764
2026-07-28T09:15:00+00:00,7404.04,7408.3,7404.03,7407.79,2951
2026-07-28T09:30:00+00:00,7407.79,7407.92,7403.78,7404.67,2828
2026-07-28T09:45:00+00:00,7404.67,7407.05,7400.53,7402.04,2353
2026-07-28T10:00:00+00:00,7402.04,7403.55,7400.29,7401.55,3035
2026-07-28T10:15:00+00:00,7401.55,7404.78,7399.28,7404.78,3023
2026-07-28T10:30:00+00:00,7404.78,7406.78,7396.28,7399.28,5381
2026-07-28T10:45:00+00:00,7399.28,7404.8,7398.78,7404.66,3886
2026-07-28T11:00:00+00:00,7404.66,7408.65,7395.03,7395.79,7178
2026-07-28T11:15:00+00:00,7395.79,7411.17,7395.78,7400.54,8037
2026-07-28T11:30:00+00:00,7400.54,7411.15,7395.53,7400.9,5968
2026-07-28T11:45:00+00:00,7400.9,7414.79,7399.53,7413.41,5351
2026-07-28T12:00:00+00:00,7413.41,7417.3,7411.05,7413.03,4671
2026-07-28T12:15:00+00:00,7413.03,7420.42,7411.03,7419.55,3914
2026-07-28T12:30:00+00:00,7419.55,7422.8,7414.9,7421.9,5786
2026-07-28T12:45:00+00:00,7421.9,7425.91,7417.79,7418.92,4599
2026-07-28T13:00:00+00:00,7418.92,7421.55,7415.28,7418.55,4423
2026-07-28T13:15:00+00:00,7418.55,7424.55,7411.55,7412.54,6005
2026-07-28T13:30:00+00:00,7412.54,7414.6,7385.83,7390.59,27075
2026-07-28T13:45:00+00:00,7390.59,7401.84,7379.83,7384.47,30177
2026-07-28T14:00:00+00:00,7384.47,7401.85,7382.58,7385.84,30502
2026-07-28T14:15:00+00:00,7385.84,7398.59,7383.59,7397.1,28357
2026-07-28T14:30:00+00:00,7397.1,7406.21,7391.58,7402.59,23796
2026-07-28T14:45:00+00:00,7402.59,7417.85,7398.58,7406.33,17130
2026-07-28T15:00:00+00:00,7406.33,7417.22,7400.08,7413.84,17917
2026-07-28T15:15:00+00:00,7413.84,7439.1,7412.08,7431.6,17464
2026-07-28T15:30:00+00:00,7431.6,7440.85,7429.85,7440.58,10694
2026-07-28T15:45:00+00:00,7440.58,7444.35,7437.58,7442.1,9110
2026-07-28T16:00:00+00:00,7442.1,7443.35,7434.83,7436.34,7702
2026-07-28T16:15:00+00:00,7436.34,7440.85,7432.08,7432.34,6434
2026-07-28T16:30:00+00:00,7432.34,7441.58,7429.34,7439.59,7147
2026-07-28T16:45:00+00:00,7439.59,7448.09,7433.85,7446.33,7209
2026-07-28T17:00:00+00:00,7446.33,7448.09,7431.96,7433.34,8777
2026-07-28T17:15:00+00:00,7433.34,7441.85,7430.83,7433.08,7954
2026-07-28T17:30:00+00:00,7433.08,7439.33,7426.6,7428.1,6595
2026-07-28T17:45:00+00:00,7428.1,7434.09,7425.34,7432.09,7333
2026-07-28T18:00:00+00:00,7432.09,7435.35,7424.58,7424.85,7008
2026-07-28T18:15:00+00:00,7424.85,7429.85,7424.58,7426.34,6447
2026-07-28T18:30:00+00:00,7426.34,7431.6,7425.34,7428.1,6577
2026-07-28T18:45:00+00:00,7428.1,7436.35,7427.33,7434.85,6526
2026-07-28T19:00:00+00:00,7434.85,7440.09,7433.83,7435.08,6056
2026-07-28T19:15:00+00:00,7435.08,7439.1,7433.35,7437.6,4989
2026-07-28T19:30:00+00:00,7437.6,7437.84,7429.84,7433.59,5336
2026-07-28T19:45:00+00:00,7433.59,7437.1,7425.34,7429.08,9298
2026-07-28T20:00:00+00:00,7429.08,7431.67,7421.15,7429.29,7184
2026-07-28T20:15:00+00:00,7429.29,7436.53,7426.53,7434.8,2028
2026-07-28T20:30:00+00:00,7434.8,7435.78,7428.54,7430.04,1533
2026-07-28T20:45:00+00:00,7430.04,7431.55,7428.53,7430.25,934
2026-07-28T22:00:00+00:00,7430.25,7437.54,7428.8,7430.54,2537
2026-07-28T22:15:00+00:00,7430.54,7431.8,7421.05,7425.66,2142
2026-07-28T22:30:00+00:00,7425.66,7426.29,7414.28,7416.67,2789
2026-07-28T22:45:00+00:00,7416.67,7420.42,7414.04,7415.29,4217
2026-07-28T23:00:00+00:00,7415.29,7428.78,7413.03,7426.9,4671
2026-07-28T23:15:00+00:00,7426.9,7434.05,7423.03,7432.15,3098
2026-07-28T23:30:00+00:00,7432.15,7447.3,7431.04,7446.55,2756
2026-07-28T23:45:00+00:00,7446.55,7458.55,7443.17,7458.04,7746
2026-07-29T00:00:00+00:00,7458.04,7462.55,7453.79,7457.78,8288
2026-07-29T00:15:00+00:00,7457.78,7463.92,7454.29,7456.41,6633
2026-07-29T00:30:00+00:00,7456.41,7458.42,7451.03,7456.3,5771
2026-07-29T00:45:00+00:00,7456.3,7458.05,7448.78,7450.04,4953
2026-07-29T01:00:00+00:00,7450.04,7452.54,7434.79,7436.03,7267
2026-07-29T01:15:00+00:00,7436.03,7444.17,7432.29,7441.53,7220
2026-07-29T01:30:00+00:00,7441.53,7442.15,7430.53,7430.79,8169
2026-07-29T01:45:00+00:00,7430.79,7432.04,7418.53,7418.78,7020
2026-07-29T02:00:00+00:00,7418.78,7428.55,7416.54,7426.29,8432
2026-07-29T02:15:00+00:00,7426.29,7429.8,7421.53,7429.8,6543
2026-07-29T02:30:00+00:00,7429.8,7432.05,7426.8,7429.67,5736
2026-07-29T02:45:00+00:00,7429.67,7430.05,7424.41,7426.78,4296
2026-07-29T03:00:00+00:00,7426.78,7431.42,7421.03,7424.16,5760
2026-07-29T03:15:00+00:00,7424.16,7425.55,7419.03,7419.04,3605
2026-07-29T03:30:00+00:00,7419.04,7421.04,7414.78,7418.3,4530
2026-07-29T03:45:00+00:00,7418.3,7420.05,7408.55,7410.92,3472
2026-07-29T04:00:00+00:00,7410.92,7411.79,7407.28,7408.29,5549
2026-07-29T04:15:00+00:00,7408.29,7411.28,7405.66,7408.28,6315
2026-07-29T04:30:00+00:00,7408.28,7410.3,7403.41,7403.54,6455
2026-07-29T04:45:00+00:00,7403.54,7414.05,7402.04,7414.05,6448
2026-07-29T05:00:00+00:00,7414.05,7424.3,7412.03,7424.03,5895
2026-07-29T05:15:00+00:00,7424.03,7424.8,7418.42,7423.05,4388
2026-07-29T05:30:00+00:00,7423.05,7426.05,7420.4,7424.4,4473
2026-07-29T05:45:00+00:00,7424.4,7425.53,7420.03,7421.03,4039
2026-07-29T06:00:00+00:00,7421.03,7421.8,7414.79,7418.53,4934
2026-07-29T06:15:00+00:00,7418.53,7424.55,7417.54,7424.29,4439
2026-07-29T06:30:00+00:00,7424.29,7437.55,7424.29,7437.05,5285
2026-07-29T06:45:00+00:00,7437.05,7443.05,7435.05,7442.15,3129
2026-07-29T07:00:00+00:00,7442.15,7446.8,7438.28,7442.79,6180
2026-07-29T07:15:00+00:00,7442.79,7445.9,7440.15,7445.54,4119
2026-07-29T07:30:00+00:00,7445.54,7448.29,7443.29,7445.78,3892
2026-07-29T07:45:00+00:00,7445.78,7446.55,7441.78,7444.79,3203
2026-07-29T08:00:00+00:00,7444.79,7445.55,7437.8,7438.28,6004
2026-07-29T08:15:00+00:00,7438.28,7441.05,7432.53,7434.65,5465
2026-07-29T08:30:00+00:00,7434.65,7446.55,7433.28,7445.8,5403
2026-07-29T08:45:00+00:00,7445.8,7449.15,7442.78,7444.16,3474
2026-07-29T09:00:00+00:00,7444.16,7447.05,7443.03,7445.9,4276
2026-07-29T09:15:00+00:00,7445.9,7446.15,7442.28,7443.4,3594
2026-07-29T09:30:00+00:00,7443.4,7447.54,7441.03,7446.79,3855
2026-07-29T09:45:00+00:00,7446.79,7455.79,7446.65,7449.53,4393
2026-07-29T10:00:00+00:00,7449.53,7452.55,7445.28,7447.53,4776
2026-07-29T10:15:00+00:00,7447.53,7449.54,7445.03,7448.53,3278
2026-07-29T10:30:00+00:00,7448.53,7449.9,7441.29,7444.53,3909
2026-07-29T10:45:00+00:00,7444.53,7445.54,7440.03,7441.4,3924
2026-07-29T11:00:00+00:00,7441.4,7448.03,7440.15,7445.28,4494
2026-07-29T11:15:00+00:00,7445.28,7448.53,7444.03,7445.79,3373
2026-07-29T11:30:00+00:00,7445.79,7446.8,7440.78,7441.79,3112
2026-07-29T11:45:00+00:00,7441.79,7446.79,7440.79,7444.8,3371
2026-07-29T12:00:00+00:00,7444.8,7445.3,7434.67,7435.78,4203
2026-07-29T12:15:00+00:00,7435.78,7436.67,7420.54,7423.05,11374
2026-07-29T12:30:00+00:00,7423.05,7430.3,7419.28,7430.05,5191
2026-07-29T12:45:00+00:00,7430.05,7430.79,7426.28,7427.28,3288
2026-07-29T13:00:00+00:00,7427.28,7428.3,7417.78,7418.29,4574
2026-07-29T13:15:00+00:00,7418.29,7428.55,7416.04,7420.79,5692
2026-07-29T13:30:00+00:00,7420.79,7424.83,7408.33,7417.34,31575
2026-07-29T13:45:00+00:00,7417.34,7422.84,7386.08,7393.71,27067
2026-07-29T14:00:00+00:00,7393.71,7403.47,7370.1,7373.97,27444
2026-07-29T14:15:00+00:00,7373.97,7384.34,7362.34,7368.85,26095
2026-07-29T14:30:00+00:00,7368.85,7378.1,7358.08,7361.84,21894
2026-07-29T14:45:00+00:00,7361.84,7372.59,7358.58,7367.85,19695
2026-07-29T15:00:00+00:00,7367.85,7376.35,7364.1,7366.1,17440
2026-07-29T15:15:00+00:00,7366.1,7374.6,7363.22,7363.96,17453
2026-07-29T15:30:00+00:00,7363.96,7369.84,7357.08,7359.58,15795
2026-07-29T15:45:00+00:00,7359.58,7365.1,7349.84,7356.96,14009
2026-07-29T16:00:00+00:00,7356.96,7359.84,7339.58,7339.58,11202
2026-07-29T16:15:00+00:00,7339.58,7358.6,7337.08,7358.09,10878
2026-07-29T16:30:00+00:00,7358.09,7362.6,7348.34,7351.84,11418
2026-07-29T16:45:00+00:00,7351.84,7368.35,7349.83,7368.35,12961
2026-07-29T17:00:00+00:00,7368.35,7385.83,7366.84,7385.58,12675
2026-07-29T17:15:00+00:00,7385.58,7392.34,7377.22,7377.22,11518
2026-07-29T17:30:00+00:00,7377.22,7383.22,7372.6,7377.34,11712
2026-07-29T17:45:00+00:00,7377.34,7383.85,7373.34,7382.57,9566
2026-07-29T18:00:00+00:00,7382.57,7415.1,7382.31,7393.59,36001
2026-07-29T18:15:00+00:00,7393.59,7402.1,7382.33,7392.34,21277
2026-07-29T18:30:00+00:00,7392.34,7429.34,7379.35,7427.35,32196
2026-07-29T18:45:00+00:00,7427.35,7446.35,7424.7,7439.2,29397
2026-07-29T19:00:00+00:00,7439.2,7445.6,7398.34,7407.34,35030
2026-07-29T19:15:00+00:00,7407.34,7416.1,7360.59,7369.1,32769
2026-07-29T19:30:00+00:00,7369.1,7374.83,7326.33,7330.34,34497
2026-07-29T19:45:00+00:00,7330.34,7338.85,7310.33,7312.58,32302
2026-07-29T20:00:00+00:00,7312.58,7319.06,7290.65,7300.66,23608
2026-07-29T20:15:00+00:00,7300.66,7307.15,7288.03,7294.92,8051
2026-07-29T20:30:00+00:00,7294.92,7309.92,7288.53,7304.91,5905
2026-07-29T20:45:00+00:00,7304.91,7307.55,7298.78,7299.27,4335
2026-07-29T22:00:00+00:00,7299.27,7338.75,7296.1,7333.87,7419
2026-07-29T22:15:00+00:00,7333.87,7340.73,7331.61,7336.1,3898
2026-07-29T22:30:00+00:00,7336.1,7338.12,7332.48,7337.36,2427
2026-07-29T22:45:00+00:00,7337.36,7340.48,7332.36,7334.74,1945
2026-07-29T23:00:00+00:00,7334.74,7344.61,7334.6,7338.25,2751
2026-07-29T23:15:00+00:00,7338.25,7344.23,7337.23,7342.73,2038
2026-07-29T23:30:00+00:00,7342.73,7347.25,7340.11,7342.48,2041
2026-07-29T23:45:00+00:00,7342.48,7346.86,7339.85,7343.23,6604
2026-07-30T00:00:00+00:00,7343.23,7352.74,7337.1,7349.24,11677
2026-07-30T00:15:00+00:00,7349.24,7350.5,7339.48,7343.49,9912
2026-07-30T00:30:00+00:00,7343.49,7346.25,7332.74,7335.49,7419
2026-07-30T00:45:00+00:00,7335.49,7342.49,7334.23,7340.75,8318
2026-07-30T01:00:00+00:00,7340.75,7353.61,7339.23,7342.87,8404
2026-07-30T01:15:00+00:00,7342.87,7352,7342,7351,7497
2026-07-30T01:30:00+00:00,7351,7357,7350.73,7355.73,4813
2026-07-30T01:45:00+00:00,7355.73,7357.25,7352.98,7353.6,4332
2026-07-30T02:00:00+00:00,7353.6,7357.5,7351.23,7352,4763
2026-07-30T02:15:00+00:00,7352,7355,7349.74,7351,4593
2026-07-30T02:30:00+00:00,7351,7352.35,7346.5,7351.99,3953
2026-07-30T02:45:00+00:00,7351.99,7353.5,7342.62,7342.98,3766
2026-07-30T03:00:00+00:00,7342.98,7348.75,7336.98,7338.75,4358
2026-07-30T03:15:00+00:00,7338.75,7339.99,7335.49,7338.24,3940
2026-07-30T03:30:00+00:00,7338.24,7343.24,7334.49,7340,6203
2026-07-30T03:45:00+00:00,7340,7343.37,7337.74,7339.74,4268
2026-07-30T04:00:00+00:00,7339.74,7341.25,7335.23,7335.48,4088
2026-07-30T04:15:00+00:00,7335.48,7343.99,7333.87,7343.37,4680
2026-07-30T04:30:00+00:00,7343.37,7343.6,7333.98,7334.49,4409
2026-07-30T04:45:00+00:00,7334.49,7340,7331.23,7332.5,4351
2026-07-30T05:00:00+00:00,7332.5,7333.49,7326.98,7330.6,4556
2026-07-30T05:15:00+00:00,7330.6,7335.5,7330.23,7333.24,4711
2026-07-30T05:30:00+00:00,7333.24,7337.75,7331.48,7337.25,5302
2026-07-30T05:45:00+00:00,7337.25,7341.87,7330,7333.5,3996
2026-07-30T06:00:00+00:00,7333.5,7334,7328.12,7328.87,5732
2026-07-30T06:15:00+00:00,7328.87,7332.25,7324.48,7329.23,4324
2026-07-30T06:30:00+00:00,7329.23,7329.5,7323.48,7323.73,3786
2026-07-30T06:45:00+00:00,7323.73,7329.5,7323.24,7328.74,3404
2026-07-30T07:00:00+00:00,7328.74,7347,7326.75,7340.24,12278
2026-07-30T07:15:00+00:00,7340.24,7341.24,7327.35,7330.1,8093
2026-07-30T07:30:00+00:00,7330.1,7332.99,7319,7330.74,7592
2026-07-30T07:45:00+00:00,7330.74,7332.5,7323.86,7324.5,5094
2026-07-30T08:00:00+00:00,7324.5,7336.25,7316.48,7332.99,9056
2026-07-30T08:15:00+00:00,7332.99,7344.12,7331.48,7341.88,6468
2026-07-30T08:30:00+00:00,7341.88,7344.38,7338.62,7339.62,5405
2026-07-30T08:45:00+00:00,7339.62,7341.89,7334.13,7338.13,3503
2026-07-30T09:00:00+00:00,7338.13,7349.14,7336.62,7345.39,4634
2026-07-30T09:15:00+00:00,7345.39,7350.51,7343.64,7348.62,5214
2026-07-30T09:30:00+00:00,7348.62,7353.39,7345.87,7348.25,4013
2026-07-30T09:45:00+00:00,7348.25,7349.88,7339.62,7339.990000000001,3469
2026-07-30T10:00:00+00:00,7339.990000000001,7347.64,7337.14,7342.87,4251
2026-07-30T10:15:00+00:00,7342.87,7353.89,7342.63,7351.62,4886
2026-07-30T10:30:00+00:00,7351.62,7357.13,7349.62,7355.12,5420
2026-07-30T10:45:00+00:00,7355.12,7357.64,7349.13,7350.490000000001,4692
2026-07-30T11:00:00+00:00,7350.490000000001,7358.37,7350.490000000001,7355.89,5670
2026-07-30T11:15:00+00:00,7355.89,7362.990000000001,7355.37,7362.990000000001,3914
2026-07-30T11:30:00+00:00,7362.990000000001,7364.89,7359.64,7360.75,4148
2026-07-30T11:45:00+00:00,7360.75,7367.39,7360.75,7365.14,3711
2026-07-30T12:00:00+00:00,7365.14,7370.13,7361.37,7369.63,4692
2026-07-30T12:15:00+00:00,7369.63,7370.14,7361.37,7365,4236
2026-07-30T12:30:00+00:00,7365,7371.240000000001,7358.62,7360.63,8955
2026-07-30T12:45:00+00:00,7360.63,7366.13,7358.38,7364.14,7293
2026-07-30T13:00:00+00:00,7364.14,7375.13,7363.37,7368,7849
2026-07-30T13:15:00+00:00,7368,7380.12,7366.87,7379.88,7496
2026-07-30T13:30:00+00:00,7379.88,7386.9400000000005,7365.4400000000005,7382.93,26028
2026-07-30T13:45:00+00:00,7382.93,7405.4400000000005,7382.93,7405.1900000000005,19126
2026-07-30T14:00:00+00:00,7405.1900000000005,7408.93,7393.17,7398.4400000000005,19885
2026-07-30T14:15:00+00:00,7398.4400000000005,7411.9400000000005,7392.42,7405.1900000000005,17417
2026-07-30T14:30:00+00:00,7405.1900000000005,7409.9400000000005,7395.67,7397.1900000000005,14892
2026-07-30T14:45:00+00:00,7397.1900000000005,7399.9400000000005,7374.43,7380.68,17743
2026-07-30T15:00:00+00:00,7380.68,7386.68,7366.67,7367.17,19713
2026-07-30T15:15:00+00:00,7367.17,7379.93,7364.68,7366.42,19135
2026-07-30T15:30:00+00:00,7366.42,7388.18,7365.17,7384.93,18650
2026-07-30T15:45:00+00:00,7384.93,7395.18,7382.06,7390.17,13908
2026-07-30T16:00:00+00:00,7390.17,7408.67,7387.4400000000005,7407.43,11026
2026-07-30T16:15:00+00:00,7407.43,7411.17,7404.43,7406.9400000000005,8416
2026-07-30T16:30:00+00:00,7406.9400000000005,7409.81,7396.92,7399.68,10533
2026-07-30T16:45:00+00:00,7399.68,7410.9400000000005,7399.43,7409.42,8106
2026-07-30T17:00:00+00:00,7409.42,7420.93,7409.3,7416.43,8117
2026-07-30T17:15:00+00:00,7416.43,7421.9400000000005,7416.17,7417.18,5572
2026-07-30T17:30:00+00:00,7417.18,7420.9400000000005,7411.43,7418.6900000000005,7385
2026-07-30T17:45:00+00:00,7418.6900000000005,7423.1900000000005,7415.92,7417.17,4861
2026-07-30T18:00:00+00:00,7417.17,7422.1900000000005,7416.42,7421.42,4944
2026-07-30T18:15:00+00:00,7421.42,7423.4400000000005,7419.93,7422.93,4180
2026-07-30T18:30:00+00:00,7422.93,7424.81,7419.43,7422.4400000000005,4580
2026-07-30T18:45:00+00:00,7422.4400000000005,7427.6900000000005,7422.17,7426.93,4233
2026-07-30T19:00:00+00:00,7426.93,7442.3,7426.93,7439.92,6150
2026-07-30T19:15:00+00:00,7439.92,7443.9400000000005,7436.92,7436.93,5223
2026-07-30T19:30:00+00:00,7436.93,7438.9400000000005,7433.67,7437.1900000000005,6232
2026-07-30T19:45:00+00:00,7437.1900000000005,7441.9400000000005,7429.93,7436.6900000000005,12470
2026-07-30T20:00:00+00:00,7436.6900000000005,7457.38,7433.76,7452.37,12544
2026-07-30T20:15:00+00:00,7452.37,7457.64,7451.64,7455.76,4579
2026-07-30T20:30:00+00:00,7455.76,7461.89,7442.01,7446.490000000001,6064
2026-07-30T20:45:00+00:00,7446.490000000001,7447.39,7437.62,7440.35,2760
2026-07-30T22:00:00+00:00,7440.35,7446.04,7434.17,7442.400000000001,3933
2026-07-30T22:15:00+00:00,7442.400000000001,7446.54,7439.150000000001,7440.92,1870
2026-07-30T22:30:00+00:00,7440.92,7448.400000000001,7438.660000000001,7448.400000000001,1686
2026-07-30T22:45:00+00:00,7448.400000000001,7451.42,7447.910000000001,7450.650000000001,1032
2026-07-30T23:00:00+00:00,7450.650000000001,7455.410000000001,7448.400000000001,7448.900000000001,1518
2026-07-30T23:15:00+00:00,7448.900000000001,7449.92,7446.400000000001,7448.660000000001,964
2026-07-30T23:30:00+00:00,7448.660000000001,7453.79,7448.02,7453.650000000001,1336
2026-07-30T23:45:00+00:00,7453.650000000001,7457.67,7451.17,7453.900000000001,2685
2026-07-31T00:00:00+00:00,7453.900000000001,7462.42,7450.660000000001,7461.650000000001,5169
2026-07-31T00:15:00+00:00,7461.650000000001,7463.910000000001,7458.900000000001,7460.150000000001,3737
2026-07-31T00:30:00+00:00,7460.150000000001,7463.400000000001,7459.650000000001,7462.660000000001,2874
2026-07-31T00:45:00+00:00,7462.660000000001,7462.900000000001,7457.27,7461.17,2536
2026-07-31T01:00:00+00:00,7461.17,7467.92,7461.17,7465.92,2423
2026-07-31T01:15:00+00:00,7465.92,7470.42,7465.780000000001,7468.280000000001,1819
2026-07-31T01:30:00+00:00,7468.280000000001,7468.67,7462.410000000001,7463.17,3071
2026-07-31T01:45:00+00:00,7463.17,7463.92,7460.400000000001,7463.900000000001,2550
2026-07-31T02:00:00+00:00,7463.900000000001,7466.42,7460.42,7460.92,2390
2026-07-31T02:15:00+00:00,7460.92,7460.92,7457.52,7458.530000000001,1945
2026-07-31T02:30:00+00:00,7458.530000000001,7459.660000000001,7454.650000000001,7458.410000000001,1594
2026-07-31T02:45:00+00:00,7458.410000000001,7459.67,7455.400000000001,7459.17,1587
2026-07-31T03:00:00+00:00,7459.17,7459.67,7454.650000000001,7457.17,2294
2026-07-31T03:15:00+00:00,7457.17,7463.410000000001,7457.150000000001,7462.400000000001,2052
2026-07-31T03:30:00+00:00,7462.400000000001,7464.77,7461.900000000001,7463.400000000001,2511
2026-07-31T03:45:00+00:00,7463.400000000001,7463.92,7459.150000000001,7462.910000000001,2484
2026-07-31T04:00:00+00:00,7462.910000000001,7464.42,7458.410000000001,7463.910000000001,1992
2026-07-31T04:15:00+00:00,7463.910000000001,7469.17,7462.650000000001,7468.900000000001,1401
2026-07-31T04:30:00+00:00,7468.900000000001,7473.67,7468.400000000001,7473.42,1375
2026-07-31T04:45:00+00:00,7473.42,7475.42,7472.400000000001,7474.92,1085
2026-07-31T05:00:00+00:00,7474.92,7475.660000000001,7473.160000000001,7474.160000000001,1356
2026-07-31T05:15:00+00:00,7474.160000000001,7476.410000000001,7473.410000000001,7475.27,856
2026-07-31T05:30:00+00:00,7475.27,7476.650000000001,7471.660000000001,7472.650000000001,1543
2026-07-31T05:45:00+00:00,7472.650000000001,7475.650000000001,7471.900000000001,7474.410000000001,1464
2026-07-31T06:00:00+00:00,7474.410000000001,7476.92,7473.400000000001,7476.400000000001,1765
2026-07-31T06:15:00+00:00,7476.400000000001,7477.02,7472.660000000001,7473.900000000001,1392
2026-07-31T06:30:00+00:00,7473.900000000001,7474.17,7459.530000000001,7462.400000000001,4208
2026-07-31T06:45:00+00:00,7462.400000000001,7464.42,7458.160000000001,7462.42,3375
2026-07-31T07:00:00+00:00,7462.42,7473.42,7459.150000000001,7471.92,5598
2026-07-31T07:15:00+00:00,7471.92,7474.67,7467.150000000001,7471.150000000001,4497
2026-07-31T07:30:00+00:00,7471.150000000001,7473.42,7468.77,7472.67,3374
2026-07-31T07:45:00+00:00,7472.67,7474.17,7468.910000000001,7472.660000000001,2972
2026-07-31T08:00:00+00:00,7472.660000000001,7476.42,7468.900000000001,7476.410000000001,5832
2026-07-31T08:15:00+00:00,7476.410000000001,7478.92,7474.150000000001,7477.410000000001,3960
2026-07-31T08:30:00+00:00,7477.410000000001,7478.17,7473.150000000001,7474.410000000001,3144
2026-07-31T08:45:00+00:00,7474.410000000001,7479.92,7473.900000000001,7478.910000000001,3068
2026-07-31T09:00:00+00:00,7478.910000000001,7483.67,7477.17,7482.150000000001,3753
2026-07-31T09:15:00+00:00,7482.150000000001,7482.910000000001,7477.410000000001,7477.900000000001,2406
2026-07-31T09:30:00+00:00,7477.900000000001,7478.42,7469.92,7472.410000000001,3248
2026-07-31T09:45:00+00:00,7472.410000000001,7474.17,7470.02,7470.160000000001,2573
2026-07-31T10:00:00+00:00,7470.160000000001,7474.42,7468.400000000001,7473.42,3461
2026-07-31T10:15:00+00:00,7473.42,7478.17,7472.650000000001,7475.67,1893
2026-07-31T10:30:00+00:00,7475.67,7476.660000000001,7470.400000000001,7474.17,2736
2026-07-31T10:45:00+00:00,7474.17,7475.42,7470.910000000001,7472.650000000001,2504
2026-07-31T11:00:00+00:00,7472.650000000001,7477.42,7472.04,7472.910000000001,3544
2026-07-31T11:15:00+00:00,7472.910000000001,7473.17,7465.52,7466.02,5387
2026-07-31T11:30:00+00:00,7466.02,7466.17,7460.52,7462.17,4275
2026-07-31T11:45:00+00:00,7462.17,7466.400000000001,7461.660000000001,7465.410000000001,3341
2026-07-31T12:00:00+00:00,7465.410000000001,7465.660000000001,7456.150000000001,7456.54,3797
2026-07-31T12:15:00+00:00,7456.54,7458.67,7452.160000000001,7457.18,3631
2026-07-31T12:30:00+00:00,7457.18,7457.92,7445.900000000001,7449.27,5065
2026-07-31T12:45:00+00:00,7449.27,7452.92,7446.400000000001,7449.17,3812
2026-07-31T13:00:00+00:00,7449.17,7457.17,7447.410000000001,7456.160000000001,3270
2026-07-31T13:15:00+00:00,7456.160000000001,7465.42,7456.160000000001,7464.77,4555
2026-07-31T13:30:00+00:00,7464.77,7481.22,7446.47,7448.950000000001,21231
2026-07-31T13:45:00+00:00,7448.950000000001,7453.700000000001,7432.950000000001,7436.59,31394
2026-07-31T14:00:00+00:00,7436.59,7441.09,7396.72,7401.71,28006
2026-07-31T14:15:00+00:00,7401.71,7422.46,7393.950000000001,7421.97,27311
2026-07-31T14:30:00+00:00,7421.97,7434.22,7418.450000000001,7433.700000000001,24085
2026-07-31T14:45:00+00:00,7433.700000000001,7446.96,7432.200000000001,7442.96,19777
2026-07-31T15:00:00+00:00,7442.96,7445.72,7428.950000000001,7439.22,19837
2026-07-31T15:15:00+00:00,7439.22,7448.08,7418.700000000001,7420.700000000001,20235
2026-07-31T15:30:00+00:00,7420.700000000001,7441.450000000001,7415.72,7435.700000000001,19040
2026-07-31T15:45:00+00:00,7435.700000000001,7450.97,7428.96,7448.72,17235
2026-07-31T16:00:00+00:00,7448.72,7453.96,7442.21,7452.72,13451
2026-07-31T16:15:00+00:00,7452.72,7461.97,7445.200000000001,7461.97,11584
2026-07-31T16:30:00+00:00,7461.97,7466.97,7458.950000000001,7459.450000000001,9776
2026-07-31T16:45:00+00:00,7459.450000000001,7467.46,7457.700000000001,7463.72,9101
2026-07-31T17:00:00+00:00,7463.72,7470.96,7462.700000000001,7469.96,6171
2026-07-31T17:15:00+00:00,7469.96,7481.72,7468.950000000001,7480.950000000001,5547
2026-07-31T17:30:00+00:00,7480.950000000001,7482.72,7473.950000000001,7475.97,6529
2026-07-31T17:45:00+00:00,7475.97,7478.72,7469.47,7471.97,7170
2026-07-31T18:00:00+00:00,7471.97,7478.070000000001,7470.450000000001,7474.46,7188
2026-07-31T18:15:00+00:00,7474.46,7482.22,7473.950000000001,7477.97,5421
2026-07-31T18:30:00+00:00,7477.97,7480.47,7474.34,7478.21,4210
2026-07-31T18:45:00+00:00,7478.21,7482.71,7476.71,7478.96,3948
2026-07-31T19:00:00+00:00,7478.96,7483.21,7475.450000000001,7480.71,5263
2026-07-31T19:15:00+00:00,7480.71,7496.96,7480.21,7492.72,6603
2026-07-31T19:30:00+00:00,7492.72,7498.97,7486.21,7498.97,6814
2026-07-31T19:45:00+00:00,7498.97,7506.97,7481.96,7485.22,12752
2026-07-31T20:00:00+00:00,7485.22,7492.910000000001,7483.150000000001,7487.67,8091
2026-07-31T20:15:00+00:00,7487.67,7487.67,7482.26,7483.77,1586
2026-07-31T20:30:00+00:00,7483.77,7485.78,7481.77,7483.37,1210
2026-08-02T22:00:00+00:00,7483.37,7524.08,7483.37,7521.82,6892
2026-08-02T22:15:00+00:00,7521.82,7522.83,7516.06,7517.69,2761
2026-08-02T22:30:00+00:00,7517.69,7519.08,7515.57,7515.58,1129
2026-08-02T22:45:00+00:00,7515.58,7516.82,7510.81,7512.19,981
2026-08-02T23:00:00+00:00,7512.19,7516.44,7510.06,7511.58,1310
2026-08-02T23:15:00+00:00,7511.58,7516.33,7511.58,7515.2,839
2026-08-02T23:30:00+00:00,7515.2,7518.07,7514.56,7516.69,980
2026-08-02T23:45:00+00:00,7516.69,7521.58,7513.31,7517.83,4200
2026-08-03T00:00:00+00:00,7517.83,7520.71,7512.450000000001,7520.21,7419
2026-08-03T00:15:00+00:00,7520.21,7522.950000000001,7511.700000000001,7513.34,3887
2026-08-03T00:30:00+00:00,7513.34,7519.97,7512.700000000001,7515.97,4082
2026-08-03T00:45:00+00:00,7515.97,7520.72,7514.96,7520.59,3697
2026-08-03T01:00:00+00:00,7520.59,7522.47,7517.22,7518.200000000001,3403
2026-08-03T01:15:00+00:00,7518.200000000001,7521.97,7515.950000000001,7521.47,2936
2026-08-03T01:30:00+00:00,7521.47,7523.570000000001,7519.21,7523.200000000001,2391
2026-08-03T01:45:00+00:00,7523.200000000001,7524.97,7522.450000000001,7524.47,1767
2026-08-03T02:00:00+00:00,7524.47,7526.21,7522.96,7525.46,1076
2026-08-03T02:15:00+00:00,7525.46,7528.200000000001,7523.320000000001,7523.47,891
2026-08-03T02:30:00+00:00,7523.47,7526.72,7522.97,7524.96,1341
2026-08-03T02:45:00+00:00,7524.96,7527.21,7524.950000000001,7526.700000000001,733
2026-08-03T03:00:00+00:00,7526.700000000001,7528.22,7526.700000000001,7527.96,774
2026-08-03T03:15:00+00:00,7527.96,7528.72,7525.200000000001,7525.21,780
2026-08-03T03:30:00+00:00,7525.21,7528.96,7524.700000000001,7528.700000000001,1451
2026-08-03T03:45:00+00:00,7528.700000000001,7530.58,7527.71,7528.200000000001,835
2026-08-03T04:00:00+00:00,7528.200000000001,7529.46,7527.450000000001,7528.71,1024
2026-08-03T04:15:00+00:00,7528.71,7531.22,7528.700000000001,7530.96,392
2026-08-03T04:30:00+00:00,7530.96,7531.47,7530.21,7531.46,499
2026-08-03T04:45:00+00:00,7531.46,7533.09,7529.46,7529.71,560
2026-08-03T05:00:00+00:00,7529.71,7531.72,7528.450000000001,7529.97,550
2026-08-03T05:15:00+00:00,7529.97,7530.950000000001,7528.200000000001,7529.71,650
2026-08-03T05:30:00+00:00,7529.71,7530.34,7528.72,7529.21,814
2026-08-03T05:45:00+00:00,7529.21,7529.97,7526.72,7529.46,558
2026-08-03T06:00:00+00:00,7529.46,7532.22,7528.46,7529.96,1503
2026-08-03T06:15:00+00:00,7529.96,7530.22,7525.200000000001,7525.96,1383
2026-08-03T06:30:00+00:00,7525.96,7528.22,7524.450000000001,7524.450000000001,1274
2026-08-03T06:45:00+00:00,7524.450000000001,7525.46,7522.21,7523.200000000001,1167
2026-08-03T07:00:00+00:00,7523.200000000001,7527.47,7519.46,7526.450000000001,3649
2026-08-03T07:15:00+00:00,7526.450000000001,7527.97,7519.200000000001,7523.200000000001,4603
2026-08-03T07:30:00+00:00,7523.200000000001,7526.200000000001,7519.700000000001,7520.21,2614
2026-08-03T07:45:00+00:00,7520.21,7526.47,7519.950000000001,7525.97,2138
2026-08-03T08:00:00+00:00,7525.97,7526.21,7517.08,7521.450000000001,3903
2026-08-03T08:15:00+00:00,7521.450000000001,7521.58,7513.72,7516.72,3705
2026-08-03T08:30:00+00:00,7516.72,7523.34,7514.200000000001,7520.97,3445
2026-08-03T08:45:00+00:00,7520.97,7525.72,7518.72,7525.72,2436
2026-08-03T09:00:00+00:00,7525.72,7526.700000000001,7520.22,7522.450000000001,2302
2026-08-03T09:15:00+00:00,7522.450000000001,7524.97,7521.46,7522.58,1961
2026-08-03T09:30:00+00:00,7522.58,7525.97,7521.950000000001,7522.71,2357
2026-08-03T09:45:00+00:00,7522.71,7524.97,7520.200000000001,7523.72,1802
2026-08-03T10:00:00+00:00,7523.72,7526.22,7521.97,7524.71,1858
2026-08-03T10:15:00+00:00,7524.71,7526.72,7523.71,7526.450000000001,2534
2026-08-03T10:30:00+00:00,7526.450000000001,7528.83,7524.71,7528.72,1758
2026-08-03T10:45:00+00:00,7528.72,7529.46,7527.200000000001,7529.22,1228
2026-08-03T11:00:00+00:00,7529.22,7529.700000000001,7523.700000000001,7526.33,3420
2026-08-03T11:15:00+00:00,7526.33,7530.450000000001,7525.72,7527.820000000001,2404
2026-08-03T11:30:00+00:00,7527.820000000001,7533.950000000001,7526.72,7530.200000000001,2666
2026-08-03T11:45:00+00:00,7530.200000000001,7530.72,7522.200000000001,7523.72,2645
2026-08-03T12:00:00+00:00,7523.72,7523.72,7519.700000000001,7522.71,3039
2026-08-03T12:15:00+00:00,7522.71,7525.21,7520.09,7524.47,2830
2026-08-03T12:30:00+00:00,7524.47,7531.97,7524.47,7531.97,2777
2026-08-03T12:45:00+00:00,7531.97,7532.47,7528.700000000001,7529.700000000001,2109
2026-08-03T13:00:00+00:00,7529.700000000001,7531.46,7527.950000000001,7528.950000000001,2321
2026-08-03T13:15:00+00:00,7528.950000000001,7531.96,7511.46,7512.22,3943
2026-08-03T13:30:00+00:00,7512.22,7537.25,7509.63,7533.76,19781
2026-08-03T13:45:00+00:00,7533.76,7554.39,7531.77,7554.02,15430
2026-08-03T14:00:00+00:00,7554.02,7558.76,7549.01,7557.25,11490
2026-08-03T14:15:00+00:00,7557.25,7566.26,7556.5,7563.51,6344
2026-08-03T14:30:00+00:00,7563.51,7570.02,7561.5,7567.01,4356
2026-08-03T14:45:00+00:00,7567.01,7572.27,7565.26,7572.25,3931
2026-08-03T15:00:00+00:00,7572.25,7572.52,7566.25,7568.75,2960
2026-08-03T15:15:00+00:00,7568.75,7575.26,7568.75,7569.52,4247
2026-08-03T15:30:00+00:00,7569.52,7576.52,7569.26,7574.76,3745
2026-08-03T15:45:00+00:00,7574.76,7580.27,7574.76,7577.76,2763
2026-08-03T16:00:00+00:00,7577.76,7579.77,7575.75,7577.76,1837
2026-08-03T16:15:00+00:00,7577.76,7584.01,7577.5,7583.51,1827
2026-08-03T16:30:00+00:00,7583.51,7584.27,7580.25,7582.77,1910
2026-08-03T16:45:00+00:00,7582.77,7582.77,7578.01,7580.25,1651
2026-08-03T17:00:00+00:00,7580.25,7584.02,7577.87,7583.01,1973
2026-08-03T17:15:00+00:00,7583.01,7589.52,7583.01,7588.76,1949
2026-08-03T17:30:00+00:00,7588.76,7592.52,7588.26,7591.51,1661
2026-08-03T17:45:00+00:00,7591.51,7596.02,7591.25,7594.51,1577
2026-08-03T18:00:00+00:00,7594.51,7601.27,7594.5,7598.02,2429
2026-08-03T18:15:00+00:00,7598.02,7601,7592.75,7593.75,2589
2026-08-03T18:30:00+00:00,7593.75,7599,7591.5,7598.77,2644
2026-08-03T18:45:00+00:00,7598.77,7600.77,7595.5,7597.51,2293
2026-08-03T19:00:00+00:00,7597.51,7604.01,7597.5,7600.02,2391
2026-08-03T19:15:00+00:00,7600.02,7603.76,7600.02,7601.75,2109
2026-08-03T19:30:00+00:00,7601.75,7603.5,7597,7598.77,3004
2026-08-03T19:45:00+00:00,7598.77,7602.01,7592.75,7594.76,6110
2026-08-03T20:00:00+00:00,7594.76,7599.22,7591.700000000001,7598.46,2128
2026-08-03T20:15:00+00:00,7598.46,7602.950000000001,7598.46,7599.47,673
2026-08-03T20:30:00+00:00,7599.47,7602.97,7598.96,7601.72,456
2026-08-03T20:45:00+00:00,7601.72,7601.97,7596.820000000001,7597.570000000001,517
2026-08-03T22:00:00+00:00,7597.570000000001,7602.660000000001,7596.42,7599.67,1846
2026-08-03T22:15:00+00:00,7599.67,7602.29,7599.67,7601.030000000001,599
2026-08-03T22:30:00+00:00,7601.030000000001,7603.92,7600.400000000001,7603.27,725
2026-08-03T22:45:00+00:00,7603.27,7603.280000000001,7601.660000000001,7602.530000000001,523
2026-08-03T23:00:00+00:00,7602.530000000001,7602.910000000001,7600.900000000001,7601.67,442
2026-08-03T23:15:00+00:00,7601.67,7603.42,7601.410000000001,7601.910000000001,424
2026-08-03T23:30:00+00:00,7601.910000000001,7603.42,7600.02,7600.17,590
2026-08-03T23:45:00+00:00,7600.17,7603.17,7599.900000000001,7602.900000000001,2237
2026-08-04T00:00:00+00:00,7602.900000000001,7604.660000000001,7599.400000000001,7601.27,4730
2026-08-04T00:15:00+00:00,7601.27,7601.410000000001,7598.030000000001,7598.410000000001,2840
2026-08-04T00:30:00+00:00,7598.410000000001,7602.42,7596.900000000001,7601.910000000001,3358
2026-08-04T00:45:00+00:00,7601.910000000001,7603.04,7599.150000000001,7600.410000000001,2843
2026-08-04T01:00:00+00:00,7600.410000000001,7602.410000000001,7596.900000000001,7601.400000000001,3564
2026-08-04T01:15:00+00:00,7601.400000000001,7603.67,7599.650000000001,7603.67,2012
2026-08-04T01:30:00+00:00,7603.67,7607.160000000001,7603.160000000001,7607.160000000001,2071
2026-08-04T01:45:00+00:00,7607.160000000001,7614.67,7607.150000000001,7613.67,1642
2026-08-04T02:00:00+00:00,7613.67,7614.67,7607.150000000001,7608.150000000001,2894
2026-08-04T02:15:00+00:00,7608.150000000001,7609.67,7606.400000000001,7607.42,2955
2026-08-04T02:30:00+00:00,7607.42,7611.17,7607.400000000001,7611.150000000001,2405
2026-08-04T02:45:00+00:00,7611.150000000001,7611.67,7608.900000000001,7609.650000000001,1893
2026-08-04T03:00:00+00:00,7609.650000000001,7611.42,7605.410000000001,7606.92,2010
2026-08-04T03:15:00+00:00,7606.92,7611.42,7606.400000000001,7610.660000000001,2381
2026-08-04T03:30:00+00:00,7610.660000000001,7612.67,7609.150000000001,7609.900000000001,2650
2026-08-04T03:45:00+00:00,7609.900000000001,7612.400000000001,7608.910000000001,7611.92,1732
2026-08-04T04:00:00+00:00,7611.92,7612.650000000001,7609.150000000001,7610.160000000001,1778
2026-08-04T04:15:00+00:00,7610.160000000001,7613.150000000001,7609.92,7612.67,1226
2026-08-04T04:30:00+00:00,7612.67,7613.410000000001,7611.910000000001,7612.42,1214
2026-08-04T04:45:00+00:00,7612.42,7613.67,7611.530000000001,7612.650000000001,1096
2026-08-04T05:00:00+00:00,7612.650000000001,7612.92,7609.900000000001,7610.67,1786
2026-08-04T05:15:00+00:00,7610.67,7613.17,7610.150000000001,7612.660000000001,1354
2026-08-04T05:30:00+00:00,7612.660000000001,7616.160000000001,7612.410000000001,7614.410000000001,1084
2026-08-04T05:45:00+00:00,7614.410000000001,7615.150000000001,7613.27,7614.910000000001,1371
2026-08-04T06:00:00+00:00,7614.910000000001,7617.17,7614.02,7617.150000000001,1280
2026-08-04T06:15:00+00:00,7617.150000000001,7617.150000000001,7614.400000000001,7614.400000000001,830
2026-08-04T06:30:00+00:00,7614.400000000001,7615.42,7610.150000000001,7611.160000000001,974
2026-08-04T06:45:00+00:00,7611.160000000001,7611.92,7610.160000000001,7611.67,723
2026-08-04T07:00:00+00:00,7611.67,7614.67,7608.900000000001,7610.17,2855
2026-08-04T07:15:00+00:00,7610.17,7613.42,7609.900000000001,7612.150000000001,1715
2026-08-04T07:30:00+00:00,7612.150000000001,7615.410000000001,7609.400000000001,7609.900000000001,1618
2026-08-04T07:45:00+00:00,7609.900000000001,7613.92,7609.150000000001,7610.650000000001,1262
2026-08-04T08:00:00+00:00,7610.650000000001,7612.410000000001,7609.160000000001,7611.150000000001,2971
2026-08-04T08:15:00+00:00,7611.150000000001,7613.17,7609.400000000001,7610.660000000001,1943
2026-08-04T08:30:00+00:00,7610.660000000001,7610.660000000001,7604.400000000001,7605.67,2717
2026-08-04T08:45:00+00:00,7605.67,7605.67,7602.650000000001,7604.42,1961
2026-08-04T09:00:00+00:00,7604.42,7604.42,7599.400000000001,7601.160000000001,2115
2026-08-04T09:15:00+00:00,7601.160000000001,7601.67,7599.150000000001,7601.650000000001,1795
2026-08-04T09:30:00+00:00,7601.650000000001,7605.530000000001,7601.400000000001,7604.910000000001,1155
2026-08-04T09:45:00+00:00,7604.910000000001,7605.900000000001,7601.900000000001,7604.92,1575
2026-08-04T10:00:00+00:00,7604.92,7606.92,7603.650000000001,7605.79,1208
2026-08-04T10:15:00+00:00,7605.79,7605.92,7603.400000000001,7603.660000000001,1351
2026-08-04T10:30:00+00:00,7603.660000000001,7611.900000000001,7603.42,7610.900000000001,3327
2026-08-04T10:45:00+00:00,7610.900000000001,7614.92,7608.79,7610.400000000001,5406
2026-08-04T11:00:00+00:00,7610.400000000001,7612.280000000001,7608.900000000001,7610.660000000001,3109
2026-08-04T11:15:00+00:00,7610.660000000001,7615.910000000001,7610.150000000001,7615.67,2223
2026-08-04T11:30:00+00:00,7615.67,7624.030000000001,7612.410000000001,7622.02,2848
2026-08-04T11:45:00+00:00,7622.02,7624.900000000001,7619.410000000001,7621.660000000001,6044
2026-08-04T12:00:00+00:00,7621.660000000001,7622.530000000001,7618.650000000001,7619.150000000001,2376
2026-08-04T12:15:00+00:00,7619.150000000001,7622.900000000001,7618.900000000001,7621.79,2094
2026-08-04T12:30:00+00:00,7621.79,7623.160000000001,7619.900000000001,7622.400000000001,2066
2026-08-04T12:45:00+00:00,7622.400000000001,7622.42,7618.280000000001,7618.400000000001,1183
2026-08-04T13:00:00+00:00,7618.400000000001,7621.910000000001,7616.780000000001,7621.42,1583
2026-08-04T13:15:00+00:00,7621.42,7630.780000000001,7620.650000000001,7624.650000000001,4037
2026-08-04T13:30:00+00:00,7624.650000000001,7640.72,7623.84,7637.21,8320
2026-08-04T13:45:00+00:00,7637.21,7653.97,7637.21,7652.59,8455
2026-08-04T14:00:00+00:00,7652.59,7667.97,7649.950000000001,7667.97,6838
2026-08-04T14:15:00+00:00,7667.97,7673.47,7660.950000000001,7664.21,7593
2026-08-04T14:30:00+00:00,7664.21,7677.46,7660.450000000001,7677.46,7910
2026-08-04T14:45:00+00:00,7677.46,7683.71,7675.21,7682.700000000001,5832
2026-08-04T15:00:00+00:00,7682.700000000001,7691.21,7681.450000000001,7688.72,4334
2026-08-04T15:15:00+00:00,7688.72,7698.450000000001,7688.450000000001,7693.070000000001,3511
2026-08-04T15:30:00+00:00,7693.070000000001,7702.97,7691.22,7702.450000000001,4555
2026-08-04T15:45:00+00:00,7702.450000000001,7708.47,7701.200000000001,7703.96,3646
2026-08-04T16:00:00+00:00,7703.96,7708.97,7700.700000000001,7701.97,3020
2026-08-04T16:15:00+00:00,7701.97,7712.97,7701.820000000001,7711.72,2799
2026-08-04T16:30:00+00:00,7711.72,7719.950000000001,7709.700000000001,7719.700000000001,2475
2026-08-04T16:45:00+00:00,7719.700000000001,7722.97,7719.700000000001,7722.46,2576
2026-08-04T17:00:00+00:00,7722.46,7732.96,7721.700000000001,7732.200000000001,2980
2026-08-04T17:15:00+00:00,7732.200000000001,7735.97,7729.22,7732.72,2989
2026-08-04T17:30:00+00:00,7732.72,7743.47,7729.450000000001,7742.950000000001,2878
2026-08-04T17:45:00+00:00,7742.950000000001,7750.96,7735.450000000001,7735.450000000001,5383
2026-08-04T18:00:00+00:00,7735.450000000001,7741.71,7730.72,7741.47,6810
2026-08-04T18:15:00+00:00,7741.47,7743.71,7739.450000000001,7743.22,3756
2026-08-04T18:30:00+00:00,7743.22,7744.22,7733.46,7736.71,3962
2026-08-04T18:45:00+00:00,7736.71,7742.22,7736.71,7740.22,3722
2026-08-04T19:00:00+00:00,7740.22,7749.71,7739.97,7748.200000000001,3758
2026-08-04T19:15:00+00:00,7748.200000000001,7750.47,7740.450000000001,7742.22,2867
2026-08-04T19:30:00+00:00,7742.22,7752.47,7740.450000000001,7751.700000000001,4132
2026-08-04T19:45:00+00:00,7751.700000000001,7753.22,7728.96,7731.47,8106
2026-08-04T20:00:00+00:00,7731.47,7748.280000000001,7730.910000000001,7740.77,8182
2026-08-04T20:15:00+00:00,7740.77,7740.77,7728.67,7734.160000000001,7508
2026-08-04T20:30:00+00:00,7734.160000000001,7740.160000000001,7732.780000000001,7738.410000000001,2855
2026-08-04T20:45:00+00:00,7738.410000000001,7742.660000000001,7737.650000000001,7741.64,2466
2026-08-04T22:00:00+00:00,7741.64,7746.64,7739.37,7746.51,1915
2026-08-04T22:15:00+00:00,7746.51,7749.64,7745.62,7748.38,1173
2026-08-04T22:30:00+00:00,7748.38,7751.38,7746,7746.38,1243
2026-08-04T22:45:00+00:00,7746.38,7749.14,7745.88,7748.990000000001,872
2026-08-04T23:00:00+00:00,7748.990000000001,7751.13,7746.88,7750.13,880
2026-08-04T23:15:00+00:00,7750.13,7750.89,7747.37,7747.64,394
2026-08-04T23:30:00+00:00,7747.64,7748.39,7744.14,7747.5,1192
2026-08-04T23:45:00+00:00,7747.5,7749.26,7745.62,7745.62,2023
2026-08-05T00:00:00+00:00,7745.62,7748.63,7744.5,7748.490000000001,4161
2026-08-05T00:15:00+00:00,7748.490000000001,7751.89,7747.12,7751.63,1936
2026-08-05T00:30:00+00:00,7751.63,7753.64,7748.740000000001,7748.740000000001,1669
2026-08-05T00:45:00+00:00,7748.740000000001,7752.64,7747.12,7752.64,2071
2026-08-05T01:00:00+00:00,7752.64,7752.64,7747.5,7750.38,2072
2026-08-05T01:15:00+00:00,7750.38,7750.89,7746.12,7747.38,1838
2026-08-05T01:30:00+00:00,7747.38,7751.89,7746.87,7750.39,1528
2026-08-05T01:45:00+00:00,7750.39,7753.38,7750.39,7752.63,1453
2026-08-05T02:00:00+00:00,7752.63,7755.14,7751.64,7753.89,1684
2026-08-05T02:15:00+00:00,7753.89,7755.14,7752.37,7753.37,982
2026-08-05T02:30:00+00:00,7753.37,7754.740000000001,7752.12,7754.62,1219
2026-08-05T02:45:00+00:00,7754.62,7756.89,7754.38,7755.13,863
2026-08-05T03:00:00+00:00,7755.13,7760.14,7754.62,7759.12,1160
2026-08-05T03:15:00+00:00,7759.12,7760.39,7755.62,7755.62,925
2026-08-05T03:30:00+00:00,7755.62,7759.89,7754.63,7759.38,1059
2026-08-05T03:45:00+00:00,7759.38,7760.39,7757.64,7760.12,641
2026-08-05T04:00:00+00:00,7760.12,7761.14,7759.13,7759.13,688
2026-08-05T04:15:00+00:00,7759.13,7759.14,7756.38,7757.63,730
2026-08-05T04:30:00+00:00,7757.63,7760.12,7757.12,7759.63,675
2026-08-05T04:45:00+00:00,7759.63,7760.64,7757.63,7759.62,593
2026-08-05T05:00:00+00:00,7759.62,7763.13,7758.87,7762.87,1061
2026-08-05T05:15:00+00:00,7762.87,7764.37,7762.37,7762.37,591
2026-08-05T05:30:00+00:00,7762.37,7764.39,7761.62,7764.39,776
2026-08-05T05:45:00+00:00,7764.39,7767.88,7763.88,7766.87,719
2026-08-05T06:00:00+00:00,7766.87,7767.76,7765.37,7767.240000000001,978
2026-08-05T06:15:00+00:00,7767.240000000001,7767.240000000001,7759.88,7761.13,1127
2026-08-05T06:30:00+00:00,7761.13,7764.38,7760.62,7762.62,948
2026-08-05T06:45:00+00:00,7762.62,7766.39,7762.12,7766.39,742
2026-08-05T07:00:00+00:00,7766.39,7767.62,7760.62,7762.14,3144
2026-08-05T07:15:00+00:00,7762.14,7762.89,7758.87,7759.14,1821
2026-08-05T07:30:00+00:00,7759.14,7760.39,7756.37,7759.240000000001,1472
2026-08-05T07:45:00+00:00,7759.240000000001,7761.37,7758.13,7760.87,943
2026-08-05T08:00:00+00:00,7760.87,7764.89,7754.76,7756.14,2496
2026-08-05T08:15:00+00:00,7756.14,7757.38,7750.87,7753.38,2997
2026-08-05T08:30:00+00:00,7753.38,7753.75,7748.64,7750.88,2913
2026-08-05T08:45:00+00:00,7750.88,7753.39,7748.62,7752.38,2203
2026-08-05T09:00:00+00:00,7752.38,7755.63,7750.990000000001,7754.14,1839
2026-08-05T09:15:00+00:00,7754.14,7757.13,7752.25,7757.13,2019
2026-08-05T09:30:00+00:00,7757.13,7760.39,7756.63,7758.37,1857
2026-08-05T09:45:00+00:00,7758.37,7758.89,7755.63,7756.62,1501
2026-08-05T10:00:00+00:00,7756.62,7758.38,7755.63,7757.12,1249
2026-08-05T10:15:00+00:00,7757.12,7761.64,7756.62,7761.39,1627
2026-08-05T10:30:00+00:00,7761.39,7763.26,7760.12,7761.37,1316
2026-08-05T10:45:00+00:00,7761.37,7766.14,7760.89,7765.87,2380
2026-08-05T11:00:00+00:00,7765.87,7767.26,7763.62,7765.88,2881
2026-08-05T11:15:00+00:00,7765.88,7767.89,7762.87,7762.87,1211
2026-08-05T11:30:00+00:00,7762.87,7766.14,7761.63,7762.64,1799
2026-08-05T11:45:00+00:00,7762.64,7766.64,7761.13,7766.13,2316
2026-08-05T12:00:00+00:00,7766.13,7770.25,7765.62,7769.01,2607
2026-08-05T12:15:00+00:00,7769.01,7773.63,7767.63,7771.37,2718
2026-08-05T12:30:00+00:00,7771.37,7772.62,7764.14,7770.62,3427
2026-08-05T12:45:00+00:00,7770.62,7771.51,7766.89,7767.87,1985
2026-08-05T13:00:00+00:00,7767.87,7776.64,7767.63,7774.63,2326
2026-08-05T13:15:00+00:00,7774.63,7777.88,7771.62,7777.62,3203
2026-08-05T13:30:00+00:00,7777.62,7788.42,7772.42,7785.05,19632
2026-08-05T13:45:00+00:00,7785.05,7787.4400000000005,7763.54,7787.4400000000005,18359
2026-08-05T14:00:00+00:00,7787.4400000000005,7787.4400000000005,7769.56,7782.18,21750
2026-08-05T14:15:00+00:00,7782.18,7784.92,7767.68,7768.04,18190
2026-08-05T14:30:00+00:00,7768.04,7770.6900000000005,7756.43,7760.42,18692
2026-08-05T14:45:00+00:00,7760.42,7768.67,7746.68,7754.54,15851
2026-08-05T15:00:00+00:00,7754.54,7759.6900000000005,7750.17,7750.67,13572
2026-08-05T15:15:00+00:00,7750.67,7751.6900000000005,7733.04,7736.93,13478
2026-08-05T15:30:00+00:00,7736.93,7745.18,7736.55,7739.92,12001
2026-08-05T15:45:00+00:00,7739.92,7739.92,7723.18,7726.17,9583
2026-08-05T16:00:00+00:00,7726.17,7729.9400000000005,7719.04,7724.43,13083
2026-08-05T16:15:00+00:00,7724.43,7740.9400000000005,7722.18,7740.4400000000005,10576
2026-08-05T16:30:00+00:00,7740.4400000000005,7741.6900000000005,7731.67,7735.42,9052
2026-08-05T16:45:00+00:00,7735.42,7741.1900000000005,7732.42,7737.92,7845
2026-08-05T17:00:00+00:00,7737.92,7741.05,7730.42,7734.6900000000005,8665
2026-08-05T17:15:00+00:00,7734.6900000000005,7737.81,7730.42,7733.18,7329
2026-08-05T17:30:00+00:00,7733.18,7739.9400000000005,7730.68,7737.18,6395
2026-08-05T17:45:00+00:00,7737.18,7739.4400000000005,7733.43,7735.1900000000005,5394
2026-08-05T18:00:00+00:00,7735.1900000000005,7742.6900000000005,7735.17,7737.67,5680
2026-08-05T18:15:00+00:00,7737.67,7740.9400000000005,7736.81,7739.18,4189
2026-08-05T18:30:00+00:00,7739.18,7739.31,7731.92,7735.93,5444
2026-08-05T18:45:00+00:00,7735.93,7739.6900000000005,7733.42,7733.67,3830
2026-08-05T19:00:00+00:00,7733.67,7738.18,7732.1900000000005,7737.1900000000005,4762
2026-08-05T19:15:00+00:00,7737.1900000000005,7739.6900000000005,7736.42,7737.4400000000005,3726
2026-08-05T19:30:00+00:00,7737.4400000000005,7738.1900000000005,7731.92,7734.4400000000005,4284
2026-08-05T19:45:00+00:00,7734.4400000000005,7735.93,7714.18,7716.9400000000005,7839
2026-08-05T20:00:00+00:00,7716.9400000000005,7728.62,7715.37,7727.88,7496
2026-08-05T20:15:00+00:00,7727.88,7728.62,7723.13,7725.38,2174
2026-08-05T20:30:00+00:00,7725.38,7729.39,7724.88,7729.38,878
2026-08-05T20:45:00+00:00,7729.38,7729.89,7726.37,7726.97,886
2026-08-05T22:00:00+00:00,7726.97,7729.990000000001,7725.88,7727.25,1692
2026-08-05T22:15:00+00:00,7727.25,7736.63,7727.25,7736.12,1356
2026-08-05T22:30:00+00:00,7736.12,7739.87,7735.2300000000005,7738,877
2026-08-05T22:45:00+00:00,7738,7739.860000000001,7733.37,7733.4800000000005,1025
2026-08-05T23:00:00+00:00,7733.4800000000005,7735.62,7732.25,7735.37,652
2026-08-05T23:15:00+00:00,7735.37,7736.9800000000005,7734.110000000001,7734.860000000001,609
2026-08-05T23:30:00+00:00,7734.860000000001,7736.12,7731.110000000001,7732.37,1345
2026-08-05T23:45:00+00:00,7732.37,7732.5,7729.610000000001,7731.13,1909
2026-08-06T00:00:00+00:00,7731.13,7732.62,7726.860000000001,7729.490000000001,3930
2026-08-06T00:15:00+00:00,7729.490000000001,7731.7300000000005,7726.13,7727.37,3131
2026-08-06T00:30:00+00:00,7727.37,7731.13,7727.110000000001,7729.360000000001,2580
2026-08-06T00:45:00+00:00,7729.360000000001,7730.4800000000005,7726.110000000001,7726.37,2245
2026-08-06T01:00:00+00:00,7726.37,7726.87,7722.110000000001,7724.360000000001,2627
2026-08-06T01:15:00+00:00,7724.360000000001,7724.37,7717.2300000000005,7719.12,2209
2026-08-06T01:30:00+00:00,7719.12,7723.63,7718.610000000001,7719.87,2953
2026-08-06T01:45:00+00:00,7719.87,7725.490000000001,7719.62,7724.240000000001,2516
2026-08-06T02:00:00+00:00,7724.240000000001,7732.88,7724.110000000001,7730.12,2375
2026-08-06T02:15:00+00:00,7730.12,7732.88,7728.88,7729.610000000001,2008
2026-08-06T02:30:00+00:00,7729.610000000001,7736.360000000001,7727.860000000001,7736.360000000001,1391
2026-08-06T02:45:00+00:00,7736.360000000001,7737.12,7733.110000000001,7734.13,1497
2026-08-06T03:00:00+00:00,7734.13,7736.38,7733.360000000001,7734.38,1230
2026-08-06T03:15:00+00:00,7734.38,7735.13,7729.13,7729.87,1052
2026-08-06T03:30:00+00:00,7729.87,7732.13,7728.37,7730.87,1878
2026-08-06T03:45:00+00:00,7730.87,7732.990000000001,7728.610000000001,7732.610000000001,1743
2026-08-06T04:00:00+00:00,7732.610000000001,7732.88,7728.860000000001,7730.37,1593
2026-08-06T04:15:00+00:00,7730.37,7734.37,7730.25,7733.12,1223
2026-08-06T04:30:00+00:00,7733.12,7734.610000000001,7729.110000000001,7730.110000000001,1440
2026-08-06T04:45:00+00:00,7730.110000000001,7732.38,7729.13,7732.13,1429
2026-08-06T05:00:00+00:00,7732.13,7734.88,7730.62,7732.87,1980
2026-08-06T05:15:00+00:00,7732.87,7734.38,7730.610000000001,7732.88,1967
2026-08-06T05:30:00+00:00,7732.88,7733.38,7730.38,7733.37,1616
2026-08-06T05:45:00+00:00,7733.37,7734.38,7729.860000000001,7734.110000000001,1469
2026-08-06T06:00:00+00:00,7734.110000000001,7734.38,7724.740000000001,7725.62,1983
2026-08-06T06:15:00+00:00,7725.62,7730.63,7723.38,7730.4800000000005,2256
2026-08-06T06:30:00+00:00,7730.4800000000005,7730.860000000001,7724.610000000001,7726.63,1977
2026-08-06T06:45:00+00:00,7726.63,7729.63,7724.610000000001,7728.860000000001,1623
2026-08-06T07:00:00+00:00,7728.860000000001,7733.63,7727.110000000001,7732.62,3544
2026-08-06T07:15:00+00:00,7732.62,7733.490000000001,7728.87,7729.38,1933
2026-08-06T07:30:00+00:00,7729.38,7729.62,7724.110000000001,7725.38,1766
2026-08-06T07:45:00+00:00,7725.38,7728.38,7724.360000000001,7727.610000000001,1745
2026-08-06T08:00:00+00:00,7727.610000000001,7728.13,7719.490000000001,7722.63,4022
2026-08-06T08:15:00+00:00,7722.63,7729.75,7720.990000000001,7729.610000000001,3570
2026-08-06T08:30:00+00:00,7729.610000000001,7732.87,7729.38,7730.740000000001,2343
2026-08-06T08:45:00+00:00,7730.740000000001,7734.610000000001,7729.12,7734.12,1548
2026-08-06T09:00:00+00:00,7734.12,7734.12,7724.38,7725.62,2250
2026-08-06T09:15:00+00:00,7725.62,7730.860000000001,7725.5,7729.63,1652
2026-08-06T09:30:00+00:00,7729.63,7731.38,7727.860000000001,7730.110000000001,1607
2026-08-06T09:45:00+00:00,7730.110000000001,7736.63,7730.110000000001,7736.38,1118
2026-08-06T10:00:00+00:00,7736.38,7736.38,7732.12,7732.610000000001,1264
2026-08-06T10:15:00+00:00,7732.610000000001,7735.37,7731.37,7734.610000000001,1080
2026-08-06T10:30:00+00:00,7734.610000000001,7734.63,7728.610000000001,7729.13,1237
2026-08-06T10:45:00+00:00,7729.13,7731.13,7728.110000000001,7731.12,1725
2026-08-06T11:00:00+00:00,7731.12,7731.12,7719.7300000000005,7725.37,5057
2026-08-06T11:15:00+00:00,7725.37,7731.88,7725.110000000001,7731.38,2164
2026-08-06T11:30:00+00:00,7731.38,7734.88,7730.87,7731.37,2005
2026-08-06T11:45:00+00:00,7731.37,7733.37,7723.88,7729.13,3748
2026-08-06T12:00:00+00:00,7729.13,7729.88,7722.7300000000005,7723.360000000001,3765
2026-08-06T12:15:00+00:00,7723.360000000001,7729.38,7721.110000000001,7726.240000000001,2351
2026-08-06T12:30:00+00:00,7726.240000000001,7730.62,7724,7727.62,2698
2026-08-06T12:45:00+00:00,7727.62,7728.860000000001,7721.610000000001,7723.610000000001,2241
2026-08-06T13:00:00+00:00,7723.610000000001,7724.13,7716.860000000001,7718.38,2743
2026-08-06T13:15:00+00:00,7718.38,7723.38,7717.360000000001,7721.13,3537
2026-08-06T13:30:00+00:00,7721.13,7728.3,7709.67,7724.68,22641
2026-08-06T13:45:00+00:00,7724.68,7734.67,7724.410000000001,7728.43,17763
2026-08-06T14:00:00+00:00,7728.43,7736.93,7725.660000000001,7734.92,14102
2026-08-06T14:15:00+00:00,7734.92,7737.55,7720.160000000001,7723.68,11203
2026-08-06T14:30:00+00:00,7723.68,7728.92,7715.93,7720.93,13774
2026-08-06T14:45:00+00:00,7720.93,7729.92,7714.910000000001,7729.17,11712
2026-08-06T15:00:00+00:00,7729.17,7731.67,7718.410000000001,7718.68,9987
2026-08-06T15:15:00+00:00,7718.68,7720.42,7705.410000000001,7711.67,11753
2026-08-06T15:30:00+00:00,7711.67,7713.67,7702.160000000001,7702.160000000001,10460
2026-08-06T15:45:00+00:00,7702.160000000001,7716.68,7698.8,7700.410000000001,11302
2026-08-06T16:00:00+00:00,7700.410000000001,7704.18,7696.42,7698.67,10323
2026-08-06T16:15:00+00:00,7698.67,7703.910000000001,7693.67,7701.42,8909
2026-08-06T16:30:00+00:00,7701.42,7707.910000000001,7699.660000000001,7699.68,7797
2026-08-06T16:45:00+00:00,7699.68,7709.18,7698.160000000001,7708.68,5918
2026-08-06T17:00:00+00:00,7708.68,7710.67,7699.92,7700.42,6376
2026-08-06T17:15:00+00:00,7700.42,7703.42,7696.910000000001,7697.160000000001,5292
2026-08-06T17:30:00+00:00,7697.160000000001,7701.68,7696.160000000001,7700.18,4652
2026-08-06T17:45:00+00:00,7700.18,7705.42,7698.660000000001,7705.42,3681
2026-08-06T18:00:00+00:00,7705.42,7711.660000000001,7703.910000000001,7710.660000000001,4132
2026-08-06T18:15:00+00:00,7710.660000000001,7716.43,7705.42,7713.160000000001,4948
2026-08-06T18:30:00+00:00,7713.160000000001,7713.67,7703.93,7706.67,3485
2026-08-06T18:45:00+00:00,7706.67,7710.43,7706.160000000001,7708.93,2662
2026-08-06T19:00:00+00:00,7708.93,7717.17,7708.68,7712.67,3244
2026-08-06T19:15:00+00:00,7712.67,7713.93,7704.660000000001,7705.93,4059
2026-08-06T19:30:00+00:00,7705.93,7709.18,7699.910000000001,7702.43,4724
2026-08-06T19:45:00+00:00,7702.43,7708.42,7696.42,7705.17,8128
2026-08-06T20:00:00+00:00,7705.17,7710.360000000001,7704.62,7707.110000000001,3205
2026-08-06T20:15:00+00:00,7707.110000000001,7708.38,7698.12,7699.360000000001,1612
2026-08-06T20:30:00+00:00,7699.360000000001,7701.110000000001,7697.860000000001,7699.62,612
2026-08-06T20:45:00+00:00,7699.62,7701.63,7699.110000000001,7700.71,548
2026-08-06T22:00:00+00:00,7700.71,7709.76,7699.5,7709.26,1027
2026-08-06T22:15:00+00:00,7709.26,7710.62,7705.88,7706.490000000001,701
2026-08-06T22:30:00+00:00,7706.490000000001,7706.51,7702.990000000001,7705.740000000001,620
2026-08-06T22:45:00+00:00,7705.740000000001,7708.25,7705.38,7707.76,499
2026-08-06T23:00:00+00:00,7707.76,7708.490000000001,7706.240000000001,7706.610000000001,489
2026-08-06T23:15:00+00:00,7706.610000000001,7710.51,7706.610000000001,7708,725
2026-08-06T23:30:00+00:00,7708,7709.75,7707.12,7709.5,749
2026-08-06T23:45:00+00:00,7709.5,7710.76,7708.240000000001,7709.740000000001,2377
2026-08-07T00:00:00+00:00,7709.740000000001,7712.26,7706.240000000001,7708.01,5248
2026-08-07T00:15:00+00:00,7708.01,7708.26,7698.990000000001,7700.26,4280
2026-08-07T00:30:00+00:00,7700.26,7709.25,7699.62,7704.360000000001,4520
2026-08-07T00:45:00+00:00,7704.360000000001,7707.01,7700.240000000001,7705.51,3680
2026-08-07T01:00:00+00:00,7705.51,7707.76,7700.75,7701.75,3653
2026-08-07T01:15:00+00:00,7701.75,7704.01,7697.5,7703.490000000001,2985
2026-08-07T01:30:00+00:00,7703.490000000001,7709.01,7699.38,7702.5,5095
2026-08-07T01:45:00+00:00,7702.5,7704.5,7699.740000000001,7702.63,4587
2026-08-07T02:00:00+00:00,7702.63,7704.860000000001,7698.990000000001,7702.5,3841
2026-08-07T02:15:00+00:00,7702.5,7704.26,7701.240000000001,7702.38,2340
2026-08-07T02:30:00+00:00,7702.38,7702.75,7696.740000000001,7699.490000000001,2525
2026-08-07T02:45:00+00:00,7699.490000000001,7703.25,7699,7702,1391
2026-08-07T03:00:00+00:00,7702,7704,7701.740000000001,7701.88,1112
2026-08-07T03:15:00+00:00,7701.88,7702.51,7698.240000000001,7700.490000000001,1407
2026-08-07T03:30:00+00:00,7700.490000000001,7702.26,7699.25,7700.240000000001,2322
2026-08-07T03:45:00+00:00,7700.240000000001,7701.01,7698.490000000001,7699.01,1693
2026-08-07T04:00:00+00:00,7699.01,7700.51,7697.490000000001,7697.990000000001,1793
2026-08-07T04:15:00+00:00,7697.990000000001,7702.26,7695.25,7700.51,2147
2026-08-07T04:30:00+00:00,7700.51,7703.26,7699.240000000001,7699.360000000001,1869
2026-08-07T04:45:00+00:00,7699.360000000001,7702.12,7698.740000000001,7701.5,1639
2026-08-07T05:00:00+00:00,7701.5,7706.51,7701.12,7703.740000000001,1723
2026-08-07T05:15:00+00:00,7703.740000000001,7705.5,7703.490000000001,7704.490000000001,1392
2026-08-07T05:30:00+00:00,7704.490000000001,7704.76,7701.610000000001,7702.75,1202
2026-08-07T05:45:00+00:00,7702.75,7703.63,7701.490000000001,7701.5,1030
2026-08-07T06:00:00+00:00,7701.5,7707.76,7701.490000000001,7707.490000000001,1331
2026-08-07T06:15:00+00:00,7707.490000000001,7709.75,7706.25,7709.5,971
2026-08-07T06:30:00+00:00,7709.5,7709.51,7703.990000000001,7704.490000000001,1024
2026-08-07T06:45:00+00:00,7704.490000000001,7708.360000000001,7704.110000000001,7707.75,804
2026-08-07T07:00:00+00:00,7707.75,7712.240000000001,7705.76,7712.240000000001,3211
2026-08-07T07:15:00+00:00,7712.240000000001,7712.26,7709.490000000001,7711.38,1613
2026-08-07T07:30:00+00:00,7711.38,7712.490000000001,7709.490000000001,7710.76,1380
2026-08-07T07:45:00+00:00,7710.76,7711.26,7707.990000000001,7710.240000000001,1113
2026-08-07T08:00:00+00:00,7710.240000000001,7716.5,7710,7716.01,2278
2026-08-07T08:15:00+00:00,7716.01,7716.5,7711.990000000001,7714.01,1724
2026-08-07T08:30:00+00:00,7714.01,7717.12,7711.76,7713.740000000001,1595
2026-08-07T08:45:00+00:00,7713.740000000001,7715.75,7712.990000000001,7715.240000000001,1511
2026-08-07T09:00:00+00:00,7715.240000000001,7717.75,7714.490000000001,7717,1447
2026-08-07T09:15:00+00:00,7717,7718.51,7714.990000000001,7716.76,1241
2026-08-07T09:30:00+00:00,7716.76,7718.51,7716,7717.01,1252
2026-08-07T09:45:00+00:00,7717.01,7718.25,7715.240000000001,7715.75,1425
2026-08-07T10:00:00+00:00,7715.75,7717.13,7714.990000000001,7714.990000000001,1111
2026-08-07T10:15:00+00:00,7714.990000000001,7716.88,7713.990000000001,7716.76,855
2026-08-07T10:30:00+00:00,7716.76,7718.76,7716,7718.75,724
2026-08-07T10:45:00+00:00,7718.75,7719.240000000001,7714.76,7716.240000000001,661
2026-08-07T11:00:00+00:00,7716.240000000001,7721.51,7716.240000000001,7719.76,1608
2026-08-07T11:15:00+00:00,7719.76,7724.76,7719.76,7723.240000000001,1193
2026-08-07T11:30:00+00:00,7723.240000000001,7726.5,7722.990000000001,7725.740000000001,961
2026-08-07T11:45:00+00:00,7725.740000000001,7725.76,7718.240000000001,7718.51,1650
2026-08-07T12:00:00+00:00,7718.51,7725.76,7717.240000000001,7722.76,1968
2026-08-07T12:15:00+00:00,7722.76,7728.490000000001,7721.27,7726.530000000001,2695
2026-08-07T12:30:00+00:00,7726.530000000001,7746.01,7724.52,7742.25,12466
2026-08-07T12:45:00+00:00,7742.25,7748.75,7742.240000000001,7744.75,5237
2026-08-07T13:00:00+00:00,7744.75,7745.76,7729.990000000001,7731.240000000001,4453
2026-08-07T13:15:00+00:00,7731.240000000001,7732.240000000001,7723.5,7726.26,4249
2026-08-07T13:30:00+00:00,7726.26,7738.3,7723.54,7737.18,20995
2026-08-07T13:45:00+00:00,7737.18,7740.3,7721.8,7728.06,19914
2026-08-07T14:00:00+00:00,7728.06,7733.18,7713.55,7715.79,20967
2026-08-07T14:15:00+00:00,7715.79,7750.31,7714.29,7749.3,16630
2026-08-07T14:30:00+00:00,7749.3,7750.81,7734.54,7737.06,15456
2026-08-07T14:45:00+00:00,7737.06,7747.31,7736.54,7746.31,14120
2026-08-07T15:00:00+00:00,7746.31,7751.29,7741.55,7748.56,7739
2026-08-07T15:15:00+00:00,7748.56,7756.56,7745.29,7754.05,6256
2026-08-07T15:30:00+00:00,7754.05,7756.56,7746.55,7749.29,5846
2026-08-07T15:45:00+00:00,7749.29,7753.81,7745.79,7747.81,5080
2026-08-07T16:00:00+00:00,7747.81,7751.06,7744.8,7747.55,4677
2026-08-07T16:15:00+00:00,7747.55,7750.3,7730.67,7734.56,8569
2026-08-07T16:30:00+00:00,7734.56,7743.56,7727.79,7743.29,8406
2026-08-07T16:45:00+00:00,7743.29,7746.06,7736.8,7737.05,5525
2026-08-07T17:00:00+00:00,7737.05,7741.04,7735.04,7737.81,4606
2026-08-07T17:15:00+00:00,7737.81,7741.31,7735.04,7738.3,3373
2026-08-07T17:30:00+00:00,7738.3,7741.31,7734.55,7738.79,3263
2026-08-07T17:45:00+00:00,7738.79,7742.06,7737.04,7738.81,2882
2026-08-07T18:00:00+00:00,7738.81,7740.06,7731.8,7733.06,3254
2026-08-07T18:15:00+00:00,7733.06,7735.31,7731.53,7731.78,3461
2026-08-07T18:30:00+00:00,7731.78,7733.53,7725.78,7726.8,2904
2026-08-07T18:45:00+00:00,7726.8,7734.05,7726.03,7734.03,2759
2026-08-07T19:00:00+00:00,7734.03,7747.8,7733.8,7746.28,4763
2026-08-07T19:15:00+00:00,7746.28,7751.79,7745.28,7748.04,4328
2026-08-07T19:30:00+00:00,7748.04,7748.54,7742.55,7743.04,4131
2026-08-07T19:45:00+00:00,7743.04,7755.05,7742.78,7748.29,8064
2026-08-07T20:00:00+00:00,7748.29,7750.5,7743.7300000000005,7744.99,2517
2026-08-07T20:15:00+00:00,7744.99,7746.49,7743.11,7743.37,656
2026-08-07T20:30:00+00:00,7743.37,7747.12,7743.1,7746.21,365
2026-08-09T22:00:00+00:00,7746.21,7750.73,7738.34,7739.47,2965
2026-08-09T22:15:00+00:00,7739.47,7741.46,7734.61,7740.59,1359
2026-08-09T22:30:00+00:00,7740.59,7741.84,7737.84,7739.85,1033
2026-08-09T22:45:00+00:00,7739.85,7740.86,7738.86,7740.1,504
2026-08-09T23:00:00+00:00,7740.1,7743.61,7738.6,7742.85,819
2026-08-09T23:15:00+00:00,7742.85,7744.36,7742.34,7742.84,613
2026-08-09T23:30:00+00:00,7742.84,7743.34,7739.09,7742.61,716
2026-08-09T23:45:00+00:00,7742.61,7743.61,7738.09,7738.09,1552
2026-08-10T00:00:00+00:00,7738.09,7749.11,7736.61,7747.59,3230
2026-08-10T00:15:00+00:00,7747.59,7747.72,7741.61,7742.11,2214
2026-08-10T00:30:00+00:00,7742.11,7744.36,7740.09,7741.11,2250
2026-08-10T00:45:00+00:00,7741.11,7744.11,7740.09,7741.84,1951
2026-08-10T01:00:00+00:00,7741.84,7748.34,7740.85,7748.1,2318
2026-08-10T01:15:00+00:00,7748.1,7751.85,7747.84,7750.61,1491
2026-08-10T01:30:00+00:00,7750.61,7751.36,7747.34,7751.11,1994
2026-08-10T01:45:00+00:00,7751.11,7752.61,7750.35,7751.72,1091
2026-08-10T02:00:00+00:00,7751.72,7752.86,7750.84,7750.86,1022
2026-08-10T02:15:00+00:00,7750.86,7751.11,7748.6,7751.09,916
2026-08-10T02:30:00+00:00,7751.09,7754.09,7749.84,7753.84,742
2026-08-10T02:45:00+00:00,7753.84,7754.35,7753.09,7753.35,507
2026-08-10T03:00:00+00:00,7753.35,7754.11,7751.85,7752.36,596
2026-08-10T03:15:00+00:00,7752.36,7754.6,7752.09,7753.85,691
2026-08-10T03:30:00+00:00,7753.85,7757.11,7753.34,7757.09,1038
2026-08-10T03:45:00+00:00,7757.09,7757.36,7754.09,7754.85,444
2026-08-10T04:00:00+00:00,7754.85,7757.36,7753.35,7757.22,861
2026-08-10T04:15:00+00:00,7757.22,7759.34,7756.85,7758.61,568
2026-08-10T04:30:00+00:00,7758.61,7758.61,7754.72,7757.48,767
2026-08-10T04:45:00+00:00,7757.48,7760.11,7757.09,7758.6,665
2026-08-10T05:00:00+00:00,7758.6,7761.86,7758.34,7761.48,585
2026-08-10T05:15:00+00:00,7761.48,7761.86,7760.09,7760.35,404
2026-08-10T05:30:00+00:00,7760.35,7761.36,7759.59,7760.36,553
2026-08-10T05:45:00+00:00,7760.36,7762.35,7759.84,7761.84,464
2026-08-10T06:00:00+00:00,7761.84,7764.1,7761.34,7762.84,745
2026-08-10T06:15:00+00:00,7762.84,7763.36,7755.97,7756.61,766
2026-08-10T06:30:00+00:00,7756.61,7758.34,7755.61,7756.84,1040
2026-08-10T06:45:00+00:00,7756.84,7759.36,7756.6,7758.35,608
2026-08-10T07:00:00+00:00,7758.35,7760.11,7754.86,7756.59,1857
2026-08-10T07:15:00+00:00,7756.59,7763.61,7756.34,7763.6,1227
2026-08-10T07:30:00+00:00,7763.6,7765.36,7762.34,7765.11,849
2026-08-10T07:45:00+00:00,7765.11,7767.61,7760.84,7763.36,1329
2026-08-10T08:00:00+00:00,7763.36,7765.11,7760.59,7762.34,1657
2026-08-10T08:15:00+00:00,7762.34,7763.97,7760.09,7762.1,1507
2026-08-10T08:30:00+00:00,7762.1,7764.36,7761.11,7762.61,1007
2026-08-10T08:45:00+00:00,7762.61,7763.36,7760.72,7763.1,952
2026-08-10T09:00:00+00:00,7763.1,7763.61,7761.84,7763.1,830
2026-08-10T09:15:00+00:00,7763.1,7764.36,7761.59,7763.6,927
2026-08-10T09:30:00+00:00,7763.6,7764.61,7759.84,7760.85,743
2026-08-10T09:45:00+00:00,7760.85,7761.34,7760.09,7760.36,620
2026-08-10T10:00:00+00:00,7760.36,7762.11,7757.59,7758.09,877
2026-08-10T10:15:00+00:00,7758.09,7762.11,7757.85,7761.34,678
2026-08-10T10:30:00+00:00,7761.34,7761.61,7755.84,7757.09,1181
2026-08-10T10:45:00+00:00,7757.09,7759.11,7755.1,7756.61,802
2026-08-10T11:00:00+00:00,7756.61,7757.61,7749.59,7751.59,1735
2026-08-10T11:15:00+00:00,7751.59,7757.11,7751.35,7756.85,1388
2026-08-10T11:30:00+00:00,7756.85,7758.61,7755.11,7755.11,1597
2026-08-10T11:45:00+00:00,7755.11,7756.36,7752.09,7753.59,1692
2026-08-10T12:00:00+00:00,7753.59,7757.09,7752.34,7752.61,1678
2026-08-10T12:15:00+00:00,7752.61,7752.86,7747.84,7750.09,1513
2026-08-10T12:30:00+00:00,7750.09,7750.36,7744.09,7745.6,2146
2026-08-10T12:45:00+00:00,7745.6,7746.86,7742.84,7744.86,1616
2026-08-10T13:00:00+00:00,7744.86,7748.36,7743.84,7747.61,1913
2026-08-10T13:15:00+00:00,7747.61,7748.86,7741.09,7743.96,2663
2026-08-10T13:30:00+00:00,7743.96,7754.41,7742.64,7744.16,16863
2026-08-10T13:45:00+00:00,7744.16,7753.14,7742.64,7751.89,11731
2026-08-10T14:00:00+00:00,7751.89,7760.64,7751.64,7760.16,5789
2026-08-10T14:15:00+00:00,7760.16,7762.41,7755.39,7761.4,4450
2026-08-10T14:30:00+00:00,7761.4,7764.66,7759.64,7763.64,4298
2026-08-10T14:45:00+00:00,7763.64,7768.27,7752.65,7752.91,5839
2026-08-10T15:00:00+00:00,7752.91,7758.16,7750.62,7755.91,5603
2026-08-10T15:15:00+00:00,7755.91,7759.91,7751.89,7755.39,4608
2026-08-10T15:30:00+00:00,7755.39,7756.65,7749.39,7755.64,4351
2026-08-10T15:45:00+00:00,7755.64,7761.91,7752.64,7761.14,3102
2026-08-10T16:00:00+00:00,7761.14,7762.41,7755.64,7755.65,2776
2026-08-10T16:15:00+00:00,7755.65,7756.91,7751.39,7751.65,2730
2026-08-10T16:30:00+00:00,7751.65,7752.66,7735.86,7739.14,8709
2026-08-10T16:45:00+00:00,7739.14,7747.66,7736.89,7747.4,4143
2026-08-10T17:00:00+00:00,7747.4,7750.41,7742.89,7748.89,2867
2026-08-10T17:15:00+00:00,7748.89,7750.91,7746.39,7748.89,1718
2026-08-10T17:30:00+00:00,7748.89,7750.41,7743.66,7744.14,2215
2026-08-10T17:45:00+00:00,7744.14,7746.16,7742.64,7745.15,2070
2026-08-10T18:00:00+00:00,7745.15,7748.66,7744.16,7744.66,1824
2026-08-10T18:15:00+00:00,7744.66,7745.39,7742.65,7742.89,1344
2026-08-10T18:30:00+00:00,7742.89,7746.91,7740.61,7746.66,1694
2026-08-10T18:45:00+00:00,7746.66,7750.91,7745.39,7749.91,1333
2026-08-10T19:00:00+00:00,7749.91,7751.91,7748.4,7750.9,1839
2026-08-10T19:15:00+00:00,7750.9,7752.66,7746.64,7747.14,1186
2026-08-10T19:30:00+00:00,7747.14,7750.66,7745.14,7748.65,2098
2026-08-10T19:45:00+00:00,7748.65,7750.15,7741.39,7749.41,4975
2026-08-10T20:00:00+00:00,7749.41,7749.41,7746.34,7746.59,1415
2026-08-10T20:15:00+00:00,7746.59,7747.86,7744.34,7747.35,916
2026-08-10T20:30:00+00:00,7747.35,7747.61,7746.09,7747.59,311
2026-08-10T20:45:00+00:00,7747.59,7749.61,7747.35,7748.34,307
2026-08-10T22:00:00+00:00,7748.34,7753.14,7748.34,7749.64,779
2026-08-10T22:15:00+00:00,7749.64,7749.89,7745.37,7746.38,424
2026-08-10T22:30:00+00:00,7746.38,7746.62,7743.37,7744.38,358
2026-08-10T22:45:00+00:00,7744.38,7745.64,7743.87,7745.37,209.23779270284987
2026-08-10T23:00:00+00:00,7745.37,7745.89,7743.88,7744.63,347
2026-08-10T23:15:00+00:00,7744.63,7744.88,7741.37,7741.88,331
2026-08-10T23:30:00+00:00,7741.88,7743.88,7740.74,7743.62,258
2026-08-10T23:45:00+00:00,7743.62,7744.89,7738.64,7742.75,1338
2026-08-11T00:00:00+00:00,7742.75,7748.89,7739.87,7748.39,3590
2026-08-11T00:15:00+00:00,7748.39,7750.14,7745.37,7749.87,2053
2026-08-11T00:30:00+00:00,7749.87,7752.12,7748.87,7751.63,1259
2026-08-11T00:45:00+00:00,7751.63,7753.14,7751.12,7751.75,793
2026-08-11T01:00:00+00:00,7751.75,7757.38,7749.87,7756.87,1686
2026-08-11T01:15:00+00:00,7756.87,7758.38,7754.62,7756.74,1399
2026-08-11T01:30:00+00:00,7756.74,7757.63,7755.37,7756.13,1561
2026-08-11T01:45:00+00:00,7756.13,7758.39,7755.13,7755.13,1111
2026-08-11T02:00:00+00:00,7755.13,7756.14,7754.62,7755.88,869
2026-08-11T02:15:00+00:00,7755.88,7756.87,7754.87,7756.64,802
2026-08-11T02:30:00+00:00,7756.64,7758.39,7756.64,7758.37,563
2026-08-11T02:45:00+00:00,7758.37,7758.64,7755.87,7756.38,532
2026-08-11T03:00:00+00:00,7756.38,7758.39,7756.37,7757.87,500
2026-08-11T03:15:00+00:00,7757.87,7761.14,7757.38,7760.62,514
2026-08-11T03:30:00+00:00,7760.62,7760.89,7758.63,7759.39,317
2026-08-11T03:45:00+00:00,7759.39,7760.12,7758.37,7758.75,411
2026-08-11T04:00:00+00:00,7758.75,7760.14,7758.62,7759.89,579
2026-08-11T04:15:00+00:00,7759.89,7760.14,7758.62,7760.13,271
2026-08-11T04:30:00+00:00,7760.13,7761.51,7758.87,7759.39,681
2026-08-11T04:45:00+00:00,7759.39,7760.14,7758.87,7759.13,337.01570351758795
2026-08-11T05:00:00+00:00,7759.13,7760.75,7758.12,7760.63,419
2026-08-11T05:15:00+00:00,7760.63,7760.88,7756.87,7756.99,551
2026-08-11T05:30:00+00:00,7756.99,7758.38,7755.12,7757.39,799
2026-08-11T05:45:00+00:00,7757.39,7757.64,7752.62,7752.62,1018
2026-08-11T06:00:00+00:00,7752.62,7756.37,7752.12,7755.38,951
2026-08-11T06:15:00+00:00,7755.38,7755.89,7746.87,7747.39,991
2026-08-11T06:30:00+00:00,7747.39,7750.64,7742.62,7749.12,1750
2026-08-11T06:45:00+00:00,7749.12,7749.64,7744.87,7746.87,1165
2026-08-11T07:00:00+00:00,7746.87,7749.14,7743.62,7746.12,2392
2026-08-11T07:15:00+00:00,7746.12,7746.89,7742.62,7744.87,1547
2026-08-11T07:30:00+00:00,7744.87,7749.62,7744.87,7747.88,1307
2026-08-11T07:45:00+00:00,7747.88,7748.87,7745.39,7748.12,1266
2026-08-11T08:00:00+00:00,7748.12,7752.64,7742.87,7743.12,2275
2026-08-11T08:15:00+00:00,7743.12,7746.64,7741.88,7744.88,1756
2026-08-11T08:30:00+00:00,7744.88,7748.14,7743.12,7748.12,1786
2026-08-11T08:45:00+00:00,7748.12,7749.14,7746.12,7747.12,916
2026-08-11T09:00:00+00:00,7747.12,7748.14,7743.37,7746.13,1651
2026-08-11T09:15:00+00:00,7746.13,7750.39,7745.49,7748.63,1370
2026-08-11T09:30:00+00:00,7748.63,7752.39,7748.51,7750.13,1251
2026-08-11T09:45:00+00:00,7750.13,7751.64,7749.37,7749.89,640
2026-08-11T10:00:00+00:00,7749.89,7750.64,7747.87,7747.88,996
2026-08-11T10:15:00+00:00,7747.88,7759.64,7747.25,7757.88,2491
2026-08-11T10:30:00+00:00,7757.88,7758.14,7754.37,7756.64,1209
2026-08-11T10:45:00+00:00,7756.64,7758.14,7756.13,7757.12,826
2026-08-11T11:00:00+00:00,7757.12,7767.89,7756.87,7765.64,7546
2026-08-11T11:15:00+00:00,7765.64,7766.39,7758.99,7760.24,1586
2026-08-11T11:30:00+00:00,7760.24,7761.14,7757.87,7760.14,1353
2026-08-11T11:45:00+00:00,7760.14,7762.62,7758.87,7761.13,939
2026-08-11T12:00:00+00:00,7761.13,7764.89,7760.12,7764.89,1428
2026-08-11T12:15:00+00:00,7764.89,7767.14,7757.12,7760.12,2646
2026-08-11T12:30:00+00:00,7760.12,7763.39,7758.37,7761.62,1240
2026-08-11T12:45:00+00:00,7761.62,7762.12,7758.87,7759.63,891
2026-08-11T13:00:00+00:00,7759.63,7763.89,7758.87,7759.89,1455
2026-08-11T13:15:00+00:00,7759.89,7765.64,7758.37,7763.63,1843
2026-08-11T13:30:00+00:00,7763.63,7764.44,7746.92,7750.94,11203
2026-08-11T13:45:00+00:00,7750.94,7754.44,7743.92,7754.18,9656
2026-08-11T14:00:00+00:00,7754.18,7758.94,7752.92,7755.93,6169
2026-08-11T14:15:00+00:00,7755.93,7757.69,7751.42,7756.68,6083
2026-08-11T14:30:00+00:00,7756.68,7757.43,7750.17,7751.68,5346
2026-08-11T14:45:00+00:00,7751.68,7758.44,7751.42,7754.17,3995
2026-08-11T15:00:00+00:00,7754.17,7756.19,7743.17,7744.19,4911
2026-08-11T15:15:00+00:00,7744.19,7745.94,7739.67,7741.67,4067
2026-08-11T15:30:00+00:00,7741.67,7743.19,7734.92,7739.19,5170
2026-08-11T15:45:00+00:00,7739.19,7739.94,7735.17,7737.43,3274
2026-08-11T16:00:00+00:00,7737.43,7741.44,7736.92,7737.19,2571
2026-08-11T16:15:00+00:00,7737.19,7741.94,7731.18,7735.43,3021
2026-08-11T16:30:00+00:00,7735.43,7737.44,7732.18,7733.44,2121
2026-08-11T16:45:00+00:00,7733.44,7733.44,7727.67,7728.67,2392
2026-08-11T17:00:00+00:00,7728.67,7729.94,7720.42,7720.68,2291
2026-08-11T17:15:00+00:00,7720.68,7727.44,7719.68,7725.67,2487
2026-08-11T17:30:00+00:00,7725.67,7730.44,7724.42,7729.93,2055
2026-08-11T17:45:00+00:00,7729.93,7730.94,7728.42,7729.67,1374
2026-08-11T18:00:00+00:00,7729.67,7729.68,7724.17,7725.94,2052
2026-08-11T18:15:00+00:00,7725.94,7726.94,7710.15,7712.42,2843
2026-08-11T18:30:00+00:00,7712.42,7719.69,7712.42,7715.44,2330
2026-08-11T18:45:00+00:00,7715.44,7722.19,7715.19,7718.19,1710
2026-08-11T19:00:00+00:00,7718.19,7721.19,7715.67,7719.94,1746
2026-08-11T19:15:00+00:00,7719.94,7724.44,7719.17,7723.69,1475
2026-08-11T19:30:00+00:00,7723.69,7728.68,7723.19,7724.69,1861
2026-08-11T19:45:00+00:00,7724.69,7724.94,7715.42,7721.92,4636
2026-08-11T20:00:00+00:00,7721.92,7724.89,7718.87,7724.14,1686
2026-08-11T20:15:00+00:00,7724.14,7728.89,7723.63,7728.64,533
2026-08-11T20:30:00+00:00,7728.64,7729.62,7727.88,7728.62,172
2026-08-11T20:45:00+00:00,7728.62,7728.62,7724.62,7725.37,416
2026-08-11T22:00:00+00:00,7725.37,7730.02,7725.14,7729.27,857
2026-08-11T22:15:00+00:00,7729.27,7729.64,7727.9,7728.14,218
2026-08-11T22:30:00+00:00,7728.14,7729.15,7725.38,7725.63,524
2026-08-11T22:45:00+00:00,7725.63,7727.4,7724.13,7726.65,400
2026-08-11T23:00:00+00:00,7726.65,7727.76,7725.63,7726.13,361
2026-08-11T23:15:00+00:00,7726.13,7727.9,7726,7727.64,233
2026-08-11T23:30:00+00:00,7727.64,7727.76,7725.63,7726.65,283
2026-08-11T23:45:00+00:00,7726.65,7729.65,7725.88,7729.13,1566
2026-08-12T00:00:00+00:00,7729.13,7729.15,7722.65,7725.9,3999
2026-08-12T00:15:00+00:00,7725.9,7728.4,7724.15,7726.39,2151
2026-08-12T00:30:00+00:00,7726.39,7727.65,7725.13,7726.14,1470
2026-08-12T00:45:00+00:00,7726.14,7726.9,7724.64,7726.14,1148
2026-08-12T01:00:00+00:00,7726.14,7727.65,7725.13,7726,1727
2026-08-12T01:15:00+00:00,7726,7726.15,7722.39,7724.63,1466
2026-08-12T01:30:00+00:00,7724.63,7726.15,7723.13,7726.15,1498
2026-08-12T01:45:00+00:00,7726.15,7726.52,7722.38,7723.38,975
2026-08-12T02:00:00+00:00,7723.38,7725.4,7723.38,7725.13,1146
2026-08-12T02:15:00+00:00,7725.13,7726.65,7724.63,7726.65,864
2026-08-12T02:30:00+00:00,7726.65,7728.14,7726.38,7727.64,729
2026-08-12T02:45:00+00:00,7727.64,7729.38,7727.39,7729.15,460
2026-08-12T03:00:00+00:00,7729.15,7730.39,7729.13,7729.9,294
2026-08-12T03:15:00+00:00,7729.9,7730.15,7728.38,7729.63,312
2026-08-12T03:30:00+00:00,7729.63,7729.9,7727.63,7727.88,838
2026-08-12T03:45:00+00:00,7727.88,7729.38,7727.88,7729.15,1082
2026-08-12T04:00:00+00:00,7729.15,7729.9,7728.13,7729.14,626
2026-08-12T04:15:00+00:00,7729.14,7730.15,7728.38,7729.89,360
2026-08-12T04:30:00+00:00,7729.89,7730.15,7728.13,7729.14,449
2026-08-12T04:45:00+00:00,7729.14,7731.65,7728.27,7731.15,381
2026-08-12T05:00:00+00:00,7731.15,7731.4,7728.63,7728.63,736
2026-08-12T05:15:00+00:00,7728.63,7729.4,7726.65,7729.25,584
2026-08-12T05:30:00+00:00,7729.25,7731.15,7729.13,7729.38,802
2026-08-12T05:45:00+00:00,7729.38,7731.39,7729.13,7730.64,840
2026-08-12T06:00:00+00:00,7730.64,7731.63,7728.13,7728.9,658
2026-08-12T06:15:00+00:00,7728.9,7730.13,7727.88,7729.89,753
2026-08-12T06:30:00+00:00,7729.89,7732.39,7729.38,7730.4,637
2026-08-12T06:45:00+00:00,7730.4,7733.4,7730.38,7733.38,496
2026-08-12T07:00:00+00:00,7733.38,7735.15,7732.88,7733.9,1098
2026-08-12T07:15:00+00:00,7733.9,7734.76,7731.13,7732.39,590
2026-08-12T07:30:00+00:00,7732.39,7734.4,7731.88,7734.02,715
2026-08-12T07:45:00+00:00,7734.02,7734.15,7730.9,7733.15,479
2026-08-12T08:00:00+00:00,7733.15,7736.4,7732.76,7735.38,1284
2026-08-12T08:15:00+00:00,7735.38,7736.65,7734.63,7735.65,701
2026-08-12T08:30:00+00:00,7735.65,7735.65,7731.88,7734.14,670
2026-08-12T08:45:00+00:00,7734.14,7737.39,7733.64,7736.13,435
2026-08-12T09:00:00+00:00,7736.13,7738.9,7735.89,7738.63,557
2026-08-12T09:15:00+00:00,7738.63,7747.38,7738.13,7742,2019
2026-08-12T09:30:00+00:00,7742,7744.39,7741.89,7742.9,1050
2026-08-12T09:45:00+00:00,7742.9,7744.9,7738.63,7740.13,1566
2026-08-12T10:00:00+00:00,7740.13,7743.4,7740,7743.15,572
2026-08-12T10:15:00+00:00,7743.15,7743.9,7741.88,7741.88,622
2026-08-12T10:30:00+00:00,7741.88,7743.9,7741.38,7743.15,571
2026-08-12T10:45:00+00:00,7743.15,7743.65,7733.01,7740.15,2852
2026-08-12T11:00:00+00:00,7740.15,7743.15,7739.63,7740.39,1137
2026-08-12T11:15:00+00:00,7740.39,7740.65,7738.38,7739.63,759
2026-08-12T11:30:00+00:00,7739.63,7742.9,7739.13,7742.39,837
2026-08-12T11:45:00+00:00,7742.39,7745.26,7741.4,7744.4,862
2026-08-12T12:00:00+00:00,7744.4,7745.89,7741.89,7743.38,1142
2026-08-12T12:15:00+00:00,7743.38,7755.26,7742.64,7753.9,2565
2026-08-12T12:30:00+00:00,7753.9,7761.17,7734.38,7756.75,11549
2026-08-12T12:45:00+00:00,7756.75,7758.9,7753.15,7758.39,3650
2026-08-12T13:00:00+00:00,7758.39,7761.15,7756.88,7759.63,2713
2026-08-12T13:15:00+00:00,7759.63,7766.4,7758.88,7765.38,2219
2026-08-12T13:30:00+00:00,7765.38,7767.68,7742.93,7746.44,13860
2026-08-12T13:45:00+00:00,7746.44,7754.95,7739.43,7744.44,10851
2026-08-12T14:00:00+00:00,7744.44,7746.45,7737.19,7742.2,7965
2026-08-12T14:15:00+00:00,7742.2,7751.45,7740.19,7746.19,6486
2026-08-12T14:30:00+00:00,7746.19,7749.2,7732.15,7748.95,11502
2026-08-12T14:45:00+00:00,7748.95,7750.45,7736.45,7740.45,6671
2026-08-12T15:00:00+00:00,7740.45,7742.55,7735.68,7739.93,5938
2026-08-12T15:15:00+00:00,7739.93,7742.18,7735.55,7742.18,4288
2026-08-12T15:30:00+00:00,7742.18,7743.19,7733.93,7736.45,4031
2026-08-12T15:45:00+00:00,7736.45,7740.2,7735.93,7738.69,3144
2026-08-12T16:00:00+00:00,7738.69,7744.45,7738.18,7743.43,2363
2026-08-12T16:15:00+00:00,7743.43,7744.94,7741.45,7742.68,1775
2026-08-12T16:30:00+00:00,7742.68,7747.2,7739.93,7745.68,2049
2026-08-12T16:45:00+00:00,7745.68,7750.2,7743.69,7747.19,1819
2026-08-12T17:00:00+00:00,7747.19,7751.2,7745.95,7748.43,1484
2026-08-12T17:15:00+00:00,7748.43,7748.45,7744.18,7746.43,1671
2026-08-12T17:30:00+00:00,7746.43,7748.2,7745.05,7746.94,1767
2026-08-12T17:45:00+00:00,7746.94,7747.95,7744.68,7746.44,1487
2026-08-12T18:00:00+00:00,7746.44,7750.38,7745.870000000001,7749.38,1321.398240049115
2026-08-12T18:15:00+00:00,7749.38,7751.39,7747.870000000001,7749.13,1320
2026-08-12T18:30:00+00:00,7749.13,7754.64,7749.110000000001,7753.39,1327
2026-08-12T18:45:00+00:00,7753.39,7754.64,7748.38,7748.64,1235
2026-08-12T19:00:00+00:00,7748.64,7752.39,7748.620000000001,7749.38,1370
2026-08-12T19:15:00+00:00,7749.38,7750.64,7746.370000000001,7748.38,1355
2026-08-12T19:30:00+00:00,7748.38,7748.64,7744.120000000001,7747.14,1644
2026-08-12T19:45:00+00:00,7747.14,7748.39,7738.370000000001,7743.39,4802
2026-08-12T20:00:00+00:00,7743.39,7751.59,7742.330000000001,7746.09,2552
2026-08-12T20:15:00+00:00,7746.09,7747.09,7740.820000000001,7741.830000000001,879
2026-08-12T20:30:00+00:00,7741.830000000001,7742.59,7741.070000000001,7741.830000000001,484
2026-08-12T20:45:00+00:00,7741.830000000001,7742.580000000001,7740.09,7740.330000000001,494
2026-08-12T22:00:00+00:00,7740.330000000001,7744.84,7740.330000000001,7742.84,1035
2026-08-12T22:15:00+00:00,7742.84,7745.1900000000005,7741.830000000001,7744.3,452
2026-08-12T22:30:00+00:00,7744.3,7744.3,7742.17,7743.67,471
2026-08-12T22:45:00+00:00,7743.67,7744.67,7743.43,7744.1900000000005,243
2026-08-12T23:00:00+00:00,7744.1900000000005,7746.9400000000005,7743.9400000000005,7746.68,341
2026-08-12T23:15:00+00:00,7746.68,7747.17,7746.040000000001,7746.4400000000005,175
2026-08-12T23:30:00+00:00,7746.4400000000005,7746.9400000000005,7744.93,7746.42,456
2026-08-12T23:45:00+00:00,7746.42,7746.4400000000005,7743.040000000001,7743.92,1293
2026-08-13T00:00:00+00:00,7743.92,7748.93,7742.92,7745.9400000000005,2580
2026-08-13T00:15:00+00:00,7745.9400000000005,7748.18,7744.17,7744.4400000000005,1447
2026-08-13T00:30:00+00:00,7744.4400000000005,7746.17,7743.17,7745.1900000000005,1742
2026-08-13T00:45:00+00:00,7745.1900000000005,7746.1900000000005,7743.81,7745.93,1431
2026-08-13T01:00:00+00:00,7745.93,7746.1900000000005,7741.43,7741.67,1624
2026-08-13T01:15:00+00:00,7741.67,7742.43,7740.18,7740.9400000000005,1155
2026-08-13T01:30:00+00:00,7740.9400000000005,7743.68,7740.67,7742.540000000001,1145
2026-08-13T01:45:00+00:00,7742.540000000001,7746.67,7741.93,7745.67,1021
2026-08-13T02:00:00+00:00,7745.67,7747.4400000000005,7745.4400000000005,7747.4400000000005,686
2026-08-13T02:15:00+00:00,7747.4400000000005,7748.56,7745.93,7746.42,558
2026-08-13T02:30:00+00:00,7746.42,7749.1900000000005,7743.67,7748.8,1138
2026-08-13T02:45:00+00:00,7748.8,7748.9400000000005,7748.18,7748.4400000000005,458
2026-08-13T03:00:00+00:00,7748.4400000000005,7748.93,7747.67,7748.6900000000005,470
2026-08-13T03:15:00+00:00,7748.6900000000005,7749.4400000000005,7748.43,7748.92,255
2026-08-13T03:30:00+00:00,7748.92,7750.1900000000005,7748.18,7749.92,625
2026-08-13T03:45:00+00:00,7749.92,7750.9400000000005,7749.92,7750.42,286
2026-08-13T04:00:00+00:00,7750.42,7751.81,7749.18,7749.18,441
2026-08-13T04:15:00+00:00,7749.18,7750.92,7747.43,7750.17,916
2026-08-13T04:30:00+00:00,7750.17,7751.93,7750.17,7750.55,609
2026-08-13T04:45:00+00:00,7750.55,7752.9400000000005,7749.93,7751.1900000000005,797
2026-08-13T05:00:00+00:00,7751.1900000000005,7755.18,7750.92,7755.18,542
2026-08-13T05:15:00+00:00,7755.18,7755.4400000000005,7754.17,7755.18,276
2026-08-13T05:30:00+00:00,7755.18,7755.9400000000005,7753.67,7753.93,648
2026-08-13T05:45:00+00:00,7753.93,7754.1900000000005,7751.92,7751.92,432
2026-08-13T06:00:00+00:00,7751.92,7754.1900000000005,7751.42,7753.68,673
2026-08-13T06:15:00+00:00,7753.68,7755.1900000000005,7753.42,7753.93,590
2026-08-13T06:30:00+00:00,7753.93,7754.4400000000005,7749.9400000000005,7750.4400000000005,863
2026-08-13T06:45:00+00:00,7750.4400000000005,7753.6900000000005,7749.43,7753.42,564
2026-08-13T07:00:00+00:00,7753.42,7754.42,7749.43,7750.42,1575
2026-08-13T07:15:00+00:00,7750.42,7753.1900000000005,7749.67,7753.18,855
2026-08-13T07:30:00+00:00,7753.18,7754.9400000000005,7752.42,7754.92,878
2026-08-13T07:45:00+00:00,7754.92,7755.43,7753.18,7753.42,754
2026-08-13T08:00:00+00:00,7753.42,7755.67,7750.67,7755.1900000000005,1538
2026-08-13T08:15:00+00:00,7755.1900000000005,7757.68,7752.67,7757.1900000000005,1312
2026-08-13T08:30:00+00:00,7757.1900000000005,7757.6900000000005,7755.790000000001,7757.1900000000005,1224
2026-08-13T08:45:00+00:00,7757.1900000000005,7758.4400000000005,7756.42,7757.05,615
2026-08-13T09:00:00+00:00,7757.05,7757.9400000000005,7754.93,7755.18,870
2026-08-13T09:15:00+00:00,7755.18,7757.42,7753.42,7755.93,804
2026-08-13T09:30:00+00:00,7755.93,7758.93,7755.93,7758.93,485
2026-08-13T09:45:00+00:00,7758.93,7760.1900000000005,7758.17,7759.92,490
2026-08-13T10:00:00+00:00,7759.92,7760.18,7758.43,7758.9400000000005,559
2026-08-13T10:15:00+00:00,7758.9400000000005,7760.1900000000005,7758.43,7759.17,489
2026-08-13T10:30:00+00:00,7759.17,7760.1900000000005,7758.93,7760.17,465
2026-08-13T10:45:00+00:00,7760.17,7760.9400000000005,7759.67,7760.42,386
2026-08-13T11:00:00+00:00,7760.42,7761.43,7759.67,7760.43,703
2026-08-13T11:15:00+00:00,7760.43,7760.4400000000005,7758.3,7759.42,483
2026-08-13T11:30:00+00:00,7759.42,7763.92,7758.9400000000005,7763.92,605
2026-08-13T11:45:00+00:00,7763.92,7764.4400000000005,7759.42,7759.4400000000005,648
2026-08-13T12:00:00+00:00,7759.4400000000005,7759.9400000000005,7756.67,7757.93,1429
2026-08-13T12:15:00+00:00,7757.93,7758.710000000001,7754.1900000000005,7758.710000000001,1150
2026-08-13T12:30:00+00:00,7758.710000000001,7765.3,7753.92,7759.67,3668
2026-08-13T12:45:00+00:00,7759.67,7763.9400000000005,7759.17,7763.92,1461
2026-08-13T13:00:00+00:00,7763.92,7767.18,7763.68,7766.43,1620
2026-08-13T13:15:00+00:00,7766.43,7768.9400000000005,7765.67,7768.67,1468
2026-08-13T13:30:00+00:00,7768.67,7784.7300000000005,7760.990000000001,7776.990000000001,7545
2026-08-13T13:45:00+00:00,7776.990000000001,7796.990000000001,7776.22,7796.47,5477
2026-08-13T14:00:00+00:00,7796.47,7805.72,7795.47,7805.22,4474
2026-08-13T14:15:00+00:00,7805.22,7812.740000000001,7800.2300000000005,7811.9800000000005,3861
2026-08-13T14:30:00+00:00,7811.9800000000005,7813.990000000001,7805.97,7805.9800000000005,3177
2026-08-13T14:45:00+00:00,7805.9800000000005,7805.9800000000005,7793.72,7797.7300000000005,5410
2026-08-13T15:00:00+00:00,7797.7300000000005,7802.240000000001,7789.47,7791.240000000001,5233
2026-08-13T15:15:00+00:00,7791.240000000001,7792.47,7778.97,7781.490000000001,5101
2026-08-13T15:30:00+00:00,7781.490000000001,7783.4800000000005,7775.740000000001,7779.2300000000005,6248
2026-08-13T15:45:00+00:00,7779.2300000000005,7780.990000000001,7773.47,7774.4800000000005,4178
2026-08-13T16:00:00+00:00,7774.4800000000005,7782.490000000001,7774.2300000000005,7776.7300000000005,2904
2026-08-13T16:15:00+00:00,7776.7300000000005,7784.9800000000005,7775.47,7784.9800000000005,2495
2026-08-13T16:30:00+00:00,7784.9800000000005,7786.740000000001,7781.72,7783.97,2099
2026-08-13T16:45:00+00:00,7783.97,7787.7300000000005,7783.97,7786.9800000000005,1695
2026-08-13T17:00:00+00:00,7786.9800000000005,7793.740000000001,7786.9800000000005,7791.7300000000005,1840
2026-08-13T17:15:00+00:00,7791.7300000000005,7794.72,7790.72,7790.9800000000005,1364
2026-08-13T17:30:00+00:00,7790.9800000000005,7792.240000000001,7785.990000000001,7785.990000000001,1736
2026-08-13T17:45:00+00:00,7785.990000000001,7789.240000000001,7785.990000000001,7787.47,1633
2026-08-13T18:00:00+00:00,7787.47,7791.490000000001,7786.72,7790.990000000001,1557
2026-08-13T18:15:00+00:00,7790.990000000001,7791.740000000001,7786.72,7789.9800000000005,1719
2026-08-13T18:30:00+00:00,7789.9800000000005,7797.240000000001,7789.9800000000005,7795.97,1517
2026-08-13T18:45:00+00:00,7795.97,7799.240000000001,7795.97,7797.47,1314
2026-08-13T19:00:00+00:00,7797.47,7804.240000000001,7797.22,7799.72,1960
2026-08-13T19:15:00+00:00,7799.72,7803.97,7798.22,7800.740000000001,1720
2026-08-13T19:30:00+00:00,7800.740000000001,7802.740000000001,7797.47,7797.4800000000005,1683
2026-08-13T19:45:00+00:00,7797.4800000000005,7800.240000000001,7793.740000000001,7799.47,3184
2026-08-13T20:00:00+00:00,7799.47,7800.6900000000005,7794.17,7797.9400000000005,2281
2026-08-13T20:15:00+00:00,7797.9400000000005,7798.67,7795.67,7795.9400000000005,605
2026-08-13T20:30:00+00:00,7795.9400000000005,7799.1900000000005,7795.92,7799.1900000000005,371
2026-08-13T20:45:00+00:00,7799.1900000000005,7800.9400000000005,7799.17,7800.93,191
2026-08-13T22:00:00+00:00,7800.93,7803.4800000000005,7800.22,7800.7300000000005,861
2026-08-13T22:15:00+00:00,7800.7300000000005,7802.72,7799.47,7800.84,344
2026-08-13T22:30:00+00:00,7800.84,7801.4800000000005,7800.580000000001,7801.2300000000005,165.99197063546686
2026-08-13T22:45:00+00:00,7801.2300000000005,7801.2300000000005,7800.210000000001,7800.6,224
2026-08-13T23:00:00+00:00,7800.6,7803.9800000000005,7800.210000000001,7803.9800000000005,255
2026-08-13T23:15:00+00:00,7803.9800000000005,7804.09,7801.4800000000005,7802.330000000001,436
2026-08-13T23:30:00+00:00,7802.330000000001,7803.2300000000005,7801.7300000000005,7802.4800000000005,410
2026-08-13T23:45:00+00:00,7802.4800000000005,7803.4800000000005,7801.7300000000005,7802.2300000000005,1582
2026-08-14T00:00:00+00:00,7802.2300000000005,7805.2300000000005,7801.7300000000005,7802.1,2934
2026-08-14T00:15:00+00:00,7802.1,7802.7300000000005,7800.710000000001,7800.710000000001,1521
2026-08-14T00:30:00+00:00,7800.710000000001,7801.4800000000005,7800.22,7800.2300000000005,651
2026-08-14T00:45:00+00:00,7800.2300000000005,7801.210000000001,7799.710000000001,7800.7300000000005,669
2026-08-14T01:00:00+00:00,7800.7300000000005,7800.7300000000005,7796.830000000001,7797.2300000000005,1156
2026-08-14T01:15:00+00:00,7797.2300000000005,7799.2300000000005,7796.960000000001,7798.9800000000005,1260
2026-08-14T01:30:00+00:00,7798.9800000000005,7800.7300000000005,7798.460000000001,7800.330000000001,874
2026-08-14T01:45:00+00:00,7800.330000000001,7801.2300000000005,7799.710000000001,7799.9800000000005,638
2026-08-14T02:00:00+00:00,7799.9800000000005,7802.7300000000005,7799.97,7802.710000000001,539
2026-08-14T02:15:00+00:00,7802.710000000001,7802.9800000000005,7801.59,7802.7300000000005,570
2026-08-14T02:30:00+00:00,7802.7300000000005,7803.4800000000005,7802.460000000001,7802.97,386
2026-08-14T02:45:00+00:00,7802.97,7803.4800000000005,7800.960000000001,7801.47,414
2026-08-14T03:00:00+00:00,7801.47,7802.7300000000005,7801.210000000001,7802.47,294
2026-08-14T03:15:00+00:00,7802.47,7804.2300000000005,7802.460000000001,7803.960000000001,255
2026-08-14T03:30:00+00:00,7803.960000000001,7804.2300000000005,7801.7300000000005,7801.960000000001,535
2026-08-14T03:45:00+00:00,7801.960000000001,7802.2300000000005,7800.72,7800.9800000000005,349
2026-08-14T04:00:00+00:00,7800.9800000000005,7801.9800000000005,7800.59,7801.710000000001,403
2026-08-14T04:15:00+00:00,7801.710000000001,7801.9800000000005,7800.960000000001,7801.210000000001,559
2026-08-14T04:30:00+00:00,7801.210000000001,7801.4800000000005,7799.210000000001,7800.460000000001,457
2026-08-14T04:45:00+00:00,7800.460000000001,7800.4800000000005,7799.47,7799.710000000001,417.24591573516767
2026-08-14T05:00:00+00:00,7799.710000000001,7800.2300000000005,7798.080000000001,7799.710000000001,797
2026-08-14T05:15:00+00:00,7799.710000000001,7800.4800000000005,7798.7300000000005,7800.22,314
2026-08-14T05:30:00+00:00,7800.22,7801.1,7799.22,7800.960000000001,588.0859538784067
2026-08-14T05:45:00+00:00,7800.960000000001,7802.4800000000005,7800.72,7801.2300000000005,259
2026-08-14T06:00:00+00:00,7801.2300000000005,7801.4800000000005,7797.960000000001,7797.9800000000005,522
2026-08-14T06:15:00+00:00,7797.9800000000005,7798.7300000000005,7797.960000000001,7798.47,414
2026-08-14T06:30:00+00:00,7798.47,7798.97,7797.210000000001,7797.97,310
2026-08-14T06:45:00+00:00,7797.97,7798.960000000001,7797.960000000001,7798.2300000000005,220.0745393634841
2026-08-14T07:00:00+00:00,7798.2300000000005,7799.4800000000005,7796.710000000001,7796.97,932
2026-08-14T07:15:00+00:00,7796.97,7798.7300000000005,7796.97,7797.960000000001,714
2026-08-14T07:30:00+00:00,7797.960000000001,7800.47,7797.710000000001,7800.47,540
2026-08-14T07:45:00+00:00,7800.47,7801.2300000000005,7799.460000000001,7799.97,445
2026-08-14T08:00:00+00:00,7799.97,7802.710000000001,7798.710000000001,7800.2300000000005,1626
2026-08-14T08:15:00+00:00,7800.2300000000005,7802.4800000000005,7799.22,7802.4800000000005,1014
2026-08-14T08:30:00+00:00,7802.4800000000005,7804.97,7802.210000000001,7803.330000000001,771
2026-08-14T08:45:00+00:00,7803.330000000001,7805.2300000000005,7802.960000000001,7802.97,557
2026-08-14T09:00:00+00:00,7802.97,7802.9800000000005,7801.22,7802.47,533
2026-08-14T09:15:00+00:00,7802.47,7804.2300000000005,7801.72,7802.710000000001,474
2026-08-14T09:30:00+00:00,7802.710000000001,7802.7300000000005,7800.47,7801.460000000001,452
2026-08-14T09:45:00+00:00,7801.460000000001,7804.22,7801.460000000001,7804.210000000001,537.5967933491686
2026-08-14T10:00:00+00:00,7804.210000000001,7805.9800000000005,7803.72,7804.960000000001,581
2026-08-14T10:15:00+00:00,7804.960000000001,7804.9800000000005,7802.960000000001,7803.460000000001,385
2026-08-14T10:30:00+00:00,7803.460000000001,7804.7300000000005,7802.210000000001,7803.710000000001,463
2026-08-14T10:45:00+00:00,7803.710000000001,7805.2300000000005,7803.080000000001,7805.2300000000005,423
2026-08-14T11:00:00+00:00,7805.2300000000005,7805.9800000000005,7803.4800000000005,7803.7300000000005,642
2026-08-14T11:15:00+00:00,7803.7300000000005,7804.2300000000005,7802.97,7803.47,409
2026-08-14T11:30:00+00:00,7803.47,7806.2300000000005,7803.460000000001,7805.47,598
2026-08-14T11:45:00+00:00,7805.47,7806.9800000000005,7804.710000000001,7805.960000000001,472
2026-08-14T12:00:00+00:00,7805.960000000001,7806.4800000000005,7797.9800000000005,7803.22,1404
2026-08-14T12:15:00+00:00,7803.22,7804.97,7801.4800000000005,7804.72,1158
2026-08-14T12:30:00+00:00,7804.72,7807.9800000000005,7804.460000000001,7805.460000000001,1830
2026-08-14T12:45:00+00:00,7805.460000000001,7807.7300000000005,7805.210000000001,7806.830000000001,851
2026-08-14T13:00:00+00:00,7806.830000000001,7806.9800000000005,7802.710000000001,7802.710000000001,984
2026-08-14T13:15:00+00:00,7802.710000000001,7805.9800000000005,7802.500000000001,7803.9800000000005,1834
2026-08-14T13:30:00+00:00,7803.9800000000005,7804.400000000001,7796.26,7803.02,7960
2026-08-14T13:45:00+00:00,7803.02,7805.030000000001,7797.030000000001,7802.27,6228
2026-08-14T14:00:00+00:00,7802.27,7807.27,7801.13,7802.02,5768
2026-08-14T14:15:00+00:00,7802.02,7802.530000000001,7790.52,7793.27,6301
2026-08-14T14:30:00+00:00,7793.27,7794.02,7787.26,7790.26,5043
2026-08-14T14:45:00+00:00,7790.26,7793.280000000001,7786.27,7786.27,3263
2026-08-14T15:00:00+00:00,7786.27,7790.27,7783.27,7783.52,3635
2026-08-14T15:15:00+00:00,7783.52,7786.030000000001,7777.76,7781.780000000001,3934
2026-08-14T15:30:00+00:00,7781.780000000001,7783.51,7777.27,7779.280000000001,3737
2026-08-14T15:45:00+00:00,7779.280000000001,7782.280000000001,7776.780000000001,7781.01,2662
2026-08-14T16:00:00+00:00,7781.01,7784.530000000001,7779.63,7784.030000000001,2400
2026-08-14T16:15:00+00:00,7784.030000000001,7786.77,7783.27,7785.530000000001,1564
2026-08-14T16:30:00+00:00,7785.530000000001,7786.030000000001,7780.01,7780.01,2203
2026-08-14T16:45:00+00:00,7780.01,7780.780000000001,7775.26,7775.780000000001,1892
2026-08-14T17:00:00+00:00,7775.780000000001,7780.02,7775.01,7779.27,2116
2026-08-14T17:15:00+00:00,7779.27,7780.280000000001,7775.51,7776.530000000001,1804
2026-08-14T17:30:00+00:00,7776.530000000001,7778.530000000001,7773.26,7774.77,1616
2026-08-14T17:45:00+00:00,7774.77,7778.030000000001,7773.52,7777.26,1343
2026-08-14T18:00:00+00:00,7777.26,7782.030000000001,7776.27,7780.76,1565
2026-08-14T18:15:00+00:00,7780.76,7782.530000000001,7778.26,7778.530000000001,1124
2026-08-14T18:30:00+00:00,7778.530000000001,7781.76,7777.51,7781.280000000001,1323
2026-08-14T18:45:00+00:00,7781.280000000001,7784.030000000001,7779.52,7781.02,1297
2026-08-14T19:00:00+00:00,7781.02,7781.27,7778.26,7779.76,1353
2026-08-14T19:15:00+00:00,7779.76,7782.52,7778.01,7780.780000000001,1223
2026-08-14T19:30:00+00:00,7780.780000000001,7782.280000000001,7779.26,7780.76,1281
2026-08-14T19:45:00+00:00,7780.76,7783.030000000001,7778.26,7782.02,3462
2026-08-14T20:00:00+00:00,7782.02,7782.2300000000005,7776.710000000001,7777.47,1216
2026-08-14T20:15:00+00:00,7777.47,7778.2300000000005,7776.52,7777.27,226
2026-08-14T20:30:00+00:00,7777.27,7779.79,7776.78,7779.28,212
2026-08-16T22:00:00+00:00,7779.28,7789.6,7779.28,7789.35,1435
2026-08-16T22:15:00+00:00,7789.35,7789.6,7788.34,7788.6,269
2026-08-16T22:30:00+00:00,7788.6,7788.85,7787.34,7788.08,211
2026-08-16T22:45:00+00:00,7788.08,7789.6,7787.71,7789.09,221.3436464088398
2026-08-16T23:00:00+00:00,7789.09,7789.09,7787.84,7788.1,175.65963431786219
2026-08-16T23:15:00+00:00,7788.1,7788.85,7787.6,7788.33,137.1676749982753
2026-08-16T23:30:00+00:00,7788.33,7789.84,7787.6,7789.84,170
2026-08-16T23:45:00+00:00,7789.84,7791.85,7789.58,7791.1,491
2026-08-17T00:00:00+00:00,7791.1,7792.59,7790.33,7791.33,1478
2026-08-17T00:15:00+00:00,7791.33,7791.35,7787.1,7788.09,641
2026-08-17T00:30:00+00:00,7788.09,7788.71,7786.83,7787.83,455
2026-08-17T00:45:00+00:00,7787.83,7789.59,7787.59,7789.59,401
2026-08-17T01:00:00+00:00,7789.59,7791.34,7789.33,7789.33,881
2026-08-17T01:15:00+00:00,7789.33,7792.1,7789.08,7791.85,546
2026-08-17T01:30:00+00:00,7791.85,7791.96,7787.33,7788.21,850
2026-08-17T01:45:00+00:00,7788.21,7788.22,7785.83,7786.33,578
2026-08-17T02:00:00+00:00,7786.33,7786.6,7785.08,7786.35,374
2026-08-17T02:15:00+00:00,7786.35,7788.83,7786.08,7788.09,389
2026-08-17T02:30:00+00:00,7788.09,7788.35,7787.08,7787.83,408
2026-08-17T02:45:00+00:00,7787.83,7788.6,7787.33,7787.33,316
2026-08-17T03:00:00+00:00,7787.33,7788.34,7786.84,7787.33,286.3069036226931
2026-08-17T03:15:00+00:00,7787.33,7788.85,7787.2,7788.85,202
2026-08-17T03:30:00+00:00,7788.85,7789.85,7787.85,7789.85,384
2026-08-17T03:45:00+00:00,7789.85,7791.35,7789.85,7791.35,334
2026-08-17T04:00:00+00:00,7791.35,7792.1,7791.33,7791.85,367
2026-08-17T04:15:00+00:00,7791.85,7792.09,7791.08,7791.09,225
2026-08-17T04:30:00+00:00,7791.09,7792.1,7790.33,7791.84,183
2026-08-17T04:45:00+00:00,7791.84,7792.1,7790.83,7791.1,305
2026-08-17T05:00:00+00:00,7791.1,7792.6,7790.83,7792.34,449
2026-08-17T05:15:00+00:00,7792.34,7792.59,7790.85,7792.35,221
2026-08-17T05:30:00+00:00,7792.35,7794.85,7792.35,7794.85,536
2026-08-17T05:45:00+00:00,7794.85,7796.1,7794.58,7796.09,263
2026-08-17T06:00:00+00:00,7796.09,7797.85,7795.6,7797.09,550
2026-08-17T06:15:00+00:00,7797.09,7797.59,7795.33,7797.34,289
2026-08-17T06:30:00+00:00,7797.34,7798.6,7796.58,7797.35,338
2026-08-17T06:45:00+00:00,7797.35,7798.85,7796.84,7798.6,305
2026-08-17T07:00:00+00:00,7798.6,7799.85,7794.33,7794.33,1098
2026-08-17T07:15:00+00:00,7794.33,7795.84,7792.09,7795.84,928
2026-08-17T07:30:00+00:00,7795.84,7798.09,7794.58,7797.85,901
2026-08-17T07:45:00+00:00,7797.85,7798.84,7796.85,7797.83,638
2026-08-17T08:00:00+00:00,7797.83,7798.1,7794.08,7794.47,1169
2026-08-17T08:15:00+00:00,7794.47,7795.35,7793.58,7795.1,859
2026-08-17T08:30:00+00:00,7795.1,7795.6,7792.84,7793.08,543
2026-08-17T08:45:00+00:00,7793.08,7795.1,7792.34,7794.84,632
2026-08-17T09:00:00+00:00,7794.84,7796.6,7794.33,7796.35,624
2026-08-17T09:15:00+00:00,7796.35,7796.35,7793.83,7794.09,560
2026-08-17T09:30:00+00:00,7794.09,7794.59,7792.83,7794.33,517
2026-08-17T09:45:00+00:00,7794.33,7795.7,7793.08,7793.58,615
2026-08-17T10:00:00+00:00,7793.58,7795.34,7793.47,7795.34,485
2026-08-17T10:15:00+00:00,7795.34,7803.35,7791.58,7802.7,1650
2026-08-17T10:30:00+00:00,7802.7,7803.08,7793.95,7795.84,3379
2026-08-17T10:45:00+00:00,7795.84,7796.1,7794.59,7795.09,617
2026-08-17T11:00:00+00:00,7795.09,7797.1,7793.83,7794.71,1009
2026-08-17T11:15:00+00:00,7794.71,7794.84,7792.08,7794.09,677
2026-08-17T11:30:00+00:00,7794.09,7795.85,7793.58,7794.33,801
2026-08-17T11:45:00+00:00,7794.33,7794.6,7791.85,7792.09,625
2026-08-17T12:00:00+00:00,7792.09,7792.85,7788.34,7792.35,1308
2026-08-17T12:15:00+00:00,7792.35,7793.47,7784.58,7786.71,2510
2026-08-17T12:30:00+00:00,7786.71,7788.6,7781.46,7782.84,2407
2026-08-17T12:45:00+00:00,7782.84,7783.59,7780.09,7782.33,1175
2026-08-17T13:00:00+00:00,7782.33,7785.1,7782.08,7784.6,1177
2026-08-17T13:15:00+00:00,7784.6,7786.6,7781.6,7781.6,1310
2026-08-17T13:30:00+00:00,7781.6,7788.15,7773.63,7775.88,10455
2026-08-17T13:45:00+00:00,7775.88,7780.65,7771.89,7773.15,6133
2026-08-17T14:00:00+00:00,7773.15,7777.64,7770.38,7776.63,5782
2026-08-17T14:15:00+00:00,7776.63,7776.63,7770.38,7774.38,4253
2026-08-17T14:30:00+00:00,7774.38,7775.9,7769.39,7771.38,3050
2026-08-17T14:45:00+00:00,7771.38,7774.9,7768.88,7772.65,2327
2026-08-17T15:00:00+00:00,7772.65,7775.9,7771.39,7773.38,2498
2026-08-17T15:15:00+00:00,7773.38,7778.65,7773.14,7777.4,2210
2026-08-17T15:30:00+00:00,7777.4,7778.15,7767.27,7770.89,2906
2026-08-17T15:45:00+00:00,7770.89,7774.27,7770.13,7772.9,1770
2026-08-17T16:00:00+00:00,7772.9,7774.65,7770.63,7773.88,1821
2026-08-17T16:15:00+00:00,7773.88,7776.15,7772.13,7772.88,1350
2026-08-17T16:30:00+00:00,7772.88,7774.01,7769.38,7769.63,1463
2026-08-17T16:45:00+00:00,7769.63,7770.65,7766.13,7766.65,1462
2026-08-17T17:00:00+00:00,7766.65,7767.65,7762.9,7762.9,2127
2026-08-17T17:15:00+00:00,7762.9,7764.4,7754.63,7755.65,3807
2026-08-17T17:30:00+00:00,7755.65,7758.38,7750.88,7757.39,3326
2026-08-17T17:45:00+00:00,7757.39,7758.39,7752.88,7753.88,2072
2026-08-17T18:00:00+00:00,7753.88,7757.15,7752.38,7756.65,2979
2026-08-17T18:15:00+00:00,7756.65,7757.65,7753.63,7755.4,2419
2026-08-17T18:30:00+00:00,7755.4,7756.4,7752.13,7755.39,1975
2026-08-17T18:45:00+00:00,7755.39,7757.65,7754.39,7754.9,1257
2026-08-17T19:00:00+00:00,7754.9,7755.4,7750.89,7751.4,1661
2026-08-17T19:15:00+00:00,7751.4,7754.4,7750.88,7750.9,1431
2026-08-17T19:30:00+00:00,7750.9,7751.15,7746.9,7749.39,2545
2026-08-17T19:45:00+00:00,7749.39,7752.9,7745.13,7747.38,5373
2026-08-17T20:00:00+00:00,7747.38,7748.09,7744.08,7745.83,1540
2026-08-17T20:15:00+00:00,7745.83,7746.1,7743.58,7744.35,495
2026-08-17T20:30:00+00:00,7744.35,7744.6,7743.08,7743.33,531
2026-08-17T20:45:00+00:00,7743.33,7745.08,7742.22,7744.2,629
2026-08-17T22:00:00+00:00,7744.2,7748.07,7744.2,7745.45,1032
2026-08-17T22:15:00+00:00,7745.45,7745.81,7742.18,7744.68,733
2026-08-17T22:30:00+00:00,7744.68,7744.95,7743.69,7744.3,379
2026-08-17T22:45:00+00:00,7744.3,7745.69,7744.18,7744.95,318
2026-08-17T23:00:00+00:00,7744.95,7745.45,7742.94,7744.69,267
2026-08-17T23:15:00+00:00,7744.69,7744.95,7743.18,7744.95,267.81342281879193
2026-08-17T23:30:00+00:00,7744.95,7747.57,7744.7,7746.95,421
2026-08-17T23:45:00+00:00,7746.95,7747.95,7744.19,7747.7,994
2026-08-18T00:00:00+00:00,7747.7,7749.2,7746.45,7749.05,1811
2026-08-18T00:15:00+00:00,7749.05,7749.95,7746.94,7747.2,700
2026-08-18T00:30:00+00:00,7747.2,7747.95,7745.94,7747.19,478
2026-08-18T00:45:00+00:00,7747.19,7748.7,7745.93,7746.43,572
2026-08-18T01:00:00+00:00,7746.43,7747.44,7744.93,7746.95,593
2026-08-18T01:15:00+00:00,7746.95,7747.7,7745.19,7745.45,651
2026-08-18T01:30:00+00:00,7745.45,7746.45,7741.43,7741.95,1018
2026-08-18T01:45:00+00:00,7741.95,7742.45,7734.93,7740.94,2400
2026-08-18T02:00:00+00:00,7740.94,7741.45,7734.18,7734.45,1394
2026-08-18T02:15:00+00:00,7734.45,7735.07,7727.95,7728.95,2466
2026-08-18T02:30:00+00:00,7728.95,7732.7,7726.68,7726.93,1787
2026-08-18T02:45:00+00:00,7726.93,7729.2,7724.19,7728.7,1898
2026-08-18T03:00:00+00:00,7728.7,7729.2,7726.43,7726.94,903
2026-08-18T03:15:00+00:00,7726.94,7727.05,7721.93,7723.95,1137
2026-08-18T03:30:00+00:00,7723.95,7725.7,7720.68,7724.69,1780
2026-08-18T03:45:00+00:00,7724.69,7725.95,7722.7,7723.18,986
2026-08-18T04:00:00+00:00,7723.18,7723.95,7720.69,7722.44,1462
2026-08-18T04:15:00+00:00,7722.44,7723.7,7719.44,7723.45,984
2026-08-18T04:30:00+00:00,7723.45,7724.43,7720.68,7721.2,916
2026-08-18T04:45:00+00:00,7721.2,7723.94,7720.93,7722.94,770
2026-08-18T05:00:00+00:00,7722.94,7723.19,7716.69,7717.95,1069
2026-08-18T05:15:00+00:00,7717.95,7719.95,7717.68,7717.69,768
2026-08-18T05:30:00+00:00,7717.69,7718.19,7715.69,7716.19,945
2026-08-18T05:45:00+00:00,7716.19,7717.95,7713.93,7714.68,986
2026-08-18T06:00:00+00:00,7714.68,7715.69,7706.7,7714.93,2677
2026-08-18T06:15:00+00:00,7714.93,7717.7,7712.43,7715.69,2027
2026-08-18T06:30:00+00:00,7715.69,7717.44,7713.95,7716.55,1406
2026-08-18T06:45:00+00:00,7716.55,7721.69,7716.43,7721.45,946
2026-08-18T07:00:00+00:00,7721.45,7721.69,7716.44,7716.44,2448
2026-08-18T07:15:00+00:00,7716.44,7718.45,7714.95,7715.19,1281
2026-08-18T07:30:00+00:00,7715.19,7715.95,7710.19,7710.2,1646
2026-08-18T07:45:00+00:00,7710.2,7711.7,7705.68,7705.93,1890
2026-08-18T08:00:00+00:00,7705.93,7706.95,7698.95,7705.31,5619
2026-08-18T08:15:00+00:00,7705.31,7707.93,7702.44,7705.68,3439
2026-08-18T08:30:00+00:00,7705.68,7711.45,7704.93,7710.45,2323
2026-08-18T08:45:00+00:00,7710.45,7710.45,7705.43,7709.45,1660
2026-08-18T09:00:00+00:00,7709.45,7710.95,7706.44,7706.93,2559
2026-08-18T09:15:00+00:00,7706.93,7707.7,7703.2,7705.94,2272
2026-08-18T09:30:00+00:00,7705.94,7708.45,7702.18,7704.94,2317
2026-08-18T09:45:00+00:00,7704.94,7710.19,7702.68,7709.19,2202
2026-08-18T10:00:00+00:00,7709.19,7711.69,7708.3,7709.69,1978
2026-08-18T10:15:00+00:00,7709.69,7711.45,7707.93,7710.44,1358
2026-08-18T10:30:00+00:00,7710.44,7713.44,7709.18,7709.43,1161
2026-08-18T10:45:00+00:00,7709.43,7713.95,7708.94,7711.18,1002
2026-08-18T11:00:00+00:00,7711.18,7715.7,7710.43,7715.2,1753
2026-08-18T11:15:00+00:00,7715.2,7716.2,7714.19,7714.93,1407
2026-08-18T11:30:00+00:00,7714.93,7716.19,7711.68,7715.69,1499
2026-08-18T11:45:00+00:00,7715.69,7717.95,7713.44,7714.43,1828
2026-08-18T12:00:00+00:00,7714.43,7718.2,7712.43,7713.45,2072
2026-08-18T12:15:00+00:00,7713.45,7718.57,7711.93,7712.43,1895
2026-08-18T12:30:00+00:00,7712.43,7713.82,7708.43,7709.2,2086
2026-08-18T12:45:00+00:00,7709.2,7715.32,7708.68,7715.19,1450
2026-08-18T13:00:00+00:00,7715.19,7715.8,7709.69,7710.19,1397
2026-08-18T13:15:00+00:00,7710.19,7711.7,7703.94,7705.69,2373
2026-08-18T13:30:00+00:00,7705.69,7714.75,7698.87,7707.24,20375
2026-08-18T13:45:00+00:00,7707.24,7710.74,7700.99,7704.49,12798
2026-08-18T14:00:00+00:00,7704.49,7712.24,7696.24,7700.74,12301
2026-08-18T14:15:00+00:00,7700.74,7710.49,7699.72,7706.12,9913
2026-08-18T14:30:00+00:00,7706.12,7712,7703.48,7703.75,7675
2026-08-18T14:45:00+00:00,7703.75,7707.61,7697,7698.98,6900
2026-08-18T15:00:00+00:00,7698.98,7703.75,7694,7697,6647
2026-08-18T15:15:00+00:00,7697,7699.75,7692.99,7697.99,5101
2026-08-18T15:30:00+00:00,7697.99,7702,7695.73,7700.24,4624
2026-08-18T15:45:00+00:00,7700.24,7705.98,7700.23,7702.73,3691
2026-08-18T16:00:00+00:00,7702.73,7706.74,7701.73,7705,3322
2026-08-18T16:15:00+00:00,7705,7708.24,7701,7701.49,2829
2026-08-18T16:30:00+00:00,7701.49,7705.25,7700.24,7702.98,2784
2026-08-18T16:45:00+00:00,7702.98,7708,7701.25,7705.49,2517
2026-08-18T17:00:00+00:00,7705.49,7707.49,7702.98,7705.61,2252
2026-08-18T17:15:00+00:00,7705.61,7705.75,7700.48,7702.24,1863
2026-08-18T17:30:00+00:00,7702.24,7703.5,7699.73,7700.24,1827
2026-08-18T17:45:00+00:00,7700.24,7701.5,7695.49,7695.49,1515
2026-08-18T18:00:00+00:00,7695.49,7700.73,7693.98,7700.23,1904
2026-08-18T18:15:00+00:00,7700.23,7705.25,7699.98,7703.25,2197
2026-08-18T18:30:00+00:00,7703.25,7704,7700.73,7700.73,1316
2026-08-18T18:45:00+00:00,7700.73,7701.73,7696.24,7696.75,1725
2026-08-18T19:00:00+00:00,7696.75,7698.75,7695.23,7696,1838
2026-08-18T19:15:00+00:00,7696,7701.75,7695.73,7700.24,1521
2026-08-18T19:30:00+00:00,7700.24,7702.25,7697.48,7698.98,1868
2026-08-18T19:45:00+00:00,7698.98,7699.75,7689.98,7694.75,4838
2026-08-18T20:00:00+00:00,7694.75,7695.45,7692.56,7693.94,1409
2026-08-18T20:15:00+00:00,7693.94,7694.7,7691.93,7693.93,336
2026-08-18T20:30:00+00:00,7693.93,7695.44,7693.68,7694.18,323
2026-08-18T20:45:00+00:00,7694.18,7694.69,7690.94,7693.05,598
2026-08-18T22:00:00+00:00,7693.05,7697.05,7693.05,7694.43,1158
2026-08-18T22:15:00+00:00,7694.43,7698.45,7692.45,7692.45,642
2026-08-18T22:30:00+00:00,7692.45,7693.45,7690.69,7692.05,717
2026-08-18T22:45:00+00:00,7692.05,7692.19,7688.57,7688.69,607
2026-08-18T23:00:00+00:00,7688.69,7692.45,7687.95,7691.81,616
2026-08-18T23:15:00+00:00,7691.81,7695.44,7690.18,7692.43,521
2026-08-18T23:30:00+00:00,7692.43,7693.2,7691.93,7692.69,525
2026-08-18T23:45:00+00:00,7692.69,7695.19,7691.68,7691.7,1792
2026-08-19T00:00:00+00:00,7691.7,7691.7,7683.3,7684.68,3467
2026-08-19T00:15:00+00:00,7684.68,7691.94,7683.43,7691.93,1957
2026-08-19T00:30:00+00:00,7691.93,7696.7,7691.93,7695.7,1445
2026-08-19T00:45:00+00:00,7695.7,7696.69,7691.68,7691.93,1483
2026-08-19T01:00:00+00:00,7691.93,7696.2,7690.44,7694.94,1818
2026-08-19T01:15:00+00:00,7694.94,7697.94,7692.94,7696.94,1759
2026-08-19T01:30:00+00:00,7696.94,7696.94,7691.2,7692.2,1382
2026-08-19T01:45:00+00:00,7692.2,7693.95,7690.81,7692.45,1525
2026-08-19T02:00:00+00:00,7692.45,7693.18,7687.18,7687.81,947
2026-08-19T02:15:00+00:00,7687.81,7692.45,7687.43,7690.45,1916
2026-08-19T02:30:00+00:00,7690.45,7690.81,7687.43,7688.93,1161
2026-08-19T02:45:00+00:00,7688.93,7691.7,7688.68,7690.43,1058
2026-08-19T03:00:00+00:00,7690.43,7691.7,7688.18,7689.44,779
2026-08-19T03:15:00+00:00,7689.44,7691.2,7688.55,7689.7,845
2026-08-19T03:30:00+00:00,7689.7,7692.95,7688.94,7689.18,1129
2026-08-19T03:45:00+00:00,7689.18,7689.93,7686.93,7687.69,802
2026-08-19T04:00:00+00:00,7687.69,7687.7,7685.69,7686.7,642
2026-08-19T04:15:00+00:00,7686.7,7689.95,7685.93,7688.68,1085
2026-08-19T04:30:00+00:00,7688.68,7689.68,7684.82,7685.19,1056
2026-08-19T04:45:00+00:00,7685.19,7685.7,7680.44,7685.19,954
2026-08-19T05:00:00+00:00,7685.19,7689.2,7683.19,7683.95,1721
2026-08-19T05:15:00+00:00,7683.95,7685.69,7680.44,7685.31,1498
2026-08-19T05:30:00+00:00,7685.31,7685.7,7680.05,7681.44,1447
2026-08-19T05:45:00+00:00,7681.44,7682.2,7679.43,7680.7,1062
2026-08-19T06:00:00+00:00,7680.7,7682.19,7679.2,7679.93,1525
2026-08-19T06:15:00+00:00,7679.93,7689.45,7679.93,7686.8,1919
2026-08-19T06:30:00+00:00,7686.8,7688.69,7684.93,7688.45,1846
2026-08-19T06:45:00+00:00,7688.45,7695.95,7688.44,7695.68,1700
2026-08-19T07:00:00+00:00,7695.68,7695.94,7690.55,7695.43,2561
2026-08-19T07:15:00+00:00,7695.43,7696.7,7692.7,7696.68,1506
2026-08-19T07:30:00+00:00,7696.68,7699.95,7694.68,7696.43,1329
2026-08-19T07:45:00+00:00,7696.43,7699.7,7695.7,7699.44,1398
2026-08-19T08:00:00+00:00,7699.44,7701.7,7697.93,7699.94,2528
2026-08-19T08:15:00+00:00,7699.94,7702.95,7698.93,7702.7,1584
2026-08-19T08:30:00+00:00,7702.7,7702.7,7699.94,7701.45,917
2026-08-19T08:45:00+00:00,7701.45,7701.95,7698.68,7699.2,1021
2026-08-19T09:00:00+00:00,7699.2,7701.95,7697.43,7697.44,1162
2026-08-19T09:15:00+00:00,7697.44,7697.93,7695.18,7695.44,930
2026-08-19T09:30:00+00:00,7695.44,7697.45,7694.68,7694.95,1016
2026-08-19T09:45:00+00:00,7694.95,7696.2,7692.69,7694.69,1128
2026-08-19T10:00:00+00:00,7694.69,7695.45,7691.43,7694.43,1278
2026-08-19T10:15:00+00:00,7694.43,7694.45,7690.7,7694.19,1094
2026-08-19T10:30:00+00:00,7694.19,7697.2,7693.18,7696.93,913
2026-08-19T10:45:00+00:00,7696.93,7697.44,7694.18,7694.44,658
2026-08-19T11:00:00+00:00,7694.44,7700.45,7694.18,7698.7,1874
2026-08-19T11:15:00+00:00,7698.7,7699.7,7697.43,7698.44,1059
2026-08-19T11:30:00+00:00,7698.44,7698.95,7694.43,7696.7,1374
2026-08-19T11:45:00+00:00,7696.7,7698.95,7696.19,7698.95,1034
2026-08-19T12:00:00+00:00,7698.95,7699.7,7695.94,7698.69,1508
2026-08-19T12:15:00+00:00,7698.69,7701.44,7697.18,7698.2,1820
2026-08-19T12:30:00+00:00,7698.2,7721.68,7695.93,7721.68,8047
2026-08-19T12:45:00+00:00,7721.68,7739.18,7721.68,7729.31,7332
2026-08-19T13:00:00+00:00,7729.31,7730.45,7721.43,7729.43,4359
2026-08-19T13:15:00+00:00,7729.43,7731.7,7724.44,7724.7,3183
2026-08-19T13:30:00+00:00,7724.7,7727,7713.48,7721.74,17182
2026-08-19T13:45:00+00:00,7721.74,7726.74,7702.24,7720.73,19646
2026-08-19T14:00:00+00:00,7720.73,7723.25,7708.24,7708.24,16853
2026-08-19T14:15:00+00:00,7708.24,7722.5,7708.23,7720.49,13450
2026-08-19T14:30:00+00:00,7720.49,7734.25,7718.98,7731.48,8237
2026-08-19T14:45:00+00:00,7731.48,7743.25,7727.62,7743,6509
2026-08-19T15:00:00+00:00,7743,7745.75,7735.73,7738.98,4838
2026-08-19T15:15:00+00:00,7738.98,7739.24,7729.49,7731.74,5286
2026-08-19T15:30:00+00:00,7731.74,7732.25,7721.24,7725.24,5342
2026-08-19T15:45:00+00:00,7725.24,7729.24,7721,7726.74,4966
2026-08-19T16:00:00+00:00,7726.74,7737.25,7724.48,7736,4281
2026-08-19T16:15:00+00:00,7736,7740.49,7727.24,7727.24,3647
2026-08-19T16:30:00+00:00,7727.24,7728,7722.98,7724.24,3409
2026-08-19T16:45:00+00:00,7724.24,7725,7715.48,7717.25,3561
2026-08-19T17:00:00+00:00,7717.25,7722.48,7714.99,7718.74,4261
2026-08-19T17:15:00+00:00,7718.74,7720.25,7710.73,7715.98,4101
2026-08-19T17:30:00+00:00,7715.98,7717.99,7711.98,7716,3536
2026-08-19T17:45:00+00:00,7716,7719.24,7714.48,7715.74,2685
2026-08-19T18:00:00+00:00,7715.74,7725.73,7710.24,7714.98,7688
2026-08-19T18:15:00+00:00,7714.98,7716.48,7711.23,7716.25,4141
2026-08-19T18:30:00+00:00,7716.25,7721.49,7715.99,7718.5,3780
2026-08-19T18:45:00+00:00,7718.5,7719,7715.48,7715.74,2809
2026-08-19T19:00:00+00:00,7715.74,7720.25,7714.75,7717.74,2933
2026-08-19T19:15:00+00:00,7717.74,7720.75,7716.36,7716.99,2765
2026-08-19T19:30:00+00:00,7716.99,7724.49,7710.48,7710.49,4559
2026-08-19T19:45:00+00:00,7710.49,7712.74,7703,7712.74,7765
2026-08-19T20:00:00+00:00,7712.74,7713.95,7707.31,7709.68,1855
2026-08-19T20:15:00+00:00,7709.68,7710.45,7707.43,7710.43,742
2026-08-19T20:30:00+00:00,7710.43,7710.95,7708.7,7709.95,303
2026-08-19T20:45:00+00:00,7709.95,7712.45,7709.95,7711.79,429
2026-08-19T22:00:00+00:00,7711.79,7725.29,7711.79,7723.17,2280
2026-08-19T22:15:00+00:00,7723.17,7723.17,7720.4,7721.03,555
2026-08-19T22:30:00+00:00,7721.03,7723.92,7720.05,7722.8,578
2026-08-19T22:45:00+00:00,7722.8,7724.55,7722.53,7724.3,505
2026-08-19T23:00:00+00:00,7724.3,7728.03,7722.29,7724.28,1340
2026-08-19T23:15:00+00:00,7724.28,7725.3,7722.78,7723.79,357
2026-08-19T23:30:00+00:00,7723.79,7725.8,7722.53,7725.03,457
2026-08-19T23:45:00+00:00,7725.03,7725.8,7722.03,7722.28,1132
2026-08-20T00:00:00+00:00,7722.28,7722.28,7716.28,7721.54,3408
2026-08-20T00:15:00+00:00,7721.54,7724.8,7720.78,7721.04,2089
2026-08-20T00:30:00+00:00,7721.04,7724.17,7719.53,7722.79,1649
2026-08-20T00:45:00+00:00,7722.79,7724.8,7721.78,7724.42,1113
2026-08-20T01:00:00+00:00,7724.42,7726.3,7721.28,7722.65,1685
2026-08-20T01:15:00+00:00,7722.65,7725.3,7720.28,7721.79,2113
2026-08-20T01:30:00+00:00,7721.79,7724.3,7719.78,7724.05,2107
2026-08-20T01:45:00+00:00,7724.05,7724.55,7719.16,7720.78,1540
2026-08-20T02:00:00+00:00,7720.78,7725.3,7720.53,7723.65,1510
2026-08-20T02:15:00+00:00,7723.65,7723.8,7717.79,7718.91,1375
2026-08-20T02:30:00+00:00,7718.91,7722.8,7717.03,7721.29,1430
2026-08-20T02:45:00+00:00,7721.29,7721.92,7717.8,7719.8,1095
2026-08-20T03:00:00+00:00,7719.8,7723.54,7718.3,7720.78,1054
2026-08-20T03:15:00+00:00,7720.78,7724.04,7720.53,7721.78,887
2026-08-20T03:30:00+00:00,7721.78,7722.3,7718.79,7721.53,1130
2026-08-20T03:45:00+00:00,7721.53,7722.8,7720.41,7721.55,976
2026-08-20T04:00:00+00:00,7721.55,7724.8,7720.79,7724.8,543
2026-08-20T04:15:00+00:00,7724.8,7724.8,7723.03,7723.29,534
2026-08-20T04:30:00+00:00,7723.29,7723.29,7720.03,7722.66,764
2026-08-20T04:45:00+00:00,7722.66,7724.03,7721.05,7721.55,721
2026-08-20T05:00:00+00:00,7721.55,7721.55,7717.04,7717.55,727
2026-08-20T05:15:00+00:00,7717.55,7722.8,7717.53,7719.79,1045
2026-08-20T05:30:00+00:00,7719.79,7721.78,7718.03,7718.78,1071
2026-08-20T05:45:00+00:00,7718.78,7719.05,7716.29,7717.04,786
2026-08-20T06:00:00+00:00,7717.04,7725.54,7717.04,7723.28,1423
2026-08-20T06:15:00+00:00,7723.28,7723.55,7720.28,7723.04,886
2026-08-20T06:30:00+00:00,7723.04,7726.41,7722.29,7725.53,942
2026-08-20T06:45:00+00:00,7725.53,7727.3,7724.3,7724.53,980
2026-08-20T07:00:00+00:00,7724.53,7724.54,7717.78,7718.53,2658
2026-08-20T07:15:00+00:00,7718.53,7719.3,7713.28,7715.03,1966
2026-08-20T07:30:00+00:00,7715.03,7718.04,7712.04,7714.55,2612
2026-08-20T07:45:00+00:00,7714.55,7717.55,7712.15,7712.29,1409
2026-08-20T08:00:00+00:00,7712.29,7715.8,7706.78,7708.79,3863
2026-08-20T08:15:00+00:00,7708.79,7711.53,7704.03,7705.05,3572
2026-08-20T08:30:00+00:00,7705.05,7706.78,7698.78,7702.8,3072
2026-08-20T08:45:00+00:00,7702.8,7703.55,7697.78,7700.78,3704
2026-08-20T09:00:00+00:00,7700.78,7709.15,7699.78,7706.79,3404
2026-08-20T09:15:00+00:00,7706.79,7708.8,7705.03,7706.53,1821
2026-08-20T09:30:00+00:00,7706.53,7707.8,7704.03,7707.54,1733
2026-08-20T09:45:00+00:00,7707.54,7709.03,7704.28,7706.04,1975
2026-08-20T10:00:00+00:00,7706.04,7710.8,7704.03,7710.53,2325
2026-08-20T10:15:00+00:00,7710.53,7710.8,7707.03,7709.53,1841
2026-08-20T10:30:00+00:00,7709.53,7711.3,7706.29,7707.8,2194
2026-08-20T10:45:00+00:00,7707.8,7712.8,7707.53,7712.79,1262
2026-08-20T11:00:00+00:00,7712.79,7715.55,7702.8,7706.53,4819
2026-08-20T11:15:00+00:00,7706.53,7708.29,7696.54,7697.05,3181
2026-08-20T11:30:00+00:00,7697.05,7701.42,7695.29,7696.15,4080
2026-08-20T11:45:00+00:00,7696.15,7696.8,7685.53,7686.55,5360
2026-08-20T12:00:00+00:00,7686.55,7686.8,7667.04,7669.53,8164
2026-08-20T12:15:00+00:00,7669.53,7674.8,7667.92,7669.15,6615
2026-08-20T12:30:00+00:00,7669.15,7670.8,7662.65,7670.78,5462
2026-08-20T12:45:00+00:00,7670.78,7679.54,7670.04,7679.05,3173
2026-08-20T13:00:00+00:00,7679.05,7684.04,7676.78,7677.29,3086
2026-08-20T13:15:00+00:00,7677.29,7680.78,7674.79,7680.55,3980
2026-08-20T13:30:00+00:00,7680.55,7698.35,7679.58,7694.33,18587
2026-08-20T13:45:00+00:00,7694.33,7695.83,7682.34,7686.08,18426
2026-08-20T14:00:00+00:00,7686.08,7690.09,7679.22,7680.33,17750
2026-08-20T14:15:00+00:00,7680.33,7689.72,7674.09,7682.59,16280
2026-08-20T14:30:00+00:00,7682.59,7693.1,7679.83,7692.1,12216
2026-08-20T14:45:00+00:00,7692.1,7695.35,7685.59,7692.09,10291
2026-08-20T15:00:00+00:00,7692.09,7702.1,7681.08,7688.08,15220
2026-08-20T15:15:00+00:00,7688.08,7691.09,7680.34,7687.83,9416
2026-08-20T15:30:00+00:00,7687.83,7689.1,7673.59,7673.84,9029
2026-08-20T15:45:00+00:00,7673.84,7680.58,7672.59,7678.59,6499
2026-08-20T16:00:00+00:00,7678.59,7681.09,7675.1,7675.33,5532
2026-08-20T16:15:00+00:00,7675.33,7681.1,7674.83,7677.83,4016
2026-08-20T16:30:00+00:00,7677.83,7686.85,7674.08,7686.85,4525
2026-08-20T16:45:00+00:00,7686.85,7686.85,7680.58,7684.33,3980
2026-08-20T17:00:00+00:00,7684.33,7684.58,7675.09,7675.33,3413
2026-08-20T17:15:00+00:00,7675.33,7675.6,7667.58,7667.85,4484
2026-08-20T17:30:00+00:00,7667.85,7669.1,7662.58,7664.84,3198
2026-08-20T17:45:00+00:00,7664.84,7670.35,7664.08,7665.85,2759
2026-08-20T18:00:00+00:00,7665.85,7665.85,7653.83,7656.09,4722
2026-08-20T18:15:00+00:00,7656.09,7659.6,7651.59,7656.1,3902
2026-08-20T18:30:00+00:00,7656.1,7656.6,7652.58,7656.08,2596
2026-08-20T18:45:00+00:00,7656.08,7658.85,7652.83,7652.83,2516
2026-08-20T19:00:00+00:00,7652.83,7657.6,7652.33,7655.84,2924
2026-08-20T19:15:00+00:00,7655.84,7658.59,7652.85,7655.58,2476
2026-08-20T19:30:00+00:00,7655.58,7657.1,7650.33,7651.6,3157
2026-08-20T19:45:00+00:00,7651.6,7654.85,7641.35,7647.09,7496
2026-08-20T20:00:00+00:00,7647.09,7649.55,7643.03,7643.8,1953
2026-08-20T20:15:00+00:00,7643.8,7646.54,7640.03,7645.03,750
2026-08-20T20:30:00+00:00,7645.03,7649.53,7644.28,7648.29,531
2026-08-20T20:45:00+00:00,7648.29,7650.54,7647.78,7650.14,280
2026-08-20T22:00:00+00:00,7650.14,7655.14,7647.12,7647.87,1634
2026-08-20T22:15:00+00:00,7647.87,7650.13,7647.62,7649.39,465
2026-08-20T22:30:00+00:00,7649.39,7651.14,7647.88,7650.88,405
2026-08-20T22:45:00+00:00,7650.88,7653.37,7650.37,7653.12,321
2026-08-20T23:00:00+00:00,7653.12,7653.13,7651.63,7652,371
2026-08-20T23:15:00+00:00,7652,7652.89,7651.14,7651.62,253
2026-08-20T23:30:00+00:00,7651.62,7652.39,7649.62,7651.63,412
2026-08-20T23:45:00+00:00,7651.63,7651.64,7647.88,7649.99,2128
2026-08-21T00:00:00+00:00,7649.99,7656.64,7649.26,7656.39,3704
2026-08-21T00:15:00+00:00,7656.39,7656.39,7649.38,7650.88,2280
2026-08-21T00:30:00+00:00,7650.88,7653.49,7649.37,7652.14,1888
2026-08-21T00:45:00+00:00,7652.14,7653.14,7648.13,7648.39,2245
2026-08-21T01:00:00+00:00,7648.39,7650.39,7645.12,7648.88,2772
2026-08-21T01:15:00+00:00,7648.88,7651.64,7647.12,7649.38,2475
2026-08-21T01:30:00+00:00,7649.38,7651.38,7647.12,7650.13,1990
2026-08-21T01:45:00+00:00,7650.13,7652.89,7648.12,7650.88,1258
2026-08-21T02:00:00+00:00,7650.88,7653.38,7650.37,7653.38,1098
2026-08-21T02:15:00+00:00,7653.38,7656.63,7652.62,7655.51,865
2026-08-21T02:30:00+00:00,7655.51,7656.39,7653.87,7654.38,873
2026-08-21T02:45:00+00:00,7654.38,7656.39,7653.64,7654.64,852
2026-08-21T03:00:00+00:00,7654.64,7655.39,7651.38,7651.62,817
2026-08-21T03:15:00+00:00,7651.62,7652.75,7650.62,7652.14,813
2026-08-21T03:30:00+00:00,7652.14,7654.64,7651.64,7652.14,1079
2026-08-21T03:45:00+00:00,7652.14,7653.13,7650.37,7651.89,1082
2026-08-21T04:00:00+00:00,7651.89,7653.64,7651.62,7653.37,951
2026-08-21T04:15:00+00:00,7653.37,7653.64,7649.62,7649.64,922
2026-08-21T04:30:00+00:00,7649.64,7650.5,7648.12,7649.12,802
2026-08-21T04:45:00+00:00,7649.12,7653.39,7649.12,7652.62,795
2026-08-21T05:00:00+00:00,7652.62,7654.14,7651.87,7653.63,670
2026-08-21T05:15:00+00:00,7653.63,7654.87,7650.87,7651.13,659.7286639199529
2026-08-21T05:30:00+00:00,7651.13,7654.14,7650.37,7652.12,851
2026-08-21T05:45:00+00:00,7652.12,7652.37,7649.62,7652.14,996
2026-08-21T06:00:00+00:00,7652.14,7653.63,7650.87,7653.39,1129
2026-08-21T06:15:00+00:00,7653.39,7654.24,7652.38,7653.87,712
2026-08-21T06:30:00+00:00,7653.87,7658.89,7653.62,7653.88,818
2026-08-21T06:45:00+00:00,7653.88,7657.64,7652.87,7657.38,1130
2026-08-21T07:00:00+00:00,7657.38,7661.64,7654.87,7661.64,2016
2026-08-21T07:15:00+00:00,7661.64,7662.88,7659.87,7660.39,1172
2026-08-21T07:30:00+00:00,7660.39,7665.64,7659.88,7663.14,1420
2026-08-21T07:45:00+00:00,7663.14,7665.89,7662.37,7665.64,978
2026-08-21T08:00:00+00:00,7665.64,7667.25,7661.63,7663.63,2413
2026-08-21T08:15:00+00:00,7663.63,7667.89,7662.37,7667.37,1853
2026-08-21T08:30:00+00:00,7667.37,7670.39,7666.88,7670.12,1608
2026-08-21T08:45:00+00:00,7670.12,7672.63,7669.37,7671.25,1020
2026-08-21T09:00:00+00:00,7671.25,7671.64,7665.87,7669.88,1810
2026-08-21T09:15:00+00:00,7669.88,7670.64,7668.63,7668.89,830
2026-08-21T09:30:00+00:00,7668.89,7672.14,7668.14,7671.38,971
2026-08-21T09:45:00+00:00,7671.38,7672.64,7669.87,7671.62,966
2026-08-21T10:00:00+00:00,7671.62,7675.89,7669.39,7670.63,1455
2026-08-21T10:15:00+00:00,7670.63,7672.64,7669.37,7672.49,953
2026-08-21T10:30:00+00:00,7672.49,7672.76,7670.14,7670.62,708
2026-08-21T10:45:00+00:00,7670.62,7672.62,7670.62,7672.13,684
2026-08-21T11:00:00+00:00,7672.13,7673.14,7668.62,7671.26,1325
2026-08-21T11:15:00+00:00,7671.26,7681.89,7671.26,7680.37,3123
2026-08-21T11:30:00+00:00,7680.37,7683.14,7677.88,7682.39,3339
2026-08-21T11:45:00+00:00,7682.39,7682.39,7677.62,7678.88,1130
2026-08-21T12:00:00+00:00,7678.88,7680.39,7676.63,7677.88,1249
2026-08-21T12:15:00+00:00,7677.88,7684.64,7677.14,7684.64,1176
2026-08-21T12:30:00+00:00,7684.64,7688.14,7681.87,7687.88,1751
2026-08-21T12:45:00+00:00,7687.88,7688.14,7683.87,7684.64,901
2026-08-21T13:00:00+00:00,7684.64,7686.14,7674.63,7675.63,1677
2026-08-21T13:15:00+00:00,7675.63,7680.12,7669.12,7679.39,3991
2026-08-21T13:30:00+00:00,7679.39,7679.39,7665.17,7670.18,14735
2026-08-21T13:45:00+00:00,7670.18,7673.19,7660.67,7664.42,11301
2026-08-21T14:00:00+00:00,7664.42,7674.54,7664.19,7666.19,10262
2026-08-21T14:15:00+00:00,7666.19,7671.17,7663.92,7665.44,9786
2026-08-21T14:30:00+00:00,7665.44,7667.93,7661.18,7665.19,7581
2026-08-21T14:45:00+00:00,7665.19,7677.67,7664.42,7677.42,6934
2026-08-21T15:00:00+00:00,7677.42,7683.19,7676.17,7676.43,5878
2026-08-21T15:15:00+00:00,7676.43,7679.18,7673.42,7678.43,4049
2026-08-21T15:30:00+00:00,7678.43,7693.44,7677.18,7692.17,4580
2026-08-21T15:45:00+00:00,7692.17,7697.67,7688.67,7691.19,3537
2026-08-21T16:00:00+00:00,7691.19,7692.3,7681.43,7681.44,3668
2026-08-21T16:15:00+00:00,7681.44,7688.94,7677.67,7684.17,5989
2026-08-21T16:30:00+00:00,7684.17,7684.68,7679.18,7682.68,2738
2026-08-21T16:45:00+00:00,7682.68,7683.19,7676.93,7682.92,2441
2026-08-21T17:00:00+00:00,7682.92,7684.43,7679.92,7681.19,2502
2026-08-21T17:15:00+00:00,7681.19,7681.94,7676.17,7677.44,2711
2026-08-21T17:30:00+00:00,7677.44,7678.19,7673.92,7675.93,2133
2026-08-21T17:45:00+00:00,7675.93,7677.93,7673.44,7673.44,1939
2026-08-21T18:00:00+00:00,7673.44,7676.44,7671.92,7672.42,2082
2026-08-21T18:15:00+00:00,7672.42,7675.17,7671.67,7671.93,1577
2026-08-21T18:30:00+00:00,7671.93,7674.19,7669.69,7673.18,1716
2026-08-21T18:45:00+00:00,7673.18,7681.44,7672.43,7680.92,1723
2026-08-21T19:00:00+00:00,7680.92,7682.69,7677.67,7679.43,2315
2026-08-21T19:15:00+00:00,7679.43,7681.19,7677.42,7679.43,1334
2026-08-21T19:30:00+00:00,7679.43,7683.44,7678.67,7683.42,1941
2026-08-21T19:45:00+00:00,7683.42,7686.67,7672.92,7675.44,5195
2026-08-21T20:00:00+00:00,7675.44,7675.64,7672.62,7674.62,1284
2026-08-21T20:15:00+00:00,7674.62,7675.64,7671.37,7671.38,428
2026-08-21T20:30:00+00:00,7671.38,7673.62,7671.37,7673.37,254
2026-08-23T22:00:00+00:00,7673.37,7680.24,7667.23,7669.75,3322
2026-08-23T22:15:00+00:00,7669.75,7670.99,7667.23,7669.49,578
2026-08-23T22:30:00+00:00,7669.49,7674.99,7668.75,7674.73,741
2026-08-23T22:45:00+00:00,7674.73,7676.24,7674.61,7675.24,509
2026-08-23T23:00:00+00:00,7675.24,7676.24,7674.73,7675.5,264
2026-08-23T23:15:00+00:00,7675.5,7680.5,7674.98,7680.5,366
2026-08-23T23:30:00+00:00,7680.5,7682.5,7680.23,7680.23,582
2026-08-23T23:45:00+00:00,7680.23,7688,7680.23,7687.74,2056
2026-08-24T00:00:00+00:00,7687.74,7688.98,7682.87,7683.73,4883
2026-08-24T00:15:00+00:00,7683.73,7683.86,7670.75,7674.73,4493
2026-08-24T00:30:00+00:00,7674.73,7675.87,7672.48,7673.49,3023
2026-08-24T00:45:00+00:00,7673.49,7683.5,7672.73,7683,2879
2026-08-24T01:00:00+00:00,7683,7688,7681.74,7686.75,3066
2026-08-24T01:15:00+00:00,7686.75,7688,7682.73,7682.99,2349
2026-08-24T01:30:00+00:00,7682.99,7684.24,7679.98,7682.48,2697
2026-08-24T01:45:00+00:00,7682.48,7685,7675.87,7675.99,2699
2026-08-24T02:00:00+00:00,7675.99,7681.1,7672.74,7680.49,3746
2026-08-24T02:15:00+00:00,7680.49,7682,7678.73,7680.48,2296
2026-08-24T02:30:00+00:00,7680.48,7681.99,7679.48,7681.75,1745
2026-08-24T02:45:00+00:00,7681.75,7683,7678.5,7682.25,2248
2026-08-24T03:00:00+00:00,7682.25,7682.25,7673.75,7674.5,1714
2026-08-24T03:15:00+00:00,7674.5,7676.23,7673.98,7674.5,1100
2026-08-24T03:30:00+00:00,7674.5,7674.5,7670.73,7670.73,1811
2026-08-24T03:45:00+00:00,7670.73,7672.48,7667.98,7668.49,1554
2026-08-24T04:00:00+00:00,7668.49,7670.25,7667.48,7670.25,1200
2026-08-24T04:15:00+00:00,7670.25,7670.5,7666.23,7668.99,1808
2026-08-24T04:30:00+00:00,7668.99,7670,7666.25,7669.37,2260
2026-08-24T04:45:00+00:00,7669.37,7669.5,7665.23,7665.36,1618
2026-08-24T05:00:00+00:00,7665.36,7671,7665.25,7670.87,1856
2026-08-24T05:15:00+00:00,7670.87,7670.87,7665.98,7666,1739
2026-08-24T05:30:00+00:00,7666,7667.5,7660.98,7663.98,2144
2026-08-24T05:45:00+00:00,7663.98,7664.75,7660.75,7662.1,2275
2026-08-24T06:00:00+00:00,7662.1,7664.23,7657.49,7658.74,3000
2026-08-24T06:15:00+00:00,7658.74,7661.75,7654.48,7658.75,2568
2026-08-24T06:30:00+00:00,7658.75,7661,7656.73,7657.24,1847
2026-08-24T06:45:00+00:00,7657.24,7661.24,7656.48,7658.98,1311
2026-08-24T07:00:00+00:00,7658.98,7664,7657.5,7663.48,3821
2026-08-24T07:15:00+00:00,7663.48,7664.73,7660.48,7660.74,2039
2026-08-24T07:30:00+00:00,7660.74,7665,7657.99,7657.99,2453
2026-08-24T07:45:00+00:00,7657.99,7660.37,7656.23,7656.48,2372
2026-08-24T08:00:00+00:00,7656.48,7666,7654.23,7661.35,5948
2026-08-24T08:15:00+00:00,7661.35,7665.25,7659.75,7662.75,3229
2026-08-24T08:30:00+00:00,7662.75,7668.61,7662.11,7667.99,2398
2026-08-24T08:45:00+00:00,7667.99,7669.49,7666.23,7666.24,1603
2026-08-24T09:00:00+00:00,7666.24,7669.98,7664.24,7667.73,1665
2026-08-24T09:15:00+00:00,7667.73,7668.25,7663.49,7664.11,1018
2026-08-24T09:30:00+00:00,7664.11,7667.5,7663.98,7666.5,1059
2026-08-24T09:45:00+00:00,7666.5,7668.25,7665.23,7666,1044
2026-08-24T10:00:00+00:00,7666,7667.5,7662.25,7662.5,1210
2026-08-24T10:15:00+00:00,7662.5,7665.48,7661.23,7661.75,1140
2026-08-24T10:30:00+00:00,7661.75,7665.74,7659,7660.23,1433
2026-08-24T10:45:00+00:00,7660.23,7660.5,7655.48,7655.98,1162
2026-08-24T11:00:00+00:00,7655.98,7657.23,7650.11,7653.35,2528
2026-08-24T11:15:00+00:00,7653.35,7657.49,7652.99,7655.75,1520
2026-08-24T11:30:00+00:00,7655.75,7671.75,7655.75,7666.99,7725
2026-08-24T11:45:00+00:00,7666.99,7666.99,7661.99,7665.5,2732
2026-08-24T12:00:00+00:00,7665.5,7665.5,7661.48,7662.73,1989
2026-08-24T12:15:00+00:00,7662.73,7666.75,7661.48,7666.5,2018
2026-08-24T12:30:00+00:00,7666.5,7667.61,7655.85,7661.73,4780
2026-08-24T12:45:00+00:00,7661.73,7665.25,7661.24,7663.49,2157
2026-08-24T13:00:00+00:00,7663.49,7665.49,7662.48,7662.73,2416
2026-08-24T13:15:00+00:00,7662.73,7667.48,7661.61,7667.24,3019
2026-08-24T13:30:00+00:00,7667.24,7667.8,7641.78,7641.78,22113
2026-08-24T13:45:00+00:00,7641.78,7656.55,7640.79,7654.29,18259
2026-08-24T14:00:00+00:00,7654.29,7659.54,7645.28,7649.8,13402
2026-08-24T14:15:00+00:00,7649.8,7654.8,7646.29,7648.79,9235
2026-08-24T14:30:00+00:00,7648.79,7661.05,7647.53,7656.79,7667
2026-08-24T14:45:00+00:00,7656.79,7659.3,7654.03,7656.28,5922
2026-08-24T15:00:00+00:00,7656.28,7658.04,7646.78,7647.03,6305
2026-08-24T15:15:00+00:00,7647.03,7659.78,7643.53,7657.04,6612
2026-08-24T15:30:00+00:00,7657.04,7664.05,7653.8,7662.28,6723
2026-08-24T15:45:00+00:00,7662.28,7667.03,7661.78,7665.03,3972
2026-08-24T16:00:00+00:00,7665.03,7671.05,7664.16,7666.28,5074
2026-08-24T16:15:00+00:00,7666.28,7672.03,7666.03,7668.78,3066
2026-08-24T16:30:00+00:00,7668.78,7669.79,7661.78,7662.79,2449
2026-08-24T16:45:00+00:00,7662.79,7664.29,7661.03,7661.78,2220
2026-08-24T17:00:00+00:00,7661.78,7667.54,7658.54,7664.8,3908
2026-08-24T17:15:00+00:00,7664.8,7665.3,7653.03,7653.79,4899
2026-08-24T17:30:00+00:00,7653.79,7655.3,7650.78,7650.8,3417
2026-08-24T17:45:00+00:00,7650.8,7654.8,7650.28,7652.54,2428
2026-08-24T18:00:00+00:00,7652.54,7662.55,7652.53,7662.28,3313
2026-08-24T18:15:00+00:00,7662.28,7668.29,7661.03,7667.79,3322
2026-08-24T18:30:00+00:00,7667.79,7670.8,7661.03,7663.17,2851
2026-08-24T18:45:00+00:00,7663.17,7664.28,7659.78,7660.05,1881
2026-08-24T19:00:00+00:00,7660.05,7662.05,7658.28,7661.04,2291
2026-08-24T19:15:00+00:00,7661.04,7662.3,7659.28,7659.78,1502
2026-08-24T19:30:00+00:00,7659.78,7662.55,7655.8,7657.05,2166
2026-08-24T19:45:00+00:00,7657.05,7659.79,7654.03,7655.3,5344
2026-08-24T20:00:00+00:00,7655.3,7658.75,7653.74,7656.5,1304
2026-08-24T20:15:00+00:00,7656.5,7656.75,7652.23,7652.49,752
2026-08-24T20:30:00+00:00,7652.49,7657,7652.23,7656.75,297
2026-08-24T20:45:00+00:00,7656.75,7660.49,7655.73,7659.85,524
2026-08-24T22:00:00+00:00,7659.85,7665.25,7659.85,7661.99,1116
2026-08-24T22:15:00+00:00,7661.99,7662.99,7661.74,7662.11,275
2026-08-24T22:30:00+00:00,7662.11,7662.61,7661.12,7661.51,319
2026-08-24T22:45:00+00:00,7661.51,7662.49,7661.25,7662.26,152
2026-08-24T23:00:00+00:00,7662.26,7663.25,7661.75,7663.25,196
2026-08-24T23:15:00+00:00,7663.25,7663.51,7660.26,7660.49,309
2026-08-24T23:30:00+00:00,7660.49,7660.49,7655.75,7656.99,622
2026-08-24T23:45:00+00:00,7656.99,7658.87,7656.24,7658.49,1755
2026-08-25T00:00:00+00:00,7658.49,7659,7651.49,7652.24,3492
2026-08-25T00:15:00+00:00,7652.24,7656.24,7648.24,7656,2804
2026-08-25T00:30:00+00:00,7656,7662.01,7655.25,7661.11,2689
2026-08-25T00:45:00+00:00,7661.11,7663.51,7659.24,7661.51,2144
2026-08-25T01:00:00+00:00,7661.51,7663.26,7660.24,7662,2274
2026-08-25T01:15:00+00:00,7662,7663.01,7658.49,7660.25,1983
2026-08-25T01:30:00+00:00,7660.25,7664.76,7659.74,7662.51,2492
2026-08-25T01:45:00+00:00,7662.51,7664.12,7660.99,7661,1730
2026-08-25T02:00:00+00:00,7661,7663.01,7656.01,7657.49,1635
2026-08-25T02:15:00+00:00,7657.49,7660.26,7656,7659.76,1723
2026-08-25T02:30:00+00:00,7659.76,7663.26,7658.74,7659.99,2048
2026-08-25T02:45:00+00:00,7659.99,7660.26,7654.5,7655.88,1495
2026-08-25T03:00:00+00:00,7655.88,7664.88,7655.74,7662.74,2027
2026-08-25T03:15:00+00:00,7662.74,7665.51,7662.62,7665.26,1297
2026-08-25T03:30:00+00:00,7665.26,7666.51,7663.74,7664,1120
2026-08-25T03:45:00+00:00,7664,7664.01,7661.37,7662.99,860
2026-08-25T04:00:00+00:00,7662.99,7666.26,7662.49,7666.13,1119
2026-08-25T04:15:00+00:00,7666.13,7666.26,7664.99,7665.75,655
2026-08-25T04:30:00+00:00,7665.75,7667.26,7664.99,7666.36,914
2026-08-25T04:45:00+00:00,7666.36,7667.01,7663.24,7664.75,1204
2026-08-25T05:00:00+00:00,7664.75,7667.75,7663.99,7665.76,1285
2026-08-25T05:15:00+00:00,7665.76,7667.76,7665.76,7666.74,1005
2026-08-25T05:30:00+00:00,7666.74,7668.26,7665.49,7665.49,1123
2026-08-25T05:45:00+00:00,7665.49,7669.01,7664.99,7668.01,1256
2026-08-25T06:00:00+00:00,7668.01,7671.01,7667.75,7669.25,1350
2026-08-25T06:15:00+00:00,7669.25,7674.75,7668.24,7673.11,1268
2026-08-25T06:30:00+00:00,7673.11,7675.49,7671.49,7675.49,1252
2026-08-25T06:45:00+00:00,7675.49,7677.51,7673.24,7677.49,974
2026-08-25T07:00:00+00:00,7677.49,7680.26,7675.26,7675.75,2025
2026-08-25T07:15:00+00:00,7675.75,7677.5,7670.24,7672.74,1775
2026-08-25T07:30:00+00:00,7672.74,7674.38,7671.25,7673.74,1622
2026-08-25T07:45:00+00:00,7673.74,7674.01,7669.49,7670.49,1317
2026-08-25T08:00:00+00:00,7670.49,7673.01,7668.49,7669.24,2374
2026-08-25T08:15:00+00:00,7669.24,7687.61,7669.24,7679.26,7293
2026-08-25T08:30:00+00:00,7679.26,7682.99,7676.99,7680.49,3077
2026-08-25T08:45:00+00:00,7680.49,7685.24,7680.49,7684.75,1901
2026-08-25T09:00:00+00:00,7684.75,7688.61,7682.49,7686.87,2337
2026-08-25T09:15:00+00:00,7686.87,7688.51,7685.37,7687,1537
2026-08-25T09:30:00+00:00,7687,7697.01,7686.74,7692.99,4975
2026-08-25T09:45:00+00:00,7692.99,7701.49,7692.25,7697.26,2586
2026-08-25T10:00:00+00:00,7697.26,7698.01,7692.87,7695.49,1928
2026-08-25T10:15:00+00:00,7695.49,7695.76,7691.11,7691.51,1143
2026-08-25T10:30:00+00:00,7691.51,7692.26,7688.01,7688.01,1013
2026-08-25T10:45:00+00:00,7688.01,7690.76,7687.74,7689.99,922
2026-08-25T11:00:00+00:00,7689.99,7690.25,7681.36,7686.51,2146
2026-08-25T11:15:00+00:00,7686.51,7687.76,7684.49,7686.75,1475
2026-08-25T11:30:00+00:00,7686.75,7690.51,7686.49,7689.51,1185
2026-08-25T11:45:00+00:00,7689.51,7694.51,7689.26,7692.76,1562
2026-08-25T12:00:00+00:00,7692.76,7693.52,7688.26,7691.02,1972
2026-08-25T12:15:00+00:00,7691.02,7694.77,7690.38,7692.26,1648
2026-08-25T12:30:00+00:00,7692.26,7692.27,7681.75,7684.26,1768
2026-08-25T12:45:00+00:00,7684.26,7686.77,7683.37,7684.75,1126
2026-08-25T13:00:00+00:00,7684.75,7687.27,7682.25,7685.01,2411
2026-08-25T13:15:00+00:00,7685.01,7687.27,7681.77,7681.77,2561
2026-08-25T13:30:00+00:00,7681.77,7688.06,7679.05,7681.55,15033
2026-08-25T13:45:00+00:00,7681.55,7687.320000000001,7675.06,7676.81,10232
2026-08-25T14:00:00+00:00,7676.81,7678.070000000001,7671.05,7671.81,9937
2026-08-25T14:15:00+00:00,7671.81,7676.31,7667.05,7667.070000000001,6704
2026-08-25T14:30:00+00:00,7667.070000000001,7670.570000000001,7650.780000000001,7663.55,10395
2026-08-25T14:45:00+00:00,7663.55,7668.56,7660.31,7667.070000000001,5590
2026-08-25T15:00:00+00:00,7667.070000000001,7668.070000000001,7663.070000000001,7665.81,6008
2026-08-25T15:15:00+00:00,7665.81,7673.820000000001,7664.820000000001,7673.06,4095
2026-08-25T15:30:00+00:00,7673.06,7677.56,7669.05,7672.070000000001,5536
2026-08-25T15:45:00+00:00,7672.070000000001,7676.070000000001,7666.05,7674.55,3796
2026-08-25T16:00:00+00:00,7674.55,7678.320000000001,7673.3,7675.3,2954
2026-08-25T16:15:00+00:00,7675.3,7678.06,7673.81,7677.56,1667
2026-08-25T16:30:00+00:00,7677.56,7679.570000000001,7675.070000000001,7675.8,1956
2026-08-25T16:45:00+00:00,7675.8,7678.820000000001,7673.320000000001,7677.6900000000005,2178
2026-08-25T17:00:00+00:00,7677.6900000000005,7678.56,7669.31,7672.8,3083
2026-08-25T17:15:00+00:00,7672.8,7674.320000000001,7666.3,7668.070000000001,2456
2026-08-25T17:30:00+00:00,7668.070000000001,7670.3,7667.320000000001,7668.570000000001,2019
2026-08-25T17:45:00+00:00,7668.570000000001,7671.570000000001,7668.3,7670.3,1333
2026-08-25T18:00:00+00:00,7670.3,7670.570000000001,7667.81,7667.81,1539
2026-08-25T18:15:00+00:00,7667.81,7669.81,7667.06,7669.570000000001,1142
2026-08-25T18:30:00+00:00,7669.570000000001,7676.31,7669.570000000001,7676.06,1710
2026-08-25T18:45:00+00:00,7676.06,7679.17,7675.79,7676.8,1803
2026-08-25T19:00:00+00:00,7676.8,7678.8,7671.3,7671.54,1603
2026-08-25T19:15:00+00:00,7671.54,7672.31,7669.29,7671.81,1723
2026-08-25T19:30:00+00:00,7671.81,7676.56,7670.54,7674.04,1827
2026-08-25T19:45:00+00:00,7674.04,7682.17,7672.54,7678.56,5747
2026-08-25T20:00:00+00:00,7678.56,7680.75,7676.49,7679.51,1263
2026-08-25T20:15:00+00:00,7679.51,7683.26,7678.75,7681.74,534
2026-08-25T20:30:00+00:00,7681.74,7682.76,7679,7679,246
2026-08-25T20:45:00+00:00,7679,7679.26,7677.24,7678.35,371
2026-08-25T22:00:00+00:00,7678.35,7681.73,7678.35,7679.96,869
2026-08-25T22:15:00+00:00,7679.96,7681.22,7678.71,7680.97,233
2026-08-25T22:30:00+00:00,7680.97,7681.47,7679.96,7680.73,196
2026-08-25T22:45:00+00:00,7680.73,7680.85,7679.96,7680.22,181
2026-08-25T23:00:00+00:00,7680.22,7680.73,7679.46,7679.48,206
2026-08-25T23:15:00+00:00,7679.98,7680.21,7676.21,7676.22,225
2026-08-25T23:30:00+00:00,7676.22,7676.72,7672.96,7673.46,329
2026-08-25T23:45:00+00:00,7673.46,7673.46,7669.22,7670.46,995
2026-08-26T00:00:00+00:00,7670.46,7672.85,7668.21,7669.98,3688
2026-08-26T00:15:00+00:00,7669.98,7674.46,7667.73,7669.23,1674
2026-08-26T00:30:00+00:00,7669.23,7669.72,7664.96,7666.48,1638
2026-08-26T00:45:00+00:00,7666.48,7667.72,7662.22,7662.73,1581
2026-08-26T01:00:00+00:00,7662.73,7666.73,7662.22,7665.22,1880
2026-08-26T01:15:00+00:00,7665.22,7665.73,7661.46,7661.97,1278
2026-08-26T01:30:00+00:00,7661.97,7663.23,7659.46,7661.72,1664
2026-08-26T01:45:00+00:00,7661.72,7662.98,7660.46,7662.96,1149
2026-08-26T02:00:00+00:00,7662.96,7664.35,7660.71,7663.47,871
2026-08-26T02:15:00+00:00,7663.47,7667.23,7663.46,7667.22,684
2026-08-26T02:30:00+00:00,7667.22,7673.48,7667.21,7673.48,806
2026-08-26T02:45:00+00:00,7673.48,7675.73,7672.71,7674.35,777
2026-08-26T03:00:00+00:00,7674.35,7676.71,7673.47,7676.48,810
2026-08-26T03:15:00+00:00,7676.48,7676.59,7673.84,7673.98,518
2026-08-26T03:30:00+00:00,7673.98,7676.97,7672.98,7676.23,975
2026-08-26T03:45:00+00:00,7676.23,7680.48,7675.97,7678.23,1138
2026-08-26T04:00:00+00:00,7678.23,7680.21,7677.71,7678.97,767
2026-08-26T04:15:00+00:00,7678.97,7679.71,7677.96,7678.47,470
2026-08-26T04:30:00+00:00,7678.47,7678.96,7675.71,7675.73,507
2026-08-26T04:45:00+00:00,7675.73,7675.97,7670.72,7671.84,917
2026-08-26T05:00:00+00:00,7671.84,7676.22,7671.71,7674.46,1205
2026-08-26T05:15:00+00:00,7674.46,7674.98,7672.6,7674.6,1021
2026-08-26T05:30:00+00:00,7674.6,7676.23,7673.71,7674.58,1033
2026-08-26T05:45:00+00:00,7674.58,7674.58,7672.46,7673.72,821
2026-08-26T06:00:00+00:00,7673.72,7674.73,7669.21,7671.23,1450
2026-08-26T06:15:00+00:00,7671.23,7672.48,7669.21,7671.21,1118
2026-08-26T06:30:00+00:00,7671.21,7677.21,7669.85,7677.21,1121
2026-08-26T06:45:00+00:00,7677.21,7679.35,7674.21,7676.97,1124
2026-08-26T07:00:00+00:00,7676.97,7677.48,7670.96,7676.23,2581
2026-08-26T07:15:00+00:00,7676.23,7677.22,7670.97,7671.46,1984
2026-08-26T07:30:00+00:00,7671.46,7672.98,7669.21,7671.97,1782
2026-08-26T07:45:00+00:00,7671.97,7674.97,7671.23,7674.48,1465
2026-08-26T08:00:00+00:00,7674.48,7678.72,7672.23,7673.71,2297
2026-08-26T08:15:00+00:00,7673.71,7677.48,7671.48,7677.48,1989
2026-08-26T08:30:00+00:00,7677.48,7679.73,7674.48,7678.72,1519
2026-08-26T08:45:00+00:00,7678.72,7678.72,7674.21,7677.21,906
2026-08-26T09:00:00+00:00,7677.21,7678.23,7674.59,7674.98,1261
2026-08-26T09:15:00+00:00,7674.98,7675.73,7671.71,7673.47,1233
2026-08-26T09:30:00+00:00,7673.47,7676.23,7673.46,7675.21,909
2026-08-26T09:45:00+00:00,7675.21,7677.98,7674.98,7677.48,711
2026-08-26T10:00:00+00:00,7677.48,7677.73,7672.72,7672.97,817
2026-08-26T10:15:00+00:00,7672.97,7674.98,7672.21,7672.21,880
2026-08-26T10:30:00+00:00,7672.21,7678.48,7670.46,7675.97,1051
2026-08-26T10:45:00+00:00,7675.97,7677.48,7674.71,7675.58,673
2026-08-26T11:00:00+00:00,7675.58,7679.46,7675.46,7678.71,1295
2026-08-26T11:15:00+00:00,7678.71,7682.48,7676.48,7678.46,1192
2026-08-26T11:30:00+00:00,7678.46,7680.48,7672.46,7674.73,1379
2026-08-26T11:45:00+00:00,7674.73,7676.73,7671.47,7676.22,1823
2026-08-26T12:00:00+00:00,7676.22,7676.73,7673.96,7676.46,1632
2026-08-26T12:15:00+00:00,7676.46,7684.59,7673.73,7684.49,1679
2026-08-26T12:30:00+00:00,7684.49,7685.23,7668.46,7669.46,7212
2026-08-26T12:45:00+00:00,7669.46,7672.73,7665.21,7667.98,4435
2026-08-26T13:00:00+00:00,7667.98,7670.73,7665.46,7670.47,2563
2026-08-26T13:15:00+00:00,7670.47,7670.97,7666.96,7667.21,2455
2026-08-26T13:30:00+00:00,7667.21,7686.38,7667.21,7684.01,17010
2026-08-26T13:45:00+00:00,7684.01,7690.02,7677.27,7690.01,8899
2026-08-26T14:00:00+00:00,7690.01,7690.52,7681.76,7682.77,5785
2026-08-26T14:15:00+00:00,7682.77,7684.28,7669.02,7671.53,7767
2026-08-26T14:30:00+00:00,7671.53,7676.78,7669.9,7674.53,6217
2026-08-26T14:45:00+00:00,7674.53,7680.03,7671.51,7679.27,4325
2026-08-26T15:00:00+00:00,7679.27,7685.53,7679.02,7683.51,4060
2026-08-26T15:15:00+00:00,7683.51,7683.52,7676.51,7679.27,4262
2026-08-26T15:30:00+00:00,7679.27,7682.03,7671.76,7681.53,4144
2026-08-26T15:45:00+00:00,7681.53,7683.77,7674.01,7674.01,5963
2026-08-26T16:00:00+00:00,7674.01,7674.7699999999995,7669.51,7670.7699999999995,5210
2026-08-26T16:15:00+00:00,7670.7699999999995,7671.7699999999995,7667.7699999999995,7668.25,2244
2026-08-26T16:30:00+00:00,7668.25,7670.139999999999,7659.5,7660.5199999999995,3091
2026-08-26T16:45:00+00:00,7660.5199999999995,7668.0199999999995,7659.76,7667.75,3159
2026-08-26T17:00:00+00:00,7667.75,7672,7666.25,7672,2594
2026-08-26T17:15:00+00:00,7672,7677.7699999999995,7672,7677.01,2283
2026-08-26T17:30:00+00:00,7677.01,7679.0199999999995,7675.5,7677.25,1864
2026-08-26T17:45:00+00:00,7677.25,7679.26,7675,7677.25,1528
2026-08-26T18:00:00+00:00,7677.25,7679.01,7674.2699999999995,7674.7699999999995,1370
2026-08-26T18:15:00+00:00,7674.7699999999995,7680.25,7674.01,7676.5,1753
2026-08-26T18:30:00+00:00,7676.5,7679.2699999999995,7675.75,7679,1266
2026-08-26T18:45:00+00:00,7679,7686.5199999999995,7679,7685.51,2537
2026-08-26T19:00:00+00:00,7685.51,7693.51,7685,7690.01,2900
2026-08-26T19:15:00+00:00,7690.01,7693.01,7688.5,7689.5,1599
2026-08-26T19:30:00+00:00,7689.5,7689.76,7686.5,7687.51,1910
2026-08-26T19:45:00+00:00,7687.51,7692.01,7675.25,7680.51,5424
2026-08-26T20:00:00+00:00,7680.51,7691.969999999999,7678.7,7690.84,4754
2026-08-26T20:15:00+00:00,7690.84,7694.58,7678.45,7685.7,11960
2026-08-26T20:30:00+00:00,7685.7,7686.969999999999,7681.07,7684.7,2906
2026-08-26T20:45:00+00:00,7684.7,7698.219999999999,7684.45,7698.219999999999,1834
2026-08-26T22:00:00+00:00,7698.219999999999,7723.57,7698.219999999999,7722.05,3958
2026-08-26T22:15:00+00:00,7722.05,7727.32,7720.19,7726.95,1503
2026-08-26T22:30:00+00:00,7726.95,7729.95,7726.179999999999,7729.95,790
2026-08-26T22:45:00+00:00,7729.95,7729.95,7724.45,7724.95,729
2026-08-26T23:00:00+00:00,7724.95,7725.95,7722.95,7723.8099999999995,642
2026-08-26T23:15:00+00:00,7723.8099999999995,7724.5599999999995,7722.179999999999,7723.05,477
2026-08-26T23:30:00+00:00,7723.05,7724.19,7722.3099999999995,7722.94,353
2026-08-26T23:45:00+00:00,7722.94,7728.0599999999995,7722.679999999999,7727.57,1621
2026-08-27T00:00:00+00:00,7727.57,7728.05,7719.929999999999,7720.929999999999,2956
2026-08-27T00:15:00+00:00,7720.929999999999,7721.3099999999995,7718.179999999999,7721.05,2002
2026-08-27T00:30:00+00:00,7721.05,7721.07,7709.429999999999,7709.679999999999,1827
2026-08-27T00:45:00+00:00,7709.679999999999,7710.179999999999,7703.45,7705.2,3276
2026-08-27T01:00:00+00:00,7705.2,7710.58,7703.45,7707.22,3304
2026-08-27T01:15:00+00:00,7707.22,7712.96,7706.96,7712.46,1896
2026-08-27T01:30:00+00:00,7712.46,7715.96,7709.46,7709.46,1616
2026-08-27T01:45:00+00:00,7709.46,7716.22,7709.46,7713.97,1607
2026-08-27T02:00:00+00:00,7713.97,7717.22,7713.570000000001,7716.45,1290
2026-08-27T02:15:00+00:00,7716.45,7716.97,7714.7,7716.21,1030
2026-08-27T02:30:00+00:00,7716.21,7718.22,7715.7,7717.22,900
2026-08-27T02:45:00+00:00,7717.22,7719.34,7716.95,7717.71,790
2026-08-27T03:00:00+00:00,7717.71,7718.72,7715.45,7716.7,684
2026-08-27T03:15:00+00:00,7716.7,7720.22,7716.45,7719.45,846
2026-08-27T03:30:00+00:00,7719.45,7720.21,7717.2,7717.22,909
2026-08-27T03:45:00+00:00,7717.22,7718.46,7714.95,7715.71,977
2026-08-27T04:00:00+00:00,7715.71,7716.71,7714.71,7715.71,802
2026-08-27T04:15:00+00:00,7715.71,7717.2,7713.820000000001,7713.83,906
2026-08-27T04:30:00+00:00,7713.83,7713.83,7709.2,7710.21,1046
2026-08-27T04:45:00+00:00,7710.21,7711.97,7708.71,7709.47,958
2026-08-27T05:00:00+00:00,7709.47,7710.22,7704.96,7706.45,1306
2026-08-27T05:15:00+00:00,7706.45,7706.45,7701.95,7703.71,1256
2026-08-27T05:30:00+00:00,7703.71,7704.21,7699.7,7699.95,1488
2026-08-27T05:45:00+00:00,7699.95,7702.72,7699.95,7701.72,1420
2026-08-27T06:00:00+00:00,7701.72,7701.95,7696.46,7700.22,2034
2026-08-27T06:15:00+00:00,7700.22,7702.72,7700.21,7702.21,1281
2026-08-27T06:30:00+00:00,7702.21,7705.97,7701.95,7705.820000000001,927
2026-08-27T06:45:00+00:00,7705.820000000001,7707.72,7704.46,7707.45,990
2026-08-27T07:00:00+00:00,7707.45,7710.22,7703.21,7710.22,2617
2026-08-27T07:15:00+00:00,7710.22,7710.97,7707.7,7710.95,1537
2026-08-27T07:30:00+00:00,7710.95,7711.46,7705.45,7706.47,2335
2026-08-27T07:45:00+00:00,7706.47,7711.47,7706.2,7710.070000000001,1378
2026-08-27T08:00:00+00:00,7710.070000000001,7722.21,7710.070000000001,7721.47,2538
2026-08-27T08:15:00+00:00,7721.47,7724.21,7716.47,7723.97,2029
2026-08-27T08:30:00+00:00,7723.97,7723.97,7718.2,7719.72,2115
2026-08-27T08:45:00+00:00,7719.72,7723.47,7717.2,7717.71,1838
2026-08-27T09:00:00+00:00,7717.71,7718.46,7710.570000000001,7710.570000000001,3289
2026-08-27T09:15:00+00:00,7710.570000000001,7715.7,7708.45,7714.47,2278
2026-08-27T09:30:00+00:00,7714.47,7718.070000000001,7714.21,7716.47,1636
2026-08-27T09:45:00+00:00,7716.47,7718.22,7713.46,7713.96,1299
2026-08-27T10:00:00+00:00,7713.96,7713.96,7710.22,7712.47,2074
2026-08-27T10:15:00+00:00,7712.47,7713.47,7709.2,7709.72,1348
2026-08-27T10:30:00+00:00,7709.72,7712.7,7707.7,7712.21,1568
2026-08-27T10:45:00+00:00,7712.21,7713.96,7709.2,7713.7,1331
2026-08-27T11:00:00+00:00,7713.7,7719.21,7711.45,7717.7,2721
2026-08-27T11:15:00+00:00,7717.7,7718.72,7711.97,7711.97,1765
2026-08-27T11:30:00+00:00,7711.97,7714.47,7707.46,7710.46,4141
2026-08-27T11:45:00+00:00,7710.46,7711.97,7704.7,7711.71,2655
2026-08-27T12:00:00+00:00,7711.71,7715.96,7710.71,7715.22,2315
2026-08-27T12:15:00+00:00,7715.22,7715.22,7711.570000000001,7712.71,2215
2026-08-27T12:30:00+00:00,7712.71,7712.83,7701.45,7701.71,3157
2026-08-27T12:45:00+00:00,7701.71,7703.46,7700.46,7701.21,2119
2026-08-27T13:00:00+00:00,7701.21,7704.96,7699.96,7702.7,2172
2026-08-27T13:15:00+00:00,7702.7,7706.97,7701.7,7706.22,2945
2026-08-27T13:30:00+00:00,7706.22,7713.01,7692.75,7713,20186
2026-08-27T13:45:00+00:00,7713,7718.02,7697.01,7704.75,21228
2026-08-27T14:00:00+00:00,7704.75,7711.77,7701.51,7707.5,16763
2026-08-27T14:15:00+00:00,7707.5,7720.02,7707.5,7718.26,9919
2026-08-27T14:30:00+00:00,7718.26,7721.51,7711.75,7717.27,8591
2026-08-27T14:45:00+00:00,7717.27,7725.52,7714.51,7725,7255
2026-08-27T15:00:00+00:00,7725,7732.02,7723.75,7731.780000000001,4597
2026-08-27T15:15:00+00:00,7731.780000000001,7734.530000000001,7725.76,7726.52,4357
2026-08-27T15:30:00+00:00,7726.52,7729.530000000001,7719.26,7719.76,5747
2026-08-27T15:45:00+00:00,7719.76,7732.280000000001,7717.26,7729.89,5525
2026-08-27T16:00:00+00:00,7729.89,7733.27,7725.52,7727.5,3256
2026-08-27T16:15:00+00:00,7727.5,7730.27,7724.75,7730.25,3120
2026-08-27T16:30:00+00:00,7730.25,7739.01,7729.5,7738.25,2925
2026-08-27T16:45:00+00:00,7738.25,7741.76,7737.5,7741.52,2534
2026-08-27T17:00:00+00:00,7741.52,7745.01,7739.01,7743.27,2581
2026-08-27T17:15:00+00:00,7743.27,7744.27,7738.27,7738.76,2056
2026-08-27T17:30:00+00:00,7738.76,7742,7737.5,7737.52,2218
2026-08-27T17:45:00+00:00,7737.52,7737.77,7732.5,7733.27,3101
2026-08-27T18:00:00+00:00,7733.27,7735.02,7721,7723.77,5544
2026-08-27T18:15:00+00:00,7723.77,7726,7713.52,7715.52,4661
2026-08-27T18:30:00+00:00,7715.52,7722.02,7715.02,7719.77,3691
2026-08-27T18:45:00+00:00,7719.77,7721.75,7712.75,7717.26,4043
2026-08-27T19:00:00+00:00,7717.26,7723.02,7716.25,7719.77,3930
2026-08-27T19:15:00+00:00,7719.77,7723.52,7718.75,7720.27,3246
2026-08-27T19:30:00+00:00,7720.27,7727.76,7719.5,7727.52,2930
2026-08-27T19:45:00+00:00,7727.52,7734.27,7725,7731.25,6902
2026-08-27T20:00:00+00:00,7731.25,7732.97,7724.96,7724.97,2951
2026-08-27T20:15:00+00:00,7724.97,7725.97,7721.72,7722.95,791
2026-08-27T20:30:00+00:00,7722.95,7723.7,7721.96,7723.22,436
2026-08-27T20:45:00+00:00,7723.22,7723.72,7721.45,7722.67,469
2026-08-27T22:00:00+00:00,7722.67,7724.63,7718.2300000000005,7721.62,1170
2026-08-27T22:15:00+00:00,7721.62,7723.88,7721.110000000001,7723.38,553
2026-08-27T22:30:00+00:00,7723.38,7723.88,7722.610000000001,7723.12,307
2026-08-27T22:45:00+00:00,7723.12,7723.13,7721.62,7722.38,223
2026-08-27T23:00:00+00:00,7722.38,7722.63,7719.75,7720.62,464
2026-08-27T23:15:00+00:00,7720.62,7720.74,7719.610000000001,7719.88,255
2026-08-27T23:30:00+00:00,7719.88,7720.25,7718.87,7719.360000000001,293
2026-08-27T23:45:00+00:00,7719.360000000001,7719.360000000001,7717.360000000001,7718.860000000001,752
2026-08-28T00:00:00+00:00,7718.860000000001,7725.63,7718.110000000001,7725.37,2638
2026-08-28T00:15:00+00:00,7725.37,7725.88,7721.99,7725.88,1912
2026-08-28T00:30:00+00:00,7725.88,7726.88,7723.87,7726.37,1132
2026-08-28T00:45:00+00:00,7726.37,7727.38,7725.37,7725.88,911
2026-08-28T01:00:00+00:00,7725.88,7730.13,7725.610000000001,7729.38,973
2026-08-28T01:15:00+00:00,7729.38,7729.88,7727.610000000001,7728.13,701
2026-08-28T01:30:00+00:00,7728.13,7730.12,7727.360000000001,7728.62,1000
2026-08-28T01:45:00+00:00,7728.62,7732.860000000001,7727.87,7732.860000000001,741
2026-08-28T02:00:00+00:00,7732.860000000001,7736.63,7732.860000000001,7735.88,882
2026-08-28T02:15:00+00:00,7735.88,7737.38,7735.360000000001,7735.360000000001,493
2026-08-28T02:30:00+00:00,7735.360000000001,7735.360000000001,7729.860000000001,7729.87,527
2026-08-28T02:45:00+00:00,7729.87,7731.13,7728.62,7730.88,456
2026-08-28T03:00:00+00:00,7730.88,7736.13,7730.860000000001,7735.13,432
2026-08-28T03:15:00+00:00,7735.13,7737.38,7734.860000000001,7736.63,230
2026-08-28T03:30:00+00:00,7736.63,7736.860000000001,7729.110000000001,7729.37,516
2026-08-28T03:45:00+00:00,7729.37,7732.13,7728.13,7731.37,658
2026-08-28T04:00:00+00:00,7731.37,7731.62,7728.110000000001,7730.360000000001,778
2026-08-28T04:15:00+00:00,7730.360000000001,7731.12,7729.360000000001,7729.860000000001,462
2026-08-28T04:30:00+00:00,7729.860000000001,7729.87,7727.610000000001,7728.12,408
2026-08-28T04:45:00+00:00,7728.12,7728.63,7726.860000000001,7727.63,381
2026-08-28T05:00:00+00:00,7727.63,7727.88,7725.610000000001,7725.87,817
2026-08-28T05:15:00+00:00,7725.87,7726.37,7724.110000000001,7725.12,641
2026-08-28T05:30:00+00:00,7725.12,7725.38,7722.110000000001,7724.12,973
2026-08-28T05:45:00+00:00,7724.12,7724.12,7721.610000000001,7721.62,509
2026-08-28T06:00:00+00:00,7721.62,7725.110000000001,7720.860000000001,7723.62,961
2026-08-28T06:15:00+00:00,7723.62,7727.12,7723.110000000001,7723.360000000001,937
2026-08-28T06:30:00+00:00,7723.360000000001,7729.38,7723.360000000001,7728.88,1189
2026-08-28T06:45:00+00:00,7728.88,7733.49,7728.38,7733.38,787
2026-08-28T07:00:00+00:00,7733.38,7734.49,7728.860000000001,7730.37,2166
2026-08-28T07:15:00+00:00,7730.37,7733.13,7729.860000000001,7731.88,1217
2026-08-28T07:30:00+00:00,7731.88,7733.13,7728.610000000001,7729.360000000001,959
2026-08-28T07:45:00+00:00,7729.360000000001,7733.38,7729.13,7730.37,1101
2026-08-28T08:00:00+00:00,7730.37,7731.13,7726.610000000001,7728.110000000001,2387
2026-08-28T08:15:00+00:00,7728.110000000001,7730.12,7726.860000000001,7729.12,1248
2026-08-28T08:30:00+00:00,7729.12,7735.12,7728.62,7732.610000000001,1200
2026-08-28T08:45:00+00:00,7732.610000000001,7732.87,7728.12,7730.12,1274
2026-08-28T09:00:00+00:00,7730.12,7730.38,7727.860000000001,7728.360000000001,1099
2026-08-28T09:15:00+00:00,7728.360000000001,7730.37,7726.360000000001,7729.37,796
2026-08-28T09:30:00+00:00,7729.37,7729.38,7727.37,7728.12,669
2026-08-28T09:45:00+00:00,7728.12,7730.63,7727.610000000001,7728.860000000001,622
2026-08-28T10:00:00+00:00,7728.860000000001,7729.37,7727.13,7728.360000000001,973
2026-08-28T10:15:00+00:00,7728.360000000001,7729.88,7727.360000000001,7729.110000000001,685
2026-08-28T10:30:00+00:00,7729.110000000001,7730.38,7726.860000000001,7727.110000000001,824
2026-08-28T10:45:00+00:00,7727.110000000001,7729.63,7726.360000000001,7729.62,989
2026-08-28T11:00:00+00:00,7729.62,7730.88,7727.12,7729.62,1471
2026-08-28T11:15:00+00:00,7729.62,7732.88,7729.62,7731.860000000001,851
2026-08-28T11:30:00+00:00,7731.860000000001,7733.38,7728.62,7729.12,799
2026-08-28T11:45:00+00:00,7729.12,7731.360000000001,7728.62,7729.860000000001,1081
2026-08-28T12:00:00+00:00,7729.860000000001,7736.88,7729.360000000001,7736.62,1540
2026-08-28T12:15:00+00:00,7736.62,7740.87,7736.12,7740.37,1153
2026-08-28T12:30:00+00:00,7740.37,7740.38,7733.63,7739.860000000001,1380
2026-08-28T12:45:00+00:00,7739.860000000001,7741.13,7739.13,7739.610000000001,1006
2026-08-28T13:00:00+00:00,7739.610000000001,7744.62,7738.860000000001,7739.88,1981
2026-08-28T13:15:00+00:00,7739.88,7740.38,7732.860000000001,7736.63,1707
2026-08-28T13:30:00+00:00,7736.63,7747.43,7733.93,7744.92,12602
2026-08-28T13:45:00+00:00,7744.92,7747.68,7735.68,7736.3,9110
2026-08-28T14:00:00+00:00,7736.3,7750.18,7716.68,7721.66,27898
2026-08-28T14:15:00+00:00,7721.66,7741.43,7720.41,7731.91,21745
2026-08-28T14:30:00+00:00,7731.91,7754.68,7728.16,7753.17,17001
2026-08-28T14:45:00+00:00,7753.17,7769.68,7751.16,7769.18,10773
2026-08-28T15:00:00+00:00,7769.18,7772.43,7757.41,7761.17,9263
2026-08-28T15:15:00+00:00,7761.17,7771.42,7761.17,7769.18,8193
2026-08-28T15:30:00+00:00,7769.18,7769.42,7745.92,7747.43,10799
2026-08-28T15:45:00+00:00,7747.43,7749.41,7727.41,7729.8,15268
2026-08-28T16:00:00+00:00,7729.8,7735.42,7723.91,7728.91,13937
2026-08-28T16:15:00+00:00,7728.91,7731.43,7710.66,7715.16,16070
2026-08-28T16:30:00+00:00,7715.16,7725.41,7714.41,7715.42,11527
2026-08-28T16:45:00+00:00,7715.42,7725.92,7715.42,7715.92,9137
2026-08-28T17:00:00+00:00,7715.92,7715.93,7701.91,7712.66,11395
2026-08-28T17:15:00+00:00,7712.66,7712.93,7704.66,7707.16,7515
2026-08-28T17:30:00+00:00,7707.16,7713.91,7704.91,7709.66,6407
2026-08-28T17:45:00+00:00,7709.66,7716.41,7707.67,7714.41,4648
2026-08-28T18:00:00+00:00,7714.41,7716.93,7710.91,7711.18,5385
2026-08-28T18:15:00+00:00,7711.18,7714.68,7707.91,7709.67,4998
2026-08-28T18:30:00+00:00,7709.67,7714.92,7708.92,7711.92,3973
2026-08-28T18:45:00+00:00,7711.92,7712.18,7702.41,7705.93,4972
2026-08-28T19:00:00+00:00,7705.93,7713.17,7703.92,7711.67,4720
2026-08-28T19:15:00+00:00,7711.67,7715.18,7709.41,7714.66,2891
2026-08-28T19:30:00+00:00,7714.66,7717.18,7710.67,7715.43,3618
2026-08-28T19:45:00+00:00,7715.43,7718.17,7709.67,7712.04,8020
2026-08-28T20:00:00+00:00,7712.04,7714.13,7709.13,7710.62,1791
2026-08-28T20:15:00+00:00,7710.62,7711.12,7709.35,7710.1,275
2026-08-28T20:30:00+00:00,7710.1,7713.62,7708.87,7713.36,332
2026-08-30T22:00:00+00:00,7713.36,7715.62,7695.85,7702.12,4478
2026-08-30T22:15:00+00:00,7702.12,7706.22,7701.61,7702.87,864
2026-08-30T22:30:00+00:00,7702.87,7703.86,7696.85,7698.1,1326
2026-08-30T22:45:00+00:00,7698.1,7700.87,7697.6,7700.73,641
2026-08-30T23:00:00+00:00,7700.73,7701.12,7696.37,7696.61,948
2026-08-30T23:15:00+00:00,7696.61,7698.12,7693.1,7693.24,1111
2026-08-30T23:30:00+00:00,7693.24,7693.36,7686.11,7690.61,2263
2026-08-30T23:45:00+00:00,7690.61,7690.87,7680.1,7680.35,3999
2026-08-31T00:00:00+00:00,7680.35,7686.62,7676.1,7685.1,4446
2026-08-31T00:15:00+00:00,7685.1,7691.12,7685.1,7690.6,2025
2026-08-31T00:30:00+00:00,7690.6,7695.37,7689.85,7693.49,1739
2026-08-31T00:45:00+00:00,7693.49,7693.87,7687.6,7689.12,1507
2026-08-31T01:00:00+00:00,7689.12,7689.12,7678.22,7682.86,3569
2026-08-31T01:15:00+00:00,7682.86,7684.37,7678.35,7681.61,3994
2026-08-31T01:30:00+00:00,7681.61,7683.35,7678.6,7680.22,3477
2026-08-31T01:45:00+00:00,7680.22,7682.37,7678.85,7681.62,2883
2026-08-31T02:00:00+00:00,7681.62,7688.61,7679.47,7687.61,2465
2026-08-31T02:15:00+00:00,7687.61,7687.87,7678.35,7681.86,2938
2026-08-31T02:30:00+00:00,7681.86,7682.72,7675.72,7677.62,2260
2026-08-31T02:45:00+00:00,7677.62,7684.12,7676.11,7683.6,1536
2026-08-31T03:00:00+00:00,7683.6,7687.6,7682.86,7685.62,1012
2026-08-31T03:15:00+00:00,7685.62,7686.62,7684.36,7684.86,753
2026-08-31T03:30:00+00:00,7684.86,7685.37,7682.61,7683.87,1085
2026-08-31T03:45:00+00:00,7683.87,7684.62,7682.85,7684.61,675
2026-08-31T04:00:00+00:00,7684.61,7684.98,7682.62,7684.61,677
2026-08-31T04:15:00+00:00,7684.61,7684.97,7682.85,7684.23,541
2026-08-31T04:30:00+00:00,7684.23,7688.37,7682.35,7688.1,991
2026-08-31T04:45:00+00:00,7688.1,7693.87,7685.62,7692.37,791
2026-08-31T05:00:00+00:00,7692.37,7697.62,7690.86,7697.37,1204
2026-08-31T05:15:00+00:00,7697.37,7702.23,7696.85,7700.12,1065
2026-08-31T05:30:00+00:00,7700.12,7700.62,7692.1,7694.62,1582
2026-08-31T05:45:00+00:00,7694.62,7696.62,7693.86,7696.35,1041
2026-08-31T06:00:00+00:00,7696.35,7699.36,7694.35,7698.87,1584
2026-08-31T06:15:00+00:00,7698.87,7701.37,7698.61,7701.36,1192
2026-08-31T06:30:00+00:00,7701.36,7702.37,7699.1,7700.86,884
2026-08-31T06:45:00+00:00,7700.86,7703.6,7700.35,7702.85,789
2026-08-31T07:00:00+00:00,7702.85,7702.87,7699.85,7702.11,1646
2026-08-31T07:15:00+00:00,7702.11,7702.48,7699.6,7700.86,1113
2026-08-31T07:30:00+00:00,7700.86,7702.62,7699.85,7700.87,1249
2026-08-31T07:45:00+00:00,7700.87,7701.61,7698.85,7701.37,926
2026-08-31T08:00:00+00:00,7701.37,7709.97,7699.37,7702.48,3310
2026-08-31T08:15:00+00:00,7702.48,7704.62,7700.85,7704.1,1891
2026-08-31T08:30:00+00:00,7704.1,7704.62,7701.86,7703.37,1621
2026-08-31T08:45:00+00:00,7703.37,7706.12,7703.1,7704.35,980
2026-08-31T09:00:00+00:00,7704.35,7706.37,7702.36,7705.37,1252
2026-08-31T09:15:00+00:00,7705.37,7707.86,7704.85,7705.1,864
2026-08-31T09:30:00+00:00,7705.1,7705.37,7701.37,7701.85,553
2026-08-31T09:45:00+00:00,7701.85,7702.12,7698.6,7699.11,624
2026-08-31T10:00:00+00:00,7699.11,7701.37,7697.1,7700.6,1097
2026-08-31T10:15:00+00:00,7700.6,7701.37,7697.85,7700.12,1071
2026-08-31T10:30:00+00:00,7700.12,7700.73,7698.6,7700.11,783
2026-08-31T10:45:00+00:00,7700.11,7702.72,7699.35,7701.37,828
2026-08-31T11:00:00+00:00,7701.37,7702.87,7698.87,7699.12,1520
2026-08-31T11:15:00+00:00,7699.12,7702.86,7698.48,7702.23,1220
2026-08-31T11:30:00+00:00,7702.23,7702.37,7694.6,7694.6,1367
2026-08-31T11:45:00+00:00,7694.6,7696.37,7692.35,7694.1,919
2026-08-31T12:00:00+00:00,7694.1,7699.87,7685.87,7696.85,2571
2026-08-31T12:15:00+00:00,7696.85,7700.87,7686.35,7689.62,3281
2026-08-31T12:30:00+00:00,7689.62,7693.37,7683.12,7684.87,2886
2026-08-31T12:45:00+00:00,7684.87,7687.12,7683.35,7685.62,1545
2026-08-31T13:00:00+00:00,7685.62,7690.12,7684.35,7689.87,1912
2026-08-31T13:15:00+00:00,7689.87,7694.12,7689.35,7693.12,2696
2026-08-31T13:30:00+00:00,7693.12,7695.92,7677.14,7677.9,20648
2026-08-31T13:45:00+00:00,7677.9,7686.91,7674.4,7681.42,15344
2026-08-31T14:00:00+00:00,7681.42,7682.92,7673.15,7677.91,9930
2026-08-31T14:15:00+00:00,7677.91,7680.17,7666.65,7668.65,8167
2026-08-31T14:30:00+00:00,7668.65,7680.4,7667.4,7677.9,6793
2026-08-31T14:45:00+00:00,7677.9,7683.91,7673.15,7679.42,5830
2026-08-31T15:00:00+00:00,7679.42,7684.42,7675.15,7677.17,6036
2026-08-31T15:15:00+00:00,7677.17,7681.42,7673.4,7679.15,4704
2026-08-31T15:30:00+00:00,7679.15,7679.92,7673.65,7677.9,5096
2026-08-31T15:45:00+00:00,7677.9,7682.92,7672.66,7673.67,3856
2026-08-31T16:00:00+00:00,7673.67,7677.42,7669.15,7676.67,4214
2026-08-31T16:15:00+00:00,7676.67,7678.92,7672.15,7678.65,3155
2026-08-31T16:30:00+00:00,7678.65,7679.17,7671.4,7673.67,3689
2026-08-31T16:45:00+00:00,7673.67,7679.42,7673.65,7678.16,2451
2026-08-31T17:00:00+00:00,7678.16,7679.15,7674.9,7678.91,2384
2026-08-31T17:15:00+00:00,7678.91,7680.17,7673.4,7673.65,2619
2026-08-31T17:30:00+00:00,7673.65,7682.17,7671.15,7682.17,2381
2026-08-31T17:45:00+00:00,7682.17,7687.92,7680.9,7684.92,2565
2026-08-31T18:00:00+00:00,7684.92,7686.92,7681.4,7686.67,3547
2026-08-31T18:15:00+00:00,7686.67,7687.91,7682.4,7682.65,2117
2026-08-31T18:30:00+00:00,7682.65,7683.92,7669.9,7673.15,3723
2026-08-31T18:45:00+00:00,7673.15,7678.42,7671.4,7676.17,2703
2026-08-31T19:00:00+00:00,7676.17,7681.92,7676.16,7681.52,2195
2026-08-31T19:15:00+00:00,7681.52,7687.17,7679.4,7685.92,2069
2026-08-31T19:30:00+00:00,7685.92,7691.9,7681.65,7689.92,2450
2026-08-31T19:45:00+00:00,7689.92,7700.17,7685.65,7689.65,9218
2026-08-31T20:00:00+00:00,7689.65,7696.35,7688.64,7693.36,2923
2026-08-31T20:15:00+00:00,7693.36,7694.37,7692.35,7694.36,475
2026-08-31T20:30:00+00:00,7694.36,7694.62,7692.85,7694.11,202
2026-08-31T20:45:00+00:00,7694.11,7694.36,7692.11,7693.1,266
2026-08-31T22:00:00+00:00,7693.1,7694.77,7692,7694.26,989
2026-08-31T22:15:00+00:00,7694.26,7694.52,7692.75,7693.25,193
2026-08-31T22:30:00+00:00,7693.25,7694.52,7693.25,7693.51,150
2026-08-31T22:45:00+00:00,7693.51,7694.02,7692.25,7693.01,211
2026-08-31T23:00:00+00:00,7693.01,7695.02,7692.5,7694.26,428
2026-08-31T23:15:00+00:00,7694.26,7695,7692.5,7694.51,230
2026-08-31T23:30:00+00:00,7694.51,7697.25,7694,7695.76,379
2026-08-31T23:45:00+00:00,7695.76,7696.77,7693.75,7695.37,703
2026-09-01T00:00:00+00:00,7695.37,7699.75,7692.26,7695.52,2687
2026-09-01T00:15:00+00:00,7695.52,7700.02,7694.27,7697.88,1464
2026-09-01T00:30:00+00:00,7697.88,7699.26,7695.25,7697.51,882
2026-09-01T00:45:00+00:00,7697.51,7697.77,7695.75,7696.77,710
2026-09-01T01:00:00+00:00,7696.77,7697.77,7694,7696.52,1261
2026-09-01T01:15:00+00:00,7696.52,7696.77,7690.76,7691.25,972
2026-09-01T01:30:00+00:00,7691.25,7696.77,7689.76,7696.52,1179
2026-09-01T01:45:00+00:00,7696.52,7697.12,7694.25,7695.01,781
2026-09-01T02:00:00+00:00,7695.01,7695.52,7690,7690.77,739
2026-09-01T02:15:00+00:00,7690.77,7691.26,7687.25,7688.5,547
2026-09-01T02:30:00+00:00,7688.5,7690.77,7685.75,7686.26,947
2026-09-01T02:45:00+00:00,7686.26,7692.27,7685.75,7692.27,559
2026-09-01T03:00:00+00:00,7692.27,7692.27,7688.25,7688.27,606
2026-09-01T03:15:00+00:00,7688.27,7689.51,7687.5,7687.75,562
2026-09-01T03:30:00+00:00,7687.75,7689.52,7687.25,7688.51,501
2026-09-01T03:45:00+00:00,7688.51,7689.76,7687.75,7688.77,522
2026-09-01T04:00:00+00:00,7688.77,7690.27,7687.75,7688.27,506
2026-09-01T04:15:00+00:00,7688.27,7690.02,7687.01,7688.01,416
2026-09-01T04:30:00+00:00,7688.01,7689.27,7685.29,7685.52,503
2026-09-01T04:45:00+00:00,7685.52,7688.52,7683.76,7684.5,812
2026-09-01T05:00:00+00:00,7684.5,7685.26,7682.75,7683.52,433
2026-09-01T05:15:00+00:00,7683.52,7686.77,7681.75,7686.51,620
2026-09-01T05:30:00+00:00,7686.51,7695.27,7685.77,7694.77,1344
2026-09-01T05:45:00+00:00,7694.77,7698.27,7693.01,7696.5,824
2026-09-01T06:00:00+00:00,7696.5,7697.52,7691.76,7692.27,1100
2026-09-01T06:15:00+00:00,7692.27,7692.27,7688.5,7688.75,1079
2026-09-01T06:30:00+00:00,7688.75,7692.02,7687.75,7691.26,1198
2026-09-01T06:45:00+00:00,7691.26,7691.52,7689,7689.26,1096
2026-09-01T07:00:00+00:00,7689.26,7697.27,7688.27,7696.75,3163
2026-09-01T07:15:00+00:00,7696.75,7697.02,7693,7695.02,2206
2026-09-01T07:30:00+00:00,7695.02,7695.02,7683,7683,2385
2026-09-01T07:45:00+00:00,7683,7686.02,7679.01,7682.26,2425
2026-09-01T08:00:00+00:00,7682.26,7685.02,7665.5,7668.77,9047
2026-09-01T08:15:00+00:00,7668.77,7671.26,7656.25,7657.77,5555
2026-09-01T08:30:00+00:00,7657.77,7660.77,7650.88,7653,4706
2026-09-01T08:45:00+00:00,7653,7658.01,7650.5,7650.52,3569
2026-09-01T09:00:00+00:00,7650.52,7651.87,7643.51,7644,3489
2026-09-01T09:15:00+00:00,7644,7646.27,7640.63,7643,3080
2026-09-01T09:30:00+00:00,7643,7645.52,7641.25,7644.52,2594
2026-09-01T09:45:00+00:00,7644.52,7648.02,7644.25,7645.25,1657
2026-09-01T10:00:00+00:00,7645.25,7648.27,7642.75,7647.39,1871
2026-09-01T10:15:00+00:00,7647.39,7654.01,7645,7652.52,1589
2026-09-01T10:30:00+00:00,7652.52,7656.26,7650.76,7651,1253
2026-09-01T10:45:00+00:00,7651,7654.5,7646,7648.25,2411
2026-09-01T11:00:00+00:00,7648.25,7649.02,7644.25,7647.51,2474
2026-09-01T11:15:00+00:00,7647.51,7650.25,7646.27,7649.02,1787
2026-09-01T11:30:00+00:00,7649.02,7655.02,7648.75,7652.77,1376
2026-09-01T11:45:00+00:00,7652.77,7653.52,7643,7644.27,1975
2026-09-01T12:00:00+00:00,7644.27,7645.02,7640.38,7644.01,3055
2026-09-01T12:15:00+00:00,7644.01,7646.77,7640.75,7645.02,2358
2026-09-01T12:30:00+00:00,7645.02,7645.02,7636.77,7639.5,2937
2026-09-01T12:45:00+00:00,7639.5,7643.52,7638.5,7639.27,1963
2026-09-01T13:00:00+00:00,7639.27,7639.51,7633.5,7635.77,2739
2026-09-01T13:15:00+00:00,7635.77,7640.51,7634.76,7638.76,2145
2026-09-01T13:30:00+00:00,7638.76,7642.82,7630.55,7638.31,17145
2026-09-01T13:45:00+00:00,7638.31,7643.81,7633.56,7639.05,11298
2026-09-01T14:00:00+00:00,7639.05,7649.82,7636.32,7649.07,10247
2026-09-01T14:15:00+00:00,7649.07,7659.32,7648.55,7656.81,7308
2026-09-01T14:30:00+00:00,7656.81,7664.82,7656.55,7660.56,5616
2026-09-01T14:45:00+00:00,7660.56,7662.55,7652.3,7654.3,4739
2026-09-01T15:00:00+00:00,7654.3,7655.57,7645.55,7648.31,5034
2026-09-01T15:15:00+00:00,7648.31,7654.82,7647.3,7654.81,4502
2026-09-01T15:30:00+00:00,7654.81,7661.57,7653.3,7661.05,3786
2026-09-01T15:45:00+00:00,7661.05,7665.57,7660.05,7661.8,3406
2026-09-01T16:00:00+00:00,7661.8,7662.57,7653.8,7654.06,3379
2026-09-01T16:15:00+00:00,7654.06,7654.82,7641.43,7644.07,8868
2026-09-01T16:30:00+00:00,7644.07,7645.07,7634.55,7635.82,7328
2026-09-01T16:45:00+00:00,7635.82,7642.57,7635.05,7641.31,4294
2026-09-01T17:00:00+00:00,7641.31,7641.32,7633.55,7638.31,4136
2026-09-01T17:15:00+00:00,7638.31,7640.07,7627.05,7635.55,5414
2026-09-01T17:30:00+00:00,7635.55,7641.07,7634.55,7639.3,4291
2026-09-01T17:45:00+00:00,7639.3,7640.07,7633.3,7636.81,3012
2026-09-01T18:00:00+00:00,7636.81,7638.82,7631.8,7632.31,3050
2026-09-01T18:15:00+00:00,7632.31,7637.07,7629.3,7630.82,3239
2026-09-01T18:30:00+00:00,7630.82,7631.32,7615.55,7615.8,4495
2026-09-01T18:45:00+00:00,7615.8,7627.82,7613.3,7625.81,5037
2026-09-01T19:00:00+00:00,7625.81,7633.57,7624.8,7633.56,4236
2026-09-01T19:15:00+00:00,7633.56,7635.07,7629.55,7632.82,3146
2026-09-01T19:30:00+00:00,7632.82,7632.82,7626.3,7629.56,3958
2026-09-01T19:45:00+00:00,7629.56,7637.32,7625.05,7635.81,8956
2026-09-01T20:00:00+00:00,7635.81,7639.02,7632.75,7636.25,2678
2026-09-01T20:15:00+00:00,7636.25,7640.5,7636.25,7638.76,521
2026-09-01T20:30:00+00:00,7638.76,7640.76,7637,7639.26,585
2026-09-01T20:45:00+00:00,7639.26,7640.01,7637.77,7639.26,465
2026-09-01T22:00:00+00:00,7639.26,7640.59,7634.08,7635.08,1149
2026-09-01T22:15:00+00:00,7635.08,7636.6,7634.34,7635.84,409
2026-09-01T22:30:00+00:00,7635.84,7637.08,7635.35,7636.34,357
2026-09-01T22:45:00+00:00,7636.34,7639.85,7636.09,7638.09,370
2026-09-01T23:00:00+00:00,7638.09,7638.85,7637.58,7638.33,241
2026-09-01T23:15:00+00:00,7638.33,7638.6,7636.84,7638.58,293
2026-09-01T23:30:00+00:00,7638.58,7639.35,7637.95,7639.09,221
2026-09-01T23:45:00+00:00,7639.09,7639.85,7638.08,7638.97,904
2026-09-02T00:00:00+00:00,7638.97,7639.6,7634.59,7637.21,2883
2026-09-02T00:15:00+00:00,7637.21,7644.1,7636.72,7637.09,3406
2026-09-02T00:30:00+00:00,7637.09,7639.6,7635.08,7638.1,1870
2026-09-02T00:45:00+00:00,7638.1,7639.09,7632.83,7632.84,1437
2026-09-02T01:00:00+00:00,7632.84,7635.35,7629.59,7631.1,2334
2026-09-02T01:15:00+00:00,7631.1,7635.59,7630.83,7633.58,1565
2026-09-02T01:30:00+00:00,7633.58,7634.84,7628.83,7629.6,1599
2026-09-02T01:45:00+00:00,7629.6,7630.1,7625.09,7629.58,1589
2026-09-02T02:00:00+00:00,7629.58,7629.85,7626.34,7629.35,1532
2026-09-02T02:15:00+00:00,7629.35,7634.58,7629.33,7633.1,818
2026-09-02T02:30:00+00:00,7633.1,7633.35,7630.83,7633.1,691
2026-09-02T02:45:00+00:00,7633.1,7634.35,7632.34,7633.85,626
2026-09-02T03:00:00+00:00,7633.85,7634.6,7630.83,7633.6,809
2026-09-02T03:15:00+00:00,7633.6,7633.85,7630.58,7630.72,697
2026-09-02T03:30:00+00:00,7630.72,7631.09,7628.58,7628.59,825
2026-09-02T03:45:00+00:00,7628.59,7629.71,7626.84,7627.58,705
2026-09-02T04:00:00+00:00,7627.58,7628.1,7625.58,7627.34,544
2026-09-02T04:15:00+00:00,7627.34,7628.85,7626.59,7627.1,899
2026-09-02T04:30:00+00:00,7627.1,7629.1,7626.83,7627.34,801
2026-09-02T04:45:00+00:00,7627.34,7628.6,7627.08,7628.1,647
2026-09-02T05:00:00+00:00,7628.1,7630.35,7625.58,7629.59,947
2026-09-02T05:15:00+00:00,7629.59,7633.35,7629.33,7633.34,1080
2026-09-02T05:30:00+00:00,7633.34,7635.6,7629.58,7634.09,1472
2026-09-02T05:45:00+00:00,7634.09,7634.46,7628.58,7630.09,1025
2026-09-02T06:00:00+00:00,7630.09,7631.85,7626.58,7628.58,1804
2026-09-02T06:15:00+00:00,7628.58,7629.1,7624.33,7625.08,1354
2026-09-02T06:30:00+00:00,7625.08,7635.83,7624.33,7632.59,2621
2026-09-02T06:45:00+00:00,7632.59,7634.1,7629.83,7633.85,1813
2026-09-02T07:00:00+00:00,7633.85,7640.09,7632.08,7636.33,2983
2026-09-02T07:15:00+00:00,7636.33,7639.09,7632.35,7635.59,2022
2026-09-02T07:30:00+00:00,7635.59,7636.35,7630.85,7631.85,2166
2026-09-02T07:45:00+00:00,7631.85,7632.85,7628.08,7630.1,1911
2026-09-02T08:00:00+00:00,7630.1,7635.6,7628.71,7632.84,4052
2026-09-02T08:15:00+00:00,7632.84,7634.6,7628.08,7629.35,3062
2026-09-02T08:30:00+00:00,7629.35,7632.09,7626.33,7627.08,2655
2026-09-02T08:45:00+00:00,7627.08,7627.1,7615.97,7619.34,2804
2026-09-02T09:00:00+00:00,7619.34,7625.84,7616.83,7617.33,3549
2026-09-02T09:15:00+00:00,7617.33,7621.35,7616.09,7618.6,2155
2026-09-02T09:30:00+00:00,7618.6,7619.09,7614.08,7615.85,1720
2026-09-02T09:45:00+00:00,7615.85,7618.6,7615.33,7618.47,1321
2026-09-02T10:00:00+00:00,7618.47,7619.1,7614.08,7618.6,1483
2026-09-02T10:15:00+00:00,7618.6,7621.33,7617.08,7619.59,1511
2026-09-02T10:30:00+00:00,7619.59,7620.09,7615.34,7616.08,1019
2026-09-02T10:45:00+00:00,7616.08,7619.6,7614.58,7619.33,981
2026-09-02T11:00:00+00:00,7619.33,7628.35,7611.34,7627.08,4521
2026-09-02T11:15:00+00:00,7627.08,7630.6,7622.33,7628.46,3982
2026-09-02T11:30:00+00:00,7628.46,7634.58,7627.58,7630.58,2086
2026-09-02T11:45:00+00:00,7630.58,7639.1,7629.83,7638.85,1506
2026-09-02T12:00:00+00:00,7638.85,7646.2,7637.6,7645.37,2814
2026-09-02T12:15:00+00:00,7645.37,7651.6,7641.58,7642.83,5517
2026-09-02T12:30:00+00:00,7642.83,7643.35,7637.08,7637.83,1708
2026-09-02T12:45:00+00:00,7637.83,7638.35,7632.08,7632.85,1244
2026-09-02T13:00:00+00:00,7632.85,7638.35,7632.58,7636.35,1596
2026-09-02T13:15:00+00:00,7636.35,7647.35,7635.6,7643.09,2594
2026-09-02T13:30:00+00:00,7643.09,7647.15,7635.89,7646.9,16352
2026-09-02T13:45:00+00:00,7646.9,7649.65,7638.38,7649.52,11083
2026-09-02T14:00:00+00:00,7649.52,7661.9,7647.51,7661.38,10917
2026-09-02T14:15:00+00:00,7661.38,7675.15,7659.88,7672.15,6954
2026-09-02T14:30:00+00:00,7672.15,7682.89,7668.39,7682.38,6263
2026-09-02T14:45:00+00:00,7682.38,7682.65,7670.88,7672.4,5169
2026-09-02T15:00:00+00:00,7672.4,7676.9,7670.38,7674.38,6444
2026-09-02T15:15:00+00:00,7674.38,7683.4,7673.13,7682.39,4568
2026-09-02T15:30:00+00:00,7682.39,7683.9,7675.63,7675.64,4497
2026-09-02T15:45:00+00:00,7675.64,7678.9,7668.88,7678.39,4438
2026-09-02T16:00:00+00:00,7678.39,7678.65,7674.63,7676.13,3468
2026-09-02T16:15:00+00:00,7676.13,7676.14,7665.88,7667.63,2696
2026-09-02T16:30:00+00:00,7667.63,7672.15,7666.13,7666.13,2915
2026-09-02T16:45:00+00:00,7666.13,7671.39,7665.89,7668.15,2779
2026-09-02T17:00:00+00:00,7668.15,7673.9,7665.13,7668.25,3384
2026-09-02T17:15:00+00:00,7668.25,7668.9,7663.63,7666.38,2535
2026-09-02T17:30:00+00:00,7666.38,7668.9,7662.88,7668.39,3208
2026-09-02T17:45:00+00:00,7668.39,7672.15,7666.65,7670.9,3328
2026-09-02T18:00:00+00:00,7670.9,7673.4,7666.4,7671.15,3304
2026-09-02T18:15:00+00:00,7671.15,7680.14,7670.63,7672.63,4997
2026-09-02T18:30:00+00:00,7672.63,7674.65,7665.63,7666.63,2331
2026-09-02T18:45:00+00:00,7666.63,7669.4,7665.13,7667.14,2390
2026-09-02T19:00:00+00:00,7667.14,7674.15,7665.89,7673.15,2431
2026-09-02T19:15:00+00:00,7673.15,7674.4,7669.88,7673.9,2269
2026-09-02T19:30:00+00:00,7673.9,7674.15,7669.38,7672.64,2267
2026-09-02T19:45:00+00:00,7672.64,7673.9,7666.64,7671.15,5265
2026-09-02T20:00:00+00:00,7671.15,7675.1,7670.08,7672.83,2131
2026-09-02T20:15:00+00:00,7672.83,7673.1,7660.09,7664.1,3248
2026-09-02T20:30:00+00:00,7664.1,7665.08,7662.33,7662.33,706
2026-09-02T20:45:00+00:00,7662.33,7665.33,7661.59,7661.93,474
2026-09-02T22:00:00+00:00,7661.93,7670.25,7661.93,7670,1065
2026-09-02T22:15:00+00:00,7670,7672.76,7668.74,7671.11,461
2026-09-02T22:30:00+00:00,7671.11,7671.76,7670.24,7671,299
2026-09-02T22:45:00+00:00,7671,7671,7668.74,7668.99,171
2026-09-02T23:00:00+00:00,7668.99,7670.5,7667.99,7668.25,423
2026-09-02T23:15:00+00:00,7668.25,7669.63,7667.74,7669.61,309
2026-09-02T23:30:00+00:00,7669.61,7670.76,7668.99,7670.75,328
2026-09-02T23:45:00+00:00,7670.75,7674.24,7670.74,7672.74,903
2026-09-03T00:00:00+00:00,7672.74,7672.74,7668,7668.61,2328
2026-09-03T00:15:00+00:00,7668.61,7668.61,7664.5,7666.26,983
2026-09-03T00:30:00+00:00,7666.26,7666.74,7664.99,7665.76,772
2026-09-03T00:45:00+00:00,7665.76,7666.76,7665,7665.5,732
2026-09-03T01:00:00+00:00,7665.5,7669.99,7664.74,7669.49,1055
2026-09-03T01:15:00+00:00,7669.49,7672.01,7666.24,7669.25,1018
2026-09-03T01:30:00+00:00,7669.25,7672.26,7668.24,7668.51,1460
2026-09-03T01:45:00+00:00,7668.51,7670.01,7664.5,7664.51,1314
2026-09-03T02:00:00+00:00,7664.51,7672.01,7664.24,7671.51,1219
2026-09-03T02:15:00+00:00,7671.51,7672.24,7669.74,7671.5,749
2026-09-03T02:30:00+00:00,7671.5,7673.25,7669.61,7669.75,528
2026-09-03T02:45:00+00:00,7669.75,7672.51,7669.26,7671.49,524
2026-09-03T03:00:00+00:00,7671.49,7673.26,7670.74,7673.24,415
2026-09-03T03:15:00+00:00,7673.24,7676.51,7673,7673.99,678
2026-09-03T03:30:00+00:00,7673.99,7675.63,7673.99,7674.99,659
2026-09-03T03:45:00+00:00,7674.99,7676.38,7673.99,7675.75,499
2026-09-03T04:00:00+00:00,7675.75,7677.26,7674.99,7676.25,504
2026-09-03T04:15:00+00:00,7676.25,7676.75,7674.51,7674.51,292
2026-09-03T04:30:00+00:00,7674.51,7676.26,7673.49,7674,367
2026-09-03T04:45:00+00:00,7674,7674.76,7672.24,7672.51,360
2026-09-03T05:00:00+00:00,7672.51,7672.76,7663.75,7664.76,1393
2026-09-03T05:15:00+00:00,7664.76,7664.88,7654.24,7657.74,3986
2026-09-03T05:30:00+00:00,7657.74,7664.74,7657.49,7663.76,2803
2026-09-03T05:45:00+00:00,7663.76,7671.87,7662,7671.74,1683
2026-09-03T06:00:00+00:00,7671.74,7673.51,7668.49,7669.86,2082
2026-09-03T06:15:00+00:00,7669.86,7671.51,7667.99,7669.49,1460
2026-09-03T06:30:00+00:00,7669.49,7670.5,7667.24,7668.99,1427
2026-09-03T06:45:00+00:00,7668.99,7669.13,7664.99,7667.25,1097
2026-09-03T07:00:00+00:00,7667.25,7676.5,7665,7672.37,4443
2026-09-03T07:15:00+00:00,7672.37,7673.01,7667.76,7671.49,2769
2026-09-03T07:30:00+00:00,7671.49,7678.87,7670.74,7677.74,2902
2026-09-03T07:45:00+00:00,7677.74,7677.87,7669.25,7675.88,2297
2026-09-03T08:00:00+00:00,7675.88,7687.26,7674.51,7680.25,7598
2026-09-03T08:15:00+00:00,7680.25,7683.01,7677.99,7681.88,3646
2026-09-03T08:30:00+00:00,7681.88,7682,7678.49,7678.74,2667
2026-09-03T08:45:00+00:00,7678.74,7679.76,7675.99,7676.5,1626
2026-09-03T09:00:00+00:00,7676.5,7679.51,7676.25,7679,1592
2026-09-03T09:15:00+00:00,7679,7679.5,7675.25,7675.26,1625
2026-09-03T09:30:00+00:00,7675.26,7676.24,7672,7673.01,1366
2026-09-03T09:45:00+00:00,7673.01,7673.01,7665.13,7666.49,2149
2026-09-03T10:00:00+00:00,7666.49,7670.01,7664.26,7665.24,2038
2026-09-03T10:15:00+00:00,7665.24,7666.76,7662.74,7664.26,1541
2026-09-03T10:30:00+00:00,7664.26,7666.26,7662.01,7665.75,1183
2026-09-03T10:45:00+00:00,7665.75,7666.01,7662.24,7666.01,963
2026-09-03T11:00:00+00:00,7666.01,7674.5,7663.5,7674,3014
2026-09-03T11:15:00+00:00,7674,7677.88,7673.49,7675.26,1869
2026-09-03T11:30:00+00:00,7675.26,7676.76,7666.63,7671.61,2730
2026-09-03T11:45:00+00:00,7671.61,7671.75,7665.62,7666.51,2644
2026-09-03T12:00:00+00:00,7666.51,7673.75,7666.51,7670,2245
2026-09-03T12:15:00+00:00,7670,7675.75,7667.25,7673.86,2302
2026-09-03T12:30:00+00:00,7673.86,7692.63,7673.63,7683.49,7034
2026-09-03T12:45:00+00:00,7683.49,7696.51,7683,7694.01,3694
2026-09-03T13:00:00+00:00,7694.01,7696.51,7687.01,7695.01,3080
2026-09-03T13:15:00+00:00,7695.01,7698.76,7689.99,7696.88,2298
2026-09-03T13:30:00+00:00,7696.88,7717.16,7696.88,7716.43,10559
2026-09-03T13:45:00+00:00,7716.43,7719.3,7710.04,7714.66,8879
2026-09-03T14:00:00+00:00,7714.66,7714.66,7693.43,7702.06,11502
2026-09-03T14:15:00+00:00,7702.06,7709.06,7700.54,7705.05,8088
2026-09-03T14:30:00+00:00,7705.05,7708.31,7696.79,7700.29,8683
2026-09-03T14:45:00+00:00,7700.29,7711.79,7693.16,7711.06,9305
2026-09-03T15:00:00+00:00,7711.06,7734.06,7711.04,7734.04,7092
2026-09-03T15:15:00+00:00,7734.04,7748.8,7733.8,7748.54,5677
2026-09-03T15:30:00+00:00,7748.54,7751.3,7742.04,7745.04,4729
2026-09-03T15:45:00+00:00,7745.04,7752.54,7745.04,7752.54,2882
2026-09-03T16:00:00+00:00,7752.54,7752.54,7742.79,7745.81,2923
2026-09-03T16:15:00+00:00,7745.81,7747.54,7741.04,7743.31,2363
2026-09-03T16:30:00+00:00,7743.31,7751.06,7741.79,7750.3,2544
2026-09-03T16:45:00+00:00,7750.3,7751.06,7746.29,7747.8,1894
2026-09-03T17:00:00+00:00,7747.8,7748.81,7742.05,7743.06,2063
2026-09-03T17:15:00+00:00,7743.06,7745.54,7740.04,7745.31,1939
2026-09-03T17:30:00+00:00,7745.31,7750.56,7745.31,7749.31,1941
2026-09-03T17:45:00+00:00,7749.31,7753.81,7747.54,7751.54,2396
2026-09-03T18:00:00+00:00,7751.54,7758.31,7751.54,7757.04,2476
2026-09-03T18:15:00+00:00,7757.04,7759.29,7754.54,7756.04,1772
2026-09-03T18:30:00+00:00,7756.04,7757.8,7754.04,7754.8,1409
2026-09-03T18:45:00+00:00,7754.8,7757.06,7752.91,7755.29,1458
2026-09-03T19:00:00+00:00,7755.29,7755.81,7752.04,7752.29,1466
2026-09-03T19:15:00+00:00,7752.29,7754.56,7749.81,7752.56,1947
2026-09-03T19:30:00+00:00,7752.56,7753.81,7750.31,7750.54,2104
2026-09-03T19:45:00+00:00,7750.54,7752.31,7745.04,7749.55,4588
2026-09-03T20:00:00+00:00,7749.55,7750,7744,7746.24,1296
2026-09-03T20:15:00+00:00,7746.24,7746.51,7742.99,7743.25,467
2026-09-03T20:30:00+00:00,7743.25,7744.76,7742.99,7743.49,214
2026-09-03T20:45:00+00:00,7743.49,7743.76,7740.99,7742.36,386
2026-09-03T22:00:00+00:00,7742.36,7743.83,7740.69,7741.69,575
2026-09-03T22:15:00+00:00,7741.69,7743.96,7741.69,7743.2,184
2026-09-03T22:30:00+00:00,7743.2,7744.71,7743.08,7743.95,198
2026-09-03T22:45:00+00:00,7743.95,7745.46,7743.94,7745.44,208
2026-09-03T23:00:00+00:00,7745.44,7745.96,7744.69,7744.69,221
2026-09-03T23:15:00+00:00,7744.69,7745.45,7743.71,7745.2,162
2026-09-03T23:30:00+00:00,7745.2,7745.95,7744.19,7745.2,194
2026-09-03T23:45:00+00:00,7745.2,7746.21,7744.44,7744.96,428
2026-09-04T00:00:00+00:00,7744.96,7745.71,7742.94,7744.45,1583
2026-09-04T00:15:00+00:00,7744.45,7747.21,7743.94,7746.45,834
2026-09-04T00:30:00+00:00,7746.45,7747.33,7745.94,7747.19,512
2026-09-04T00:45:00+00:00,7747.19,7749.46,7746.95,7748.46,397
2026-09-04T01:00:00+00:00,7748.46,7748.46,7745.94,7746.19,795
2026-09-04T01:15:00+00:00,7746.19,7748.71,7745.45,7748.44,517
2026-09-04T01:30:00+00:00,7748.44,7749.7,7747.69,7749.21,576
2026-09-04T01:45:00+00:00,7749.21,7749.21,7746.19,7748.96,541
2026-09-04T02:00:00+00:00,7748.96,7749.69,7747.44,7749.2,439
2026-09-04T02:15:00+00:00,7749.2,7749.95,7748.69,7749.7,261
2026-09-04T02:30:00+00:00,7749.7,7750.96,7748.19,7748.69,379
2026-09-04T02:45:00+00:00,7748.69,7750.71,7748.45,7750.44,245
2026-09-04T03:00:00+00:00,7750.44,7750.7,7749.19,7749.7,111
2026-09-04T03:15:00+00:00,7749.7,7751.45,7749.7,7750.21,314
2026-09-04T03:30:00+00:00,7750.21,7751.46,7750.21,7750.21,277
2026-09-04T03:45:00+00:00,7750.21,7750.46,7749.44,7749.96,154
2026-09-04T04:00:00+00:00,7749.96,7751.2,7748.44,7750.96,329
2026-09-04T04:15:00+00:00,7750.96,7753.46,7749.94,7753.19,343
2026-09-04T04:30:00+00:00,7753.19,7753.96,7751.94,7752.44,362
2026-09-04T04:45:00+00:00,7752.44,7753.71,7751.94,7753.44,296
2026-09-04T05:00:00+00:00,7753.44,7755.46,7752.94,7755.21,383
2026-09-04T05:15:00+00:00,7755.21,7756.7,7754.69,7754.96,414
2026-09-04T05:30:00+00:00,7754.96,7755.96,7754.19,7754.69,284
2026-09-04T05:45:00+00:00,7754.69,7755.2,7751.71,7753.69,441
2026-09-04T06:00:00+00:00,7753.69,7756.19,7753.19,7755.96,666
2026-09-04T06:15:00+00:00,7755.96,7756.21,7753.2,7754.95,490
2026-09-04T06:30:00+00:00,7754.95,7754.95,7751.44,7751.95,710
2026-09-04T06:45:00+00:00,7751.95,7751.95,7747.69,7747.94,566
2026-09-04T07:00:00+00:00,7747.94,7751.45,7747.19,7750.71,1445
2026-09-04T07:15:00+00:00,7750.71,7751.96,7748.71,7751.95,832
2026-09-04T07:30:00+00:00,7751.95,7754.96,7751.7,7754.2,868
2026-09-04T07:45:00+00:00,7754.2,7755.46,7751.19,7752.21,746
2026-09-04T08:00:00+00:00,7752.21,7753.46,7750.7,7751.69,1784
2026-09-04T08:15:00+00:00,7751.69,7754.06,7751.2,7753.58,1165
2026-09-04T08:30:00+00:00,7753.58,7754.46,7751.45,7753.19,801
2026-09-04T08:45:00+00:00,7753.19,7755.21,7752.2,7754.31,749
2026-09-04T09:00:00+00:00,7754.31,7754.71,7750.19,7750.45,833
2026-09-04T09:15:00+00:00,7750.45,7751.21,7747.83,7748.7,821
2026-09-04T09:30:00+00:00,7748.7,7751.21,7747.94,7750.21,474
2026-09-04T09:45:00+00:00,7750.21,7751.95,7749.94,7750.69,687
2026-09-04T10:00:00+00:00,7750.69,7752.71,7750.69,7752.2,705
2026-09-04T10:15:00+00:00,7752.2,7755.58,7751.44,7753.46,828
2026-09-04T10:30:00+00:00,7753.46,7754.21,7751.44,7753.45,745
2026-09-04T10:45:00+00:00,7753.45,7756.19,7753.45,7754.21,556
2026-09-04T11:00:00+00:00,7754.21,7754.58,7749.44,7750.56,760
2026-09-04T11:15:00+00:00,7750.56,7752.71,7750.56,7750.96,537
2026-09-04T11:30:00+00:00,7750.96,7753.21,7750.96,7752.83,791
2026-09-04T11:45:00+00:00,7752.83,7756.21,7752.69,7754.46,709
2026-09-04T12:00:00+00:00,7754.46,7755.2,7741.95,7742.45,1987
2026-09-04T12:15:00+00:00,7742.45,7753.57,7740.94,7751.97,2856
2026-09-04T12:30:00+00:00,7751.97,7751.97,7724.96,7731.95,14089
2026-09-04T12:45:00+00:00,7731.95,7732.7,7723.83,7730.56,6419
2026-09-04T13:00:00+00:00,7730.56,7731.71,7726.83,7730.46,3347
2026-09-04T13:15:00+00:00,7730.46,7735.46,7730.21,7734.19,3127
2026-09-04T13:30:00+00:00,7734.19,7743.24,7733.24,7735.74,9721
2026-09-04T13:45:00+00:00,7735.74,7740.51,7732.75,7737.25,7125
2026-09-04T14:00:00+00:00,7737.25,7737.76,7722.74,7730.76,6825
2026-09-04T14:15:00+00:00,7730.76,7731.25,7722,7726.5,7042
2026-09-04T14:30:00+00:00,7726.5,7727.51,7716.99,7717.51,6122
2026-09-04T14:45:00+00:00,7717.51,7719.26,7707.25,7708.74,6710
2026-09-04T15:00:00+00:00,7708.74,7713.75,7704.75,7713.75,5991
2026-09-04T15:15:00+00:00,7713.75,7714.26,7705.49,7708.74,4977
2026-09-04T15:30:00+00:00,7708.74,7714.75,7704.24,7714.26,4330
2026-09-04T15:45:00+00:00,7714.26,7715,7710.49,7713.76,2966
2026-09-04T16:00:00+00:00,7713.76,7721.76,7712.76,7721.74,3032
2026-09-04T16:15:00+00:00,7721.74,7725.88,7720.01,7720.75,2591
2026-09-04T16:30:00+00:00,7720.75,7724.01,7719.74,7723.51,2055
2026-09-04T16:45:00+00:00,7723.51,7727.5,7722.99,7723,1667
2026-09-04T17:00:00+00:00,7723,7723.76,7717.26,7717.75,2578
2026-09-04T17:15:00+00:00,7717.75,7719.01,7712.24,7712.74,2282
2026-09-04T17:30:00+00:00,7712.74,7712.76,7707,7707.26,3024
2026-09-04T17:45:00+00:00,7707.26,7709.26,7705.24,7708.5,2440
2026-09-04T18:00:00+00:00,7708.5,7711.26,7706,7710.74,2306
2026-09-04T18:15:00+00:00,7710.74,7713.76,7709.99,7713.01,1863
2026-09-04T18:30:00+00:00,7713.01,7716.01,7711.99,7715.76,1814
2026-09-04T18:45:00+00:00,7715.76,7718.01,7714.99,7716.74,1613
2026-09-04T19:00:00+00:00,7716.74,7718.01,7709.99,7710.24,2265
2026-09-04T19:15:00+00:00,7710.24,7714.76,7709.99,7714.26,1407
2026-09-04T19:30:00+00:00,7714.26,7714.76,7710.5,7713,1948
2026-09-04T19:45:00+00:00,7713,7719,7711.74,7716.24,4930
2026-09-04T20:00:00+00:00,7716.24,7716.24,7708.71,7710.95,1593
2026-09-04T20:15:00+00:00,7710.95,7711.69,7708.44,7708.7,444
2026-09-04T20:30:00+00:00,7708.7,7708.7,7705.96,7708.29,772
2026-09-06T22:00:00+00:00,7708.29,7718.33,7708.29,7716.33,1414
2026-09-06T22:15:00+00:00,7716.33,7717.08,7716.06,7716.06,270
2026-09-06T22:30:00+00:00,7716.06,7717.32,7715.81,7716.57,203
2026-09-06T22:45:00+00:00,7716.57,7717.45,7716.56,7716.58,109
2026-09-06T23:00:00+00:00,7716.58,7717.57,7716.06,7716.07,172
2026-09-06T23:15:00+00:00,7716.07,7716.58,7714.18,7714.58,399
2026-09-06T23:30:00+00:00,7714.58,7717.06,7713.81,7716.58,525
2026-09-06T23:45:00+00:00,7716.58,7717.08,7713.81,7714.83,1093
2026-09-07T00:00:00+00:00,7714.83,7717.83,7713.06,7716.56,2136
2026-09-07T00:15:00+00:00,7716.56,7717.08,7712.81,7712.81,658
2026-09-07T00:30:00+00:00,7712.81,7714.08,7711.06,7713.32,690
2026-09-07T00:45:00+00:00,7713.32,7714.58,7711.08,7711.44,720
2026-09-07T01:00:00+00:00,7711.44,7715.07,7710.31,7711.31,1132
2026-09-07T01:15:00+00:00,7711.31,7714.43,7709.82,7714.33,867
2026-09-07T01:30:00+00:00,7714.33,7715.83,7713.31,7714.83,1053
2026-09-07T01:45:00+00:00,7714.83,7715.33,7713.81,7715.06,403
2026-09-07T02:00:00+00:00,7715.06,7715.32,7713.31,7714.06,482
2026-09-07T02:15:00+00:00,7714.06,7714.33,7711.81,7713.58,408
2026-09-07T02:30:00+00:00,7713.58,7716.33,7713.56,7715.07,456
2026-09-07T02:45:00+00:00,7715.07,7715.31,7710.56,7711.07,375
2026-09-07T03:00:00+00:00,7711.07,7711.07,7707.81,7708.83,537
2026-09-07T03:15:00+00:00,7708.83,7712.33,7708.56,7711.82,374
2026-09-07T03:30:00+00:00,7711.82,7715.58,7710.32,7710.32,772
2026-09-07T03:45:00+00:00,7710.32,7711.57,7708.81,7709.57,547
2026-09-07T04:00:00+00:00,7709.57,7709.57,7707.31,7708.33,391
2026-09-07T04:15:00+00:00,7708.33,7708.33,7706.06,7706.81,415
2026-09-07T04:30:00+00:00,7706.81,7707.31,7704.56,7706.32,369
2026-09-07T04:45:00+00:00,7706.32,7709.08,7706.06,7708.82,318
2026-09-07T05:00:00+00:00,7708.82,7708.82,7706.06,7706.83,628
2026-09-07T05:15:00+00:00,7706.83,7710.82,7705.82,7710.31,478
2026-09-07T05:30:00+00:00,7710.31,7714.57,7710.06,7714.56,456
2026-09-07T05:45:00+00:00,7714.56,7714.95,7709.82,7710.31,646
2026-09-07T06:00:00+00:00,7710.31,7713.83,7708.57,7713.58,1036
2026-09-07T06:15:00+00:00,7713.58,7715.32,7712.81,7714.32,579
2026-09-07T06:30:00+00:00,7714.32,7719.58,7713.83,7717.08,723
2026-09-07T06:45:00+00:00,7717.08,7718.83,7714.82,7718.58,819
2026-09-07T07:00:00+00:00,7718.58,7723.08,7717.06,7719.94,1836
2026-09-07T07:15:00+00:00,7719.94,7720.08,7715.31,7715.31,1278
2026-09-07T07:30:00+00:00,7715.31,7717.58,7711.31,7713.07,1405
2026-09-07T07:45:00+00:00,7713.07,7719.56,7712.56,7718.56,2623
2026-09-07T08:00:00+00:00,7718.56,7719.33,7714.81,7716.06,2202
2026-09-07T08:15:00+00:00,7716.06,7718.58,7715.81,7716.81,1149
2026-09-07T08:30:00+00:00,7716.81,7717.82,7715.31,7715.56,969
2026-09-07T08:45:00+00:00,7715.56,7716.83,7713.81,7715.56,734
2026-09-07T09:00:00+00:00,7715.56,7716.33,7713.81,7714.33,647
2026-09-07T09:15:00+00:00,7714.33,7714.57,7711.06,7712.06,509
2026-09-07T09:30:00+00:00,7712.06,7713.83,7709.81,7713.32,568
2026-09-07T09:45:00+00:00,7713.32,7713.83,7711.07,7711.57,416
2026-09-07T10:00:00+00:00,7711.57,7713.82,7711.08,7713.32,850
2026-09-07T10:15:00+00:00,7713.32,7714.83,7712.56,7712.56,455
2026-09-07T10:30:00+00:00,7712.56,7713.83,7711.07,7712.57,389
2026-09-07T10:45:00+00:00,7712.57,7712.83,7705.31,7706.82,1798
2026-09-07T11:00:00+00:00,7706.82,7707.33,7701.56,7706.07,2037
2026-09-07T11:15:00+00:00,7706.07,7706.33,7699.81,7702.06,1246
2026-09-07T11:30:00+00:00,7702.06,7703.82,7699.83,7702.32,998
2026-09-07T11:45:00+00:00,7702.32,7703.83,7699.32,7699.57,642
2026-09-07T12:00:00+00:00,7699.57,7703.56,7699.06,7699.33,821
2026-09-07T12:15:00+00:00,7699.33,7700.33,7698.31,7699.81,697
2026-09-07T12:30:00+00:00,7699.81,7702.08,7699.56,7701.08,640
2026-09-07T12:45:00+00:00,7701.08,7707.82,7701.08,7705.83,609
2026-09-07T13:00:00+00:00,7705.83,7708.58,7703.81,7708.33,805
2026-09-07T13:15:00+00:00,7708.33,7711.07,7705.56,7709.33,539
2026-09-07T13:30:00+00:00,7709.33,7711.87,7706.61,7708.11,1196
2026-09-07T13:45:00+00:00,7708.11,7709.38,7707.5,7708.38,731
2026-09-07T14:00:00+00:00,7708.38,7710.25,7704.61,7705.11,1093
2026-09-07T14:15:00+00:00,7705.11,7706.12,7703.61,7704.88,547
2026-09-07T14:30:00+00:00,7704.88,7706.61,7701.12,7706.13,728
2026-09-07T14:45:00+00:00,7706.13,7706.13,7699.36,7699.36,544
2026-09-07T15:00:00+00:00,7699.36,7702.37,7699.36,7700.12,950
2026-09-07T15:15:00+00:00,7700.12,7701.61,7698.36,7700.38,756
2026-09-07T15:30:00+00:00,7700.38,7703.38,7700.11,7702.38,710
2026-09-07T15:45:00+00:00,7702.38,7702.63,7700.12,7702.13,333
2026-09-07T16:00:00+00:00,7702.13,7703.61,7701.36,7703.61,341
2026-09-07T16:15:00+00:00,7703.61,7704.13,7701.86,7702.62,257
2026-09-07T16:30:00+00:00,7702.62,7704.88,7702.11,7704.62,263
2026-09-07T16:45:00+00:00,7704.62,7704.88,7703.13,7703.63,408
2026-09-07T17:00:00+00:00,7703.63,7703.88,7703.63,7703.75,10
2026-09-07T17:15:00+00:00,7703.75,7703.75,7703.73,7703.74,2
2026-09-07T17:30:00+00:00,7703.74,7703.75,7703.73,7703.74,4
2026-09-07T19:00:00+00:00,7703.74,7703.74,7703.38,7703.38,1
2026-09-07T22:00:00+00:00,7703.38,7705.29,7702.06,7703.3,1066
2026-09-07T22:15:00+00:00,7703.3,7703.56,7700.31,7700.81,383
2026-09-07T22:30:00+00:00,7700.81,7700.81,7697.29,7699.54,329
2026-09-07T22:45:00+00:00,7699.54,7700.3,7698.29,7699.56,286
2026-09-07T23:00:00+00:00,7699.56,7700.06,7697.79,7698.31,276
2026-09-07T23:15:00+00:00,7698.31,7698.56,7694.04,7698.05,831
2026-09-07T23:30:00+00:00,7698.05,7704.56,7696.79,7704.3,654
2026-09-07T23:45:00+00:00,7704.3,7707.56,7703.55,7706.93,1069
2026-09-08T00:00:00+00:00,7706.93,7709.3,7704.16,7704.79,2400
2026-09-08T00:15:00+00:00,7704.79,7705.54,7699.05,7705.31,1787
2026-09-08T00:30:00+00:00,7705.31,7707.8,7704.29,7706.29,1022
2026-09-08T00:45:00+00:00,7706.29,7707.31,7705.54,7705.54,584
2026-09-08T01:00:00+00:00,7705.54,7706.55,7698.79,7706.05,1988
2026-09-08T01:15:00+00:00,7706.05,7708.05,7704.29,7707.29,917
2026-09-08T01:30:00+00:00,7707.29,7712.55,7706.56,7710.79,1008
2026-09-08T01:45:00+00:00,7710.79,7715.31,7710.06,7715.06,743
2026-09-08T02:00:00+00:00,7715.06,7715.81,7712.54,7713.3,939
2026-09-08T02:15:00+00:00,7713.3,7715.31,7713.05,7713.8,686
2026-09-08T02:30:00+00:00,7713.8,7714.31,7712.3,7712.31,370
2026-09-08T02:45:00+00:00,7712.31,7712.91,7707.54,7707.81,536
2026-09-08T03:00:00+00:00,7707.81,7712.8,7707.79,7712.3,583
2026-09-08T03:15:00+00:00,7712.3,7717.55,7711.91,7717.3,567
2026-09-08T03:30:00+00:00,7717.3,7717.81,7714.79,7716.05,818
2026-09-08T03:45:00+00:00,7716.05,7717.55,7714.79,7717.06,575
2026-09-08T04:00:00+00:00,7717.06,7718.31,7716.06,7717.68,512
2026-09-08T04:15:00+00:00,7717.68,7719.54,7717.05,7718.55,323
2026-09-08T04:30:00+00:00,7718.55,7720.31,7716.05,7719.8,581
2026-09-08T04:45:00+00:00,7719.8,7720.31,7717.04,7717.8,524
2026-09-08T05:00:00+00:00,7717.8,7718.06,7710.3,7711.06,1356
2026-09-08T05:15:00+00:00,7711.06,7717.06,7709.92,7711.06,1839
2026-09-08T05:30:00+00:00,7711.06,7711.06,7703.91,7704.3,2429
2026-09-08T05:45:00+00:00,7704.3,7705.79,7699.8,7700.3,1895
2026-09-08T06:00:00+00:00,7700.3,7701.56,7695.29,7696.31,3798
2026-09-08T06:15:00+00:00,7696.31,7697.06,7689.54,7692.54,3124
2026-09-08T06:30:00+00:00,7692.54,7698.55,7689.66,7697.54,2086
2026-09-08T06:45:00+00:00,7697.54,7699.54,7695.54,7698.06,1580
2026-09-08T07:00:00+00:00,7698.06,7705.04,7696.04,7700.05,3930
2026-09-08T07:15:00+00:00,7700.05,7700.81,7696.8,7699.3,2509
2026-09-08T07:30:00+00:00,7699.3,7699.56,7688.54,7690.56,2867
2026-09-08T07:45:00+00:00,7690.56,7691.31,7684.54,7686.81,2467
2026-09-08T08:00:00+00:00,7686.81,7691.06,7682.29,7687.54,7722
2026-09-08T08:15:00+00:00,7687.54,7690.06,7685.05,7685.29,4370
2026-09-08T08:30:00+00:00,7685.29,7689.05,7683.06,7684.68,4035
2026-09-08T08:45:00+00:00,7684.68,7689.8,7682.79,7687.06,4468
2026-09-08T09:00:00+00:00,7687.06,7693.56,7683.56,7692.42,3395
2026-09-08T09:15:00+00:00,7692.42,7695.06,7690.8,7694.81,1767
2026-09-08T09:30:00+00:00,7694.81,7701.29,7694.04,7697.8,2372
2026-09-08T09:45:00+00:00,7697.8,7703.56,7697.31,7703.56,1302
2026-09-08T10:00:00+00:00,7703.56,7703.81,7698.54,7700.56,1220
2026-09-08T10:15:00+00:00,7700.56,7712.31,7700.04,7701.56,2878
2026-09-08T10:30:00+00:00,7701.56,7701.81,7696.06,7697.8,1130
2026-09-08T10:45:00+00:00,7697.8,7697.81,7690.54,7693.29,1674
2026-09-08T11:00:00+00:00,7693.29,7696.55,7687.79,7690.06,2731
2026-09-08T11:15:00+00:00,7690.06,7695.3,7690.06,7692.8,1217
2026-09-08T11:30:00+00:00,7692.8,7695.8,7691.54,7692.55,1474
2026-09-08T11:45:00+00:00,7692.55,7700.81,7690.54,7700.55,1941
2026-09-08T12:00:00+00:00,7700.55,7700.55,7692.54,7692.67,2167
2026-09-08T12:15:00+00:00,7692.67,7700.05,7691.04,7700.05,2150
2026-09-08T12:30:00+00:00,7700.05,7705.06,7699.54,7705.04,2122
2026-09-08T12:45:00+00:00,7705.04,7708.91,7703.3,7708.79,1875
2026-09-08T13:00:00+00:00,7708.79,7709.55,7705.54,7708.31,1983
2026-09-08T13:15:00+00:00,7708.31,7710.3,7705.79,7706.06,2082
2026-09-08T13:30:00+00:00,7706.06,7712.35,7686.09,7687.84,9064
2026-09-08T13:45:00+00:00,7687.84,7695.86,7683.11,7689.6,10191
2026-09-08T14:00:00+00:00,7689.6,7691.36,7674.85,7679.84,10875
2026-09-08T14:15:00+00:00,7679.84,7686.36,7676.1,7682.09,7646
2026-09-08T14:30:00+00:00,7682.09,7687.11,7679.34,7686.36,5925
2026-09-08T14:45:00+00:00,7686.36,7694.35,7681.6,7691.61,4933
2026-09-08T15:00:00+00:00,7691.61,7698.34,7689.85,7695.61,3835
2026-09-08T15:15:00+00:00,7695.61,7698.61,7688.59,7693.35,3880
2026-09-08T15:30:00+00:00,7693.35,7696.11,7688.72,7695.11,3051
2026-09-08T15:45:00+00:00,7695.11,7695.61,7688.59,7689.1,3012
2026-09-08T16:00:00+00:00,7689.1,7693.11,7685.34,7687.34,3386
2026-09-08T16:15:00+00:00,7687.34,7691.61,7683.11,7686.34,2856
2026-09-08T16:30:00+00:00,7686.34,7688.36,7683.34,7685.34,2527
2026-09-08T16:45:00+00:00,7685.34,7691.6,7680.61,7684.85,4058
2026-09-08T17:00:00+00:00,7684.85,7696.6,7684.34,7691.61,3997
2026-09-08T17:15:00+00:00,7691.61,7692.61,7687.09,7690.1,2110
2026-09-08T17:30:00+00:00,7690.1,7694.11,7688.59,7688.84,2011
2026-09-08T17:45:00+00:00,7688.84,7693.61,7688.84,7689.84,1905
2026-09-08T18:00:00+00:00,7689.84,7693.86,7689.84,7692.86,1906
2026-09-08T18:15:00+00:00,7692.86,7694.11,7690.59,7692.86,1407
2026-09-08T18:30:00+00:00,7692.86,7693.11,7685.85,7690.36,1940
2026-09-08T18:45:00+00:00,7690.36,7691.34,7671.71,7682.84,7765
2026-09-08T19:00:00+00:00,7682.84,7686.11,7680.09,7684.34,3269
2026-09-08T19:15:00+00:00,7684.34,7685.86,7680.35,7685.35,2408
2026-09-08T19:30:00+00:00,7685.35,7686.86,7682.34,7683.61,2060
2026-09-08T19:45:00+00:00,7683.61,7684.35,7667.1,7675.6,7465
2026-09-08T20:00:00+00:00,7675.6,7677.55,7669.04,7673.54,1525
2026-09-08T20:15:00+00:00,7673.54,7674.29,7669.93,7670.31,794
2026-09-08T20:30:00+00:00,7670.31,7672.31,7668.79,7672.29,413
2026-09-08T20:45:00+00:00,7672.29,7673.81,7671.3,7673.15,305
2026-09-08T22:00:00+00:00,7673.15,7675.63,7671.86,7673.74,1160
2026-09-08T22:15:00+00:00,7673.74,7675.38,7672.86,7674.63,371
2026-09-08T22:30:00+00:00,7674.63,7675.36,7673.62,7674.63,278
2026-09-08T22:45:00+00:00,7674.63,7677.88,7674.62,7677.87,279
2026-09-08T23:00:00+00:00,7677.87,7677.88,7675.36,7675.61,267
2026-09-08T23:15:00+00:00,7675.61,7675.61,7672.86,7673.12,265
2026-09-08T23:30:00+00:00,7673.12,7673.63,7670.87,7671.36,317
2026-09-08T23:45:00+00:00,7671.36,7672.12,7668.11,7669.88,872
2026-09-09T00:00:00+00:00,7669.88,7679.38,7669.74,7676.37,2192
2026-09-09T00:15:00+00:00,7676.37,7676.37,7671.61,7673.36,1715
2026-09-09T00:30:00+00:00,7673.36,7675.38,7670.61,7675.11,1622
2026-09-09T00:45:00+00:00,7675.11,7677.88,7673.86,7677.61,1007
2026-09-09T01:00:00+00:00,7677.61,7679.38,7676.62,7678.62,1219
2026-09-09T01:15:00+00:00,7678.62,7682.36,7678.11,7681.12,778
2026-09-09T01:30:00+00:00,7681.12,7683.13,7679.87,7680.13,965
2026-09-09T01:45:00+00:00,7680.13,7682.13,7678.86,7680.38,692
2026-09-09T02:00:00+00:00,7680.38,7680.38,7680.38,7680.38,0
